Order_ID,Account_ID,Order_Date,Year,Month,Month_Name,Total_Quantity,Sales_USD,Rep_ID,Region_ID,Region_Name
1,1001,2015-10-06 00:00:00,2015,10,Oct,169,973.43,321500,1,Northeast
2,1001,2015-11-05 00:00:00,2015,11,Nov,288,1718.03,321500,1,Northeast
3,1001,2015-12-04 00:00:00,2015,12,Dec,132,776.18,321500,1,Northeast
4,1001,2016-01-02 00:00:00,2016,1,Jan,176,958.24,321500,1,Northeast
5,1001,2016-02-01 00:00:00,2016,2,Feb,165,983.49,321500,1,Northeast
6,1001,2016-03-02 00:00:00,2016,3,Mar,173,1067.25,321500,1,Northeast
7,1001,2016-04-01 00:00:00,2016,4,Apr,226,1498.2,321500,1,Northeast
8,1001,2016-05-01 00:00:00,2016,5,May,293,2052.2,321500,1,Northeast
9,1001,2016-05-31 00:00:00,2016,5,May,129,752.57,321500,1,Northeast
10,1001,2016-06-30 00:00:00,2016,6,Jun,148,878.56,321500,1,Northeast
11,1001,2016-07-30 00:00:00,2016,7,Jul,137,773.63,321500,1,Northeast
12,1001,2016-08-28 00:00:00,2016,8,Aug,196,1182.61,321500,1,Northeast
13,1001,2016-09-26 00:00:00,2016,9,Sep,158,951.14,321500,1,Northeast
14,1001,2016-10-26 00:00:00,2016,10,Oct,294,1993.58,321500,1,Northeast
15,1001,2016-11-25 00:00:00,2016,11,Nov,210,1283.12,321500,1,Northeast
16,1001,2016-12-24 00:00:00,2016,12,Dec,269,1719.28,321500,1,Northeast
17,1011,2016-12-21 00:00:00,2016,12,Dec,541,2734.59,321510,1,Northeast
18,1021,2015-10-12 00:00:00,2015,10,Oct,539,2747.11,321520,1,Northeast
19,1021,2015-11-11 00:00:00,2015,11,Nov,558,2936.92,321520,1,Northeast
20,1021,2015-12-11 00:00:00,2015,12,Dec,504,2580.69,321520,1,Northeast
21,1021,2016-01-10 00:00:00,2016,1,Jan,569,2945.73,321520,1,Northeast
22,1021,2016-02-09 00:00:00,2016,2,Feb,515,2608.02,321520,1,Northeast
23,1021,2016-03-10 00:00:00,2016,3,Mar,578,2944.24,321520,1,Northeast
24,1031,2016-12-25 00:00:00,2016,12,Dec,1363,7474.32,321530,1,Northeast
25,1041,2016-10-14 00:00:00,2016,10,Oct,395,2257.02,321540,1,Northeast
26,1041,2016-11-13 00:00:00,2016,11,Nov,329,1696.71,321540,1,Northeast
27,1041,2016-12-12 00:00:00,2016,12,Dec,212,1208.61,321540,1,Northeast
28,1051,2016-08-02 00:00:00,2016,8,Aug,589,3149.11,321550,1,Northeast
29,1051,2016-09-01 00:00:00,2016,9,Sep,542,2820.25,321550,1,Northeast
30,1051,2016-10-01 00:00:00,2016,10,Oct,487,2433.26,321550,1,Northeast
31,1051,2016-10-31 00:00:00,2016,10,Oct,595,3206.02,321550,1,Northeast
32,1051,2016-11-30 00:00:00,2016,11,Nov,508,2579.92,321550,1,Northeast
33,1051,2016-12-30 00:00:00,2016,12,Dec,497,2485.66,321550,1,Northeast
34,1061,2016-10-19 00:00:00,2016,10,Oct,365,2023.34,321560,1,Northeast
35,1061,2016-11-17 00:00:00,2016,11,Nov,269,1403.02,321560,1,Northeast
36,1061,2016-12-16 00:00:00,2016,12,Dec,330,1758.04,321560,1,Northeast
37,1071,2016-12-13 00:00:00,2016,12,Dec,853,4393.44,321570,1,Northeast
38,1081,2015-02-12 00:00:00,2015,2,Feb,367,2055.82,321580,1,Northeast
39,1081,2015-03-13 00:00:00,2015,3,Mar,334,1744.91,321580,1,Northeast
40,1081,2015-04-12 00:00:00,2015,4,Apr,333,1771.1,321580,1,Northeast
41,1081,2015-05-12 00:00:00,2015,5,May,322,1741.25,321580,1,Northeast
42,1081,2015-06-11 00:00:00,2015,6,Jun,389,2225.17,321580,1,Northeast
43,1081,2015-07-11 00:00:00,2015,7,Jul,524,2888.25,321580,1,Northeast
44,1081,2015-08-09 00:00:00,2015,8,Aug,330,1734.87,321580,1,Northeast
45,1081,2015-09-07 00:00:00,2015,9,Sep,343,1849.17,321580,1,Northeast
46,1081,2015-11-06 00:00:00,2015,11,Nov,375,2016.33,321580,1,Northeast
47,1081,2015-12-05 00:00:00,2015,12,Dec,349,1840.92,321580,1,Northeast
48,1081,2016-01-03 00:00:00,2016,1,Jan,542,3405.62,321580,1,Northeast
49,1081,2016-02-01 00:00:00,2016,2,Feb,349,1884.76,321580,1,Northeast
50,1081,2016-03-02 00:00:00,2016,3,Mar,341,1898.62,321580,1,Northeast
51,1081,2016-04-30 00:00:00,2016,4,Apr,542,2816.53,321580,1,Northeast
52,1081,2016-05-30 00:00:00,2016,5,May,376,2152.01,321580,1,Northeast
53,1081,2016-06-28 00:00:00,2016,6,Jun,374,1994.49,321580,1,Northeast
54,1081,2016-07-28 00:00:00,2016,7,Jul,375,2065.72,321580,1,Northeast
55,1081,2016-08-26 00:00:00,2016,8,Aug,327,1788.13,321580,1,Northeast
56,1081,2016-09-24 00:00:00,2016,9,Sep,465,2748.98,321580,1,Northeast
57,1081,2016-10-24 00:00:00,2016,10,Oct,331,1721.69,321580,1,Northeast
58,1081,2016-11-23 00:00:00,2016,11,Nov,379,2016.31,321580,1,Northeast
59,1081,2016-12-23 00:00:00,2016,12,Dec,322,1679.28,321580,1,Northeast
60,1091,2014-08-15 00:00:00,2014,8,Aug,169,902.78,321590,1,Northeast
61,1091,2014-09-13 00:00:00,2014,9,Sep,194,1088.14,321590,1,Northeast
62,1091,2014-10-13 00:00:00,2014,10,Oct,345,2220.94,321590,1,Northeast
63,1091,2014-11-12 00:00:00,2014,11,Nov,173,941.48,321590,1,Northeast
64,1091,2014-12-11 00:00:00,2014,12,Dec,299,1595.2,321590,1,Northeast
65,1091,2015-01-09 00:00:00,2015,1,Jan,255,1597.91,321590,1,Northeast
66,1091,2015-02-08 00:00:00,2015,2,Feb,156,844.74,321590,1,Northeast
67,1091,2015-04-07 00:00:00,2015,4,Apr,95,474.05,321590,1,Northeast
68,1091,2015-06-05 00:00:00,2015,6,Jun,161,837.82,321590,1,Northeast
69,1091,2015-07-05 00:00:00,2015,7,Jul,154,796.63,321590,1,Northeast
70,1091,2015-08-03 00:00:00,2015,8,Aug,127,646.23,321590,1,Northeast
71,1091,2015-09-01 00:00:00,2015,9,Sep,190,1061.33,321590,1,Northeast
72,1091,2015-10-01 00:00:00,2015,10,Oct,188,1000.62,321590,1,Northeast
73,1091,2015-10-31 00:00:00,2015,10,Oct,143,738.61,321590,1,Northeast
74,1091,2015-11-29 00:00:00,2015,11,Nov,175,905.75,321590,1,Northeast
75,1091,2015-12-28 00:00:00,2015,12,Dec,171,931.5,321590,1,Northeast
76,1091,2016-01-26 00:00:00,2016,1,Jan,222,1323.75,321590,1,Northeast
77,1091,2016-02-25 00:00:00,2016,2,Feb,168,910.29,321590,1,Northeast
78,1091,2016-03-25 00:00:00,2016,3,Mar,132,761.97,321590,1,Northeast
79,1091,2016-04-24 00:00:00,2016,4,Apr,160,845.35,321590,1,Northeast
80,1091,2016-05-23 00:00:00,2016,5,May,167,867.76,321590,1,Northeast
81,1091,2016-06-22 00:00:00,2016,6,Jun,157,803.43,321590,1,Northeast
82,1091,2016-07-21 00:00:00,2016,7,Jul,198,1144.52,321590,1,Northeast
83,1091,2016-08-20 00:00:00,2016,8,Aug,155,822.23,321590,1,Northeast
84,1091,2016-09-18 00:00:00,2016,9,Sep,187,980.08,321590,1,Northeast
85,1091,2016-10-17 00:00:00,2016,10,Oct,156,803.44,321590,1,Northeast
86,1091,2016-11-15 00:00:00,2016,11,Nov,261,1323.04,321590,1,Northeast
87,1091,2016-12-14 00:00:00,2016,12,Dec,166,869.03,321590,1,Northeast
88,1101,2015-06-24 00:00:00,2015,6,Jun,538,3585.33,321600,1,Northeast
89,1101,2015-08-22 00:00:00,2015,8,Aug,214,1177.33,321600,1,Northeast
90,1101,2015-09-21 00:00:00,2015,9,Sep,139,693.61,321600,1,Northeast
91,1101,2015-10-21 00:00:00,2015,10,Oct,165,876.56,321600,1,Northeast
92,1101,2015-11-21 00:00:00,2015,11,Nov,194,1086.98,321600,1,Northeast
93,1101,2015-12-19 00:00:00,2015,12,Dec,212,1194.14,321600,1,Northeast
94,1101,2016-01-17 00:00:00,2016,1,Jan,166,874.62,321600,1,Northeast
95,1101,2016-02-15 00:00:00,2016,2,Feb,171,862.05,321600,1,Northeast
96,1101,2016-03-15 00:00:00,2016,3,Mar,38,259.7,321600,1,Northeast
97,1101,2016-04-14 00:00:00,2016,4,Apr,176,918.24,321600,1,Northeast
98,1101,2016-05-13 00:00:00,2016,5,May,201,1111.85,321600,1,Northeast
99,1101,2016-06-12 00:00:00,2016,6,Jun,162,845.94,321600,1,Northeast
100,1111,2015-11-15 00:00:00,2015,11,Nov,401,2265.48,321610,1,Northeast
101,1111,2015-12-15 00:00:00,2015,12,Dec,390,2048.6,321610,1,Northeast
102,1121,2015-08-26 00:00:00,2015,8,Aug,337,1798.56,321620,1,Northeast
103,1121,2015-09-25 00:00:00,2015,9,Sep,362,1966.38,321620,1,Northeast
104,1121,2015-10-24 00:00:00,2015,10,Oct,397,2245.54,321620,1,Northeast
105,1121,2015-11-22 00:00:00,2015,11,Nov,373,1972.57,321620,1,Northeast
106,1121,2015-12-21 00:00:00,2015,12,Dec,307,1582.01,321620,1,Northeast
107,1121,2016-01-20 00:00:00,2016,1,Jan,260,1461.26,321620,1,Northeast
108,1121,2016-02-19 00:00:00,2016,2,Feb,339,1833.52,321620,1,Northeast
109,1121,2016-03-19 00:00:00,2016,3,Mar,320,1661.8,321620,1,Northeast
110,1121,2016-04-18 00:00:00,2016,4,Apr,319,1657.54,321620,1,Northeast
111,1121,2016-05-17 00:00:00,2016,5,May,370,2027.68,321620,1,Northeast
112,1121,2016-07-15 00:00:00,2016,7,Jul,326,1714.93,321620,1,Northeast
113,1121,2016-08-13 00:00:00,2016,8,Aug,316,1611.84,321620,1,Northeast
114,1121,2016-09-11 00:00:00,2016,9,Sep,324,1664.26,321620,1,Northeast
115,1121,2016-10-10 00:00:00,2016,10,Oct,466,2816.63,321620,1,Northeast
116,1121,2016-11-08 00:00:00,2016,11,Nov,364,2020.97,321620,1,Northeast
117,1121,2016-12-07 00:00:00,2016,12,Dec,368,1959.49,321620,1,Northeast
118,1131,2016-05-13 00:00:00,2016,5,May,417,2200.99,321630,1,Northeast
119,1131,2016-06-12 00:00:00,2016,6,Jun,53,411.46,321630,1,Northeast
120,1131,2016-07-12 00:00:00,2016,7,Jul,350,1895.36,321630,1,Northeast
121,1131,2016-08-10 00:00:00,2016,8,Aug,407,2365.93,321630,1,Northeast
122,1131,2016-09-09 00:00:00,2016,9,Sep,331,1704.19,321630,1,Northeast
123,1131,2016-10-09 00:00:00,2016,10,Oct,365,1990.29,321630,1,Northeast
124,1131,2016-11-07 00:00:00,2016,11,Nov,0,0,321630,1,Northeast
125,1131,2016-12-07 00:00:00,2016,12,Dec,331,1721.69,321630,1,Northeast
126,1141,2016-09-24 00:00:00,2016,9,Sep,193,963.07,321640,1,Northeast
127,1141,2016-10-23 00:00:00,2016,10,Oct,208,1144.34,321640,1,Northeast
128,1141,2016-11-22 00:00:00,2016,11,Nov,157,805.34,321640,1,Northeast
129,1141,2016-12-21 00:00:00,2016,12,Dec,3345,26055.46,321640,1,Northeast
130,1151,2016-12-30 00:00:00,2016,12,Dec,559,2964.69,321650,1,Northeast
131,1161,2016-03-06 00:00:00,2016,3,Mar,414,2194.05,321660,1,Northeast
132,1161,2016-04-05 00:00:00,2016,4,Apr,536,2724.68,321660,1,Northeast
133,1161,2016-05-05 00:00:00,2016,5,May,532,2747.18,321660,1,Northeast
134,1161,2016-06-04 00:00:00,2016,6,Jun,618,3400.18,321660,1,Northeast
135,1161,2016-07-03 00:00:00,2016,7,Jul,524,2655.45,321660,1,Northeast
136,1161,2016-08-01 00:00:00,2016,8,Aug,523,2697.41,321660,1,Northeast
137,1161,2016-08-31 00:00:00,2016,8,Aug,487,2519.64,321660,1,Northeast
138,1161,2016-09-29 00:00:00,2016,9,Sep,454,2356.19,321660,1,Northeast
139,1161,2016-10-28 00:00:00,2016,10,Oct,508,2552.42,321660,1,Northeast
140,1161,2016-11-26 00:00:00,2016,11,Nov,459,2380.49,321660,1,Northeast
141,1161,2016-12-25 00:00:00,2016,12,Dec,522,2641.06,321660,1,Northeast
142,1171,2016-08-24 00:00:00,2016,8,Aug,377,2001.92,321670,1,Northeast
143,1171,2016-09-23 00:00:00,2016,9,Sep,364,2022.94,321670,1,Northeast
144,1171,2016-10-22 00:00:00,2016,10,Oct,336,1813.02,321670,1,Northeast
145,1171,2016-11-20 00:00:00,2016,11,Nov,326,1780.62,321670,1,Northeast
146,1171,2016-12-20 00:00:00,2016,12,Dec,354,2048.65,321670,1,Northeast
147,1181,2013-12-17 00:00:00,2013,12,Dec,339,1691.61,321680,1,Northeast
148,1181,2014-01-16 00:00:00,2014,1,Jan,539,2776.62,321680,1,Northeast
149,1181,2014-02-14 00:00:00,2014,2,Feb,509,2606.88,321680,1,Northeast
150,1181,2014-03-16 00:00:00,2014,3,Mar,510,2626.85,321680,1,Northeast
151,1181,2014-04-14 00:00:00,2014,4,Apr,604,3323.83,321680,1,Northeast
152,1181,2014-05-14 00:00:00,2014,5,May,558,2919.42,321680,1,Northeast
153,1181,2014-06-13 00:00:00,2014,6,Jun,517,2597.33,321680,1,Northeast
154,1181,2014-07-13 00:00:00,2014,7,Jul,493,2460.07,321680,1,Northeast
155,1181,2014-08-12 00:00:00,2014,8,Aug,511,2606.23,321680,1,Northeast
156,1181,2014-09-10 00:00:00,2014,9,Sep,520,2642.3,321680,1,Northeast
157,1181,2014-10-10 00:00:00,2014,10,Oct,566,3008.2,321680,1,Northeast
158,1181,2014-11-09 00:00:00,2014,11,Nov,722,3644.67,321680,1,Northeast
159,1181,2014-12-09 00:00:00,2014,12,Dec,480,2407.72,321680,1,Northeast
160,1181,2015-01-08 00:00:00,2015,1,Jan,478,2391.48,321680,1,Northeast
161,1181,2015-02-06 00:00:00,2015,2,Feb,524,2657.32,321680,1,Northeast
162,1181,2015-03-08 00:00:00,2015,3,Mar,519,2699.36,321680,1,Northeast
163,1181,2015-04-06 00:00:00,2015,4,Apr,499,2520.68,321680,1,Northeast
164,1181,2015-05-06 00:00:00,2015,5,May,529,2692.21,321680,1,Northeast
165,1181,2015-06-05 00:00:00,2015,6,Jun,522,2632.28,321680,1,Northeast
166,1181,2015-07-04 00:00:00,2015,7,Jul,491,2450.09,321680,1,Northeast
167,1181,2015-08-03 00:00:00,2015,8,Aug,508,2559.96,321680,1,Northeast
168,1181,2015-09-01 00:00:00,2015,9,Sep,519,2619.81,321680,1,Northeast
169,1181,2015-10-01 00:00:00,2015,10,Oct,530,2793.58,321680,1,Northeast
170,1181,2015-10-31 00:00:00,2015,10,Oct,543,2729.57,321680,1,Northeast
171,1181,2015-11-29 00:00:00,2015,11,Nov,494,2526.95,321680,1,Northeast
172,1181,2015-12-28 00:00:00,2015,12,Dec,493,2555.15,321680,1,Northeast
173,1181,2016-01-26 00:00:00,2016,1,Jan,500,2505,321680,1,Northeast
174,1181,2016-02-25 00:00:00,2016,2,Feb,514,2614.88,321680,1,Northeast
175,1181,2016-03-25 00:00:00,2016,3,Mar,479,2415.25,321680,1,Northeast
176,1181,2016-04-24 00:00:00,2016,4,Apr,2250,11390.06,321680,1,Northeast
177,1181,2016-05-23 00:00:00,2016,5,May,533,2707.17,321680,1,Northeast
178,1181,2016-06-22 00:00:00,2016,6,Jun,496,2485.04,321680,1,Northeast
179,1181,2016-07-21 00:00:00,2016,7,Jul,530,2735.35,321680,1,Northeast
180,1181,2016-08-19 00:00:00,2016,8,Aug,540,2799.09,321680,1,Northeast
181,1181,2016-09-18 00:00:00,2016,9,Sep,514,2589.86,321680,1,Northeast
182,1181,2016-10-18 00:00:00,2016,10,Oct,541,2797.19,321680,1,Northeast
183,1181,2016-11-17 00:00:00,2016,11,Nov,598,3254.4,321680,1,Northeast
184,1181,2016-12-17 00:00:00,2016,12,Dec,450,2314.36,321680,1,Northeast
185,1191,2016-01-24 00:00:00,2016,1,Jan,519,2643.02,321690,1,Northeast
186,1191,2016-02-23 00:00:00,2016,2,Feb,520,2693.01,321690,1,Northeast
187,1191,2016-03-23 00:00:00,2016,3,Mar,619,3423.81,321690,1,Northeast
188,1191,2016-04-22 00:00:00,2016,4,Apr,531,2741.62,321690,1,Northeast
189,1191,2016-05-21 00:00:00,2016,5,May,503,2519.36,321690,1,Northeast
190,1191,2016-06-20 00:00:00,2016,6,Jun,508,2555.55,321690,1,Northeast
191,1191,2016-07-19 00:00:00,2016,7,Jul,518,2622.38,321690,1,Northeast
192,1191,2016-08-18 00:00:00,2016,8,Aug,526,2699.74,321690,1,Northeast
193,1191,2016-09-17 00:00:00,2016,9,Sep,596,3141.54,321690,1,Northeast
194,1191,2016-10-16 00:00:00,2016,10,Oct,481,2431.49,321690,1,Northeast
195,1191,2016-11-15 00:00:00,2016,11,Nov,499,2505.66,321690,1,Northeast
196,1191,2016-12-15 00:00:00,2016,12,Dec,195,1475.67,321690,1,Northeast
197,1201,2016-11-12 00:00:00,2016,11,Nov,491,2450.09,321700,1,Northeast
198,1201,2016-12-11 00:00:00,2016,12,Dec,521,2634.22,321700,1,Northeast
199,1211,2016-11-22 00:00:00,2016,11,Nov,311,1696.38,321500,1,Northeast
200,1211,2016-12-21 00:00:00,2016,12,Dec,343,1797.87,321500,1,Northeast
201,1221,2015-01-20 00:00:00,2015,1,Jan,505,2554.95,321510,1,Northeast
202,1221,2015-02-18 00:00:00,2015,2,Feb,636,3499.16,321510,1,Northeast
203,1221,2015-03-19 00:00:00,2015,3,Mar,519,2624.24,321510,1,Northeast
204,1221,2015-04-17 00:00:00,2015,4,Apr,539,2764.73,321510,1,Northeast
205,1221,2015-05-16 00:00:00,2015,5,May,368,1927.66,321510,1,Northeast
206,1221,2015-06-15 00:00:00,2015,6,Jun,565,2919.51,321510,1,Northeast
207,1221,2015-07-15 00:00:00,2015,7,Jul,535,2776.07,321510,1,Northeast
208,1221,2015-08-14 00:00:00,2015,8,Aug,487,2502.12,321510,1,Northeast
209,1221,2015-09-12 00:00:00,2015,9,Sep,541,2730.89,321510,1,Northeast
210,1221,2015-10-11 00:00:00,2015,10,Oct,526,2723.6,321510,1,Northeast
211,1221,2015-11-09 00:00:00,2015,11,Nov,514,2618.07,321510,1,Northeast
212,1221,2015-12-08 00:00:00,2015,12,Dec,583,2909.17,321510,1,Northeast
213,1221,2016-01-06 00:00:00,2016,1,Jan,683,3476.38,321510,1,Northeast
214,1221,2016-02-04 00:00:00,2016,2,Feb,1851,12664.72,321510,1,Northeast
215,1221,2016-03-04 00:00:00,2016,3,Mar,515,2579.24,321510,1,Northeast
216,1221,2016-04-03 00:00:00,2016,4,Apr,562,2854.38,321510,1,Northeast
217,1221,2016-05-03 00:00:00,2016,5,May,535,2779.2,321510,1,Northeast
218,1221,2016-06-01 00:00:00,2016,6,Jun,637,3582.32,321510,1,Northeast
219,1221,2016-06-30 00:00:00,2016,6,Jun,574,3108.4,321510,1,Northeast
220,1221,2016-07-29 00:00:00,2016,7,Jul,510,2585.57,321510,1,Northeast
221,1221,2016-08-27 00:00:00,2016,8,Aug,510,2544.9,321510,1,Northeast
222,1221,2016-09-26 00:00:00,2016,9,Sep,522,2679.21,321510,1,Northeast
223,1221,2016-10-26 00:00:00,2016,10,Oct,504,2539.96,321510,1,Northeast
224,1221,2016-11-25 00:00:00,2016,11,Nov,622,3410.69,321510,1,Northeast
225,1221,2016-12-24 00:00:00,2016,12,Dec,558,2928.99,321510,1,Northeast
226,1231,2016-02-26 00:00:00,2016,2,Feb,492,2472.58,321520,1,Northeast
227,1231,2016-03-27 00:00:00,2016,3,Mar,756,3882.5,321520,1,Northeast
228,1231,2016-04-26 00:00:00,2016,4,Apr,538,2729.03,321520,1,Northeast
229,1231,2016-05-26 00:00:00,2016,5,May,511,2584.91,321520,1,Northeast
230,1231,2016-07-24 00:00:00,2016,7,Jul,532,2729.8,321520,1,Northeast
231,1231,2016-08-23 00:00:00,2016,8,Aug,607,3364.41,321520,1,Northeast
232,1231,2016-09-23 00:00:00,2016,9,Sep,531,2744.16,321520,1,Northeast
233,1231,2016-10-21 00:00:00,2016,10,Oct,489,2470.74,321520,1,Northeast
234,1231,2016-11-20 00:00:00,2016,11,Nov,1860,13522.55,321520,1,Northeast
235,1231,2016-12-20 00:00:00,2016,12,Dec,502,2504.98,321520,1,Northeast
236,1241,2016-06-14 00:00:00,2016,6,Jun,156,838.44,321530,1,Northeast
237,1241,2016-07-13 00:00:00,2016,7,Jul,272,1389.78,321530,1,Northeast
238,1241,2016-08-11 00:00:00,2016,8,Aug,190,1050.62,321530,1,Northeast
239,1241,2016-09-09 00:00:00,2016,9,Sep,178,920.72,321530,1,Northeast
240,1241,2016-10-08 00:00:00,2016,10,Oct,258,1627.29,321530,1,Northeast
241,1241,2016-11-07 00:00:00,2016,11,Nov,173,912.05,321530,1,Northeast
242,1241,2016-12-06 00:00:00,2016,12,Dec,170,954.72,321530,1,Northeast
243,1251,2013-12-11 00:00:00,2013,12,Dec,159,997.33,321540,1,Northeast
244,1251,2014-01-09 00:00:00,2014,1,Jan,190,1127,321540,1,Northeast
245,1251,2014-02-07 00:00:00,2014,2,Feb,143,851.82,321540,1,Northeast
246,1251,2014-03-08 00:00:00,2014,3,Mar,144,878.68,321540,1,Northeast
247,1251,2014-04-07 00:00:00,2014,4,Apr,149,876.11,321540,1,Northeast
248,1251,2014-05-07 00:00:00,2014,5,May,198,1300.66,321540,1,Northeast
249,1251,2014-06-06 00:00:00,2014,6,Jun,235,1384.7,321540,1,Northeast
250,1251,2014-07-05 00:00:00,2014,7,Jul,170,1049.76,321540,1,Northeast
251,1251,2014-08-04 00:00:00,2014,8,Aug,145,869.91,321540,1,Northeast
252,1251,2014-09-03 00:00:00,2014,9,Sep,173,1059.67,321540,1,Northeast
253,1251,2014-10-02 00:00:00,2014,10,Oct,140,814.29,321540,1,Northeast
254,1251,2014-11-01 00:00:00,2014,11,Nov,17,138.04,321540,1,Northeast
255,1251,2014-12-01 00:00:00,2014,12,Dec,146,856.16,321540,1,Northeast
256,1251,2014-12-30 00:00:00,2014,12,Dec,400,2163.56,321540,1,Northeast
257,1251,2015-01-28 00:00:00,2015,1,Jan,237,1480.47,321540,1,Northeast
258,1261,2014-11-12 00:00:00,2014,11,Nov,372,2010.12,321550,1,Northeast
259,1261,2014-12-11 00:00:00,2014,12,Dec,353,1914.72,321550,1,Northeast
260,1261,2015-01-09 00:00:00,2015,1,Jan,530,2836.12,321550,1,Northeast
261,1261,2015-02-07 00:00:00,2015,2,Feb,321,1639.35,321550,1,Northeast
262,1261,2015-03-08 00:00:00,2015,3,Mar,878,5905.77,321550,1,Northeast
263,1261,2015-04-07 00:00:00,2015,4,Apr,345,1810.33,321550,1,Northeast
264,1261,2015-05-06 00:00:00,2015,5,May,352,1851.48,321550,1,Northeast
265,1261,2015-06-04 00:00:00,2015,6,Jun,436,2387.08,321550,1,Northeast
266,1261,2015-07-03 00:00:00,2015,7,Jul,337,1757.28,321550,1,Northeast
267,1261,2015-08-02 00:00:00,2015,8,Aug,383,2108.81,321550,1,Northeast
268,1261,2015-08-31 00:00:00,2015,8,Aug,330,1869.2,321550,1,Northeast
269,1261,2015-09-29 00:00:00,2015,9,Sep,307,1554.43,321550,1,Northeast
270,1261,2015-10-29 00:00:00,2015,10,Oct,400,2258.5,321550,1,Northeast
271,1261,2015-11-27 00:00:00,2015,11,Nov,359,1974.05,321550,1,Northeast
272,1261,2015-12-27 00:00:00,2015,12,Dec,359,1948.44,321550,1,Northeast
273,1261,2016-01-26 00:00:00,2016,1,Jan,331,1714.82,321550,1,Northeast
274,1261,2016-02-25 00:00:00,2016,2,Feb,100,644.75,321550,1,Northeast
275,1261,2016-03-26 00:00:00,2016,3,Mar,306,1681.39,321550,1,Northeast
276,1261,2016-04-24 00:00:00,2016,4,Apr,405,2276.09,321550,1,Northeast
277,1261,2016-05-23 00:00:00,2016,5,May,346,1906.15,321550,1,Northeast
278,1261,2016-06-22 00:00:00,2016,6,Jun,356,1924.69,321550,1,Northeast
279,1261,2016-07-21 00:00:00,2016,7,Jul,383,2048.67,321550,1,Northeast
280,1261,2016-08-19 00:00:00,2016,8,Aug,294,1510.88,321550,1,Northeast
281,1261,2016-09-18 00:00:00,2016,9,Sep,318,1630.64,321550,1,Northeast
282,1261,2016-10-17 00:00:00,2016,10,Oct,405,2212.86,321550,1,Northeast
283,1261,2016-11-15 00:00:00,2016,11,Nov,337,1833.74,321550,1,Northeast
284,1261,2016-12-15 00:00:00,2016,12,Dec,389,2218.77,321550,1,Northeast
285,1271,2015-10-28 00:00:00,2015,10,Oct,139,830.05,321560,1,Northeast
286,1271,2015-11-26 00:00:00,2015,11,Nov,179,1115.36,321560,1,Northeast
287,1281,2013-12-05 00:00:00,2013,12,Dec,565,3001.85,321570,1,Northeast
288,1281,2014-01-03 00:00:00,2014,1,Jan,505,2554.95,321570,1,Northeast
289,1281,2014-02-02 00:00:00,2014,2,Feb,747,4400.46,321570,1,Northeast
290,1281,2014-03-03 00:00:00,2014,3,Mar,864,5338.72,321570,1,Northeast
291,1281,2014-04-01 00:00:00,2014,4,Apr,271,1405.5,321570,1,Northeast
292,1281,2014-05-01 00:00:00,2014,5,May,602,3229,321570,1,Northeast
293,1281,2014-05-30 00:00:00,2014,5,May,530,2692.2,321570,1,Northeast
294,1281,2014-06-29 00:00:00,2014,6,Jun,455,2287.95,321570,1,Northeast
295,1281,2014-07-28 00:00:00,2014,7,Jul,523,2652.94,321570,1,Northeast
296,1281,2014-08-26 00:00:00,2014,8,Aug,645,3218.55,321570,1,Northeast
297,1281,2014-09-25 00:00:00,2014,9,Sep,1042,6925.43,321570,1,Northeast
298,1281,2014-10-25 00:00:00,2014,10,Oct,497,2495.03,321570,1,Northeast
299,1281,2014-11-24 00:00:00,2014,11,Nov,478,2410.22,321570,1,Northeast
300,1281,2014-12-24 00:00:00,2014,12,Dec,688,3490.62,321570,1,Northeast
301,1281,2015-01-23 00:00:00,2015,1,Jan,883,5342.55,321570,1,Northeast
302,1281,2015-02-22 00:00:00,2015,2,Feb,492,2539.59,321570,1,Northeast
303,1281,2015-03-24 00:00:00,2015,3,Mar,517,2690.56,321570,1,Northeast
304,1281,2015-04-23 00:00:00,2015,4,Apr,527,2697.23,321570,1,Northeast
305,1281,2015-05-22 00:00:00,2015,5,May,582,3198.93,321570,1,Northeast
306,1281,2015-06-20 00:00:00,2015,6,Jun,492,2458.21,321570,1,Northeast
307,1281,2015-07-20 00:00:00,2015,7,Jul,589,3216.4,321570,1,Northeast
308,1281,2015-08-19 00:00:00,2015,8,Aug,485,2420.15,321570,1,Northeast
309,1281,2015-09-18 00:00:00,2015,9,Sep,491,2485.09,321570,1,Northeast
310,1281,2015-10-18 00:00:00,2015,10,Oct,751,4445.73,321570,1,Northeast
311,1281,2015-11-16 00:00:00,2015,11,Nov,503,2591.27,321570,1,Northeast
312,1281,2015-12-16 00:00:00,2015,12,Dec,591,3166.85,321570,1,Northeast
313,1281,2016-01-15 00:00:00,2016,1,Jan,535,2808.55,321570,1,Northeast
314,1281,2016-02-13 00:00:00,2016,2,Feb,480,2407.7,321570,1,Northeast
315,1281,2016-03-14 00:00:00,2016,3,Mar,529,2677.27,321570,1,Northeast
316,1281,2016-04-13 00:00:00,2016,4,Apr,501,2499.99,321570,1,Northeast
317,1281,2016-05-13 00:00:00,2016,5,May,575,3182.25,321570,1,Northeast
318,1281,2016-06-12 00:00:00,2016,6,Jun,501,2514.99,321570,1,Northeast
319,1281,2016-07-12 00:00:00,2016,7,Jul,619,3264.09,321570,1,Northeast
320,1281,2016-08-11 00:00:00,2016,8,Aug,5078,29699.28,321570,1,Northeast
321,1281,2016-09-10 00:00:00,2016,9,Sep,517,2666.84,321570,1,Northeast
322,1281,2016-10-09 00:00:00,2016,10,Oct,725,4363.14,321570,1,Northeast
323,1281,2016-11-08 00:00:00,2016,11,Nov,522,2702.28,321570,1,Northeast
324,1281,2016-12-08 00:00:00,2016,12,Dec,538,2766,321570,1,Northeast
325,1291,2015-05-06 00:00:00,2015,5,May,1105,5650.29,321580,1,Northeast
326,1291,2015-06-04 00:00:00,2015,6,Jun,392,2221.85,321580,1,Northeast
327,1291,2015-07-04 00:00:00,2015,7,Jul,359,1954.09,321580,1,Northeast
328,1291,2015-08-03 00:00:00,2015,8,Aug,40,312.83,321580,1,Northeast
329,1291,2015-09-01 00:00:00,2015,9,Sep,330,1987.22,321580,1,Northeast
330,1291,2015-10-01 00:00:00,2015,10,Oct,339,1761.61,321580,1,Northeast
331,1291,2015-10-30 00:00:00,2015,10,Oct,362,1951.38,321580,1,Northeast
332,1291,2015-11-28 00:00:00,2015,11,Nov,341,1837.36,321580,1,Northeast
333,1291,2015-12-27 00:00:00,2015,12,Dec,328,1750.54,321580,1,Northeast
334,1291,2016-01-26 00:00:00,2016,1,Jan,397,2183.69,321580,1,Northeast
335,1291,2016-02-25 00:00:00,2016,2,Feb,369,2027.69,321580,1,Northeast
336,1291,2016-03-25 00:00:00,2016,3,Mar,407,2315.36,321580,1,Northeast
337,1291,2016-04-23 00:00:00,2016,4,Apr,309,1588.23,321580,1,Northeast
338,1291,2016-05-22 00:00:00,2016,5,May,203,1070.47,321580,1,Northeast
339,1291,2016-06-20 00:00:00,2016,6,Jun,363,1925.82,321580,1,Northeast
340,1291,2016-07-19 00:00:00,2016,7,Jul,324,1688.04,321580,1,Northeast
341,1291,2016-08-18 00:00:00,2016,8,Aug,372,2036.32,321580,1,Northeast
342,1291,2016-09-17 00:00:00,2016,9,Sep,333,1784.31,321580,1,Northeast
343,1291,2016-10-17 00:00:00,2016,10,Oct,350,1901.64,321580,1,Northeast
344,1291,2016-11-16 00:00:00,2016,11,Nov,352,1878.39,321580,1,Northeast
345,1291,2016-12-15 00:00:00,2016,12,Dec,373,2124.09,321580,1,Northeast
346,1301,2013-12-08 00:00:00,2013,12,Dec,206,1350.6,321590,1,Northeast
347,1301,2014-01-07 00:00:00,2014,1,Jan,241,1311.98,321590,1,Northeast
348,1301,2014-02-05 00:00:00,2014,2,Feb,254,1453.25,321590,1,Northeast
349,1301,2014-03-06 00:00:00,2014,3,Mar,165,976.62,321590,1,Northeast
350,1301,2014-04-05 00:00:00,2014,4,Apr,157,939.83,321590,1,Northeast
351,1301,2014-05-04 00:00:00,2014,5,May,163,1009.79,321590,1,Northeast
352,1301,2014-06-02 00:00:00,2014,6,Jun,191,1070.61,321590,1,Northeast
353,1301,2014-07-01 00:00:00,2014,7,Jul,135,832.57,321590,1,Northeast
354,1301,2014-07-31 00:00:00,2014,7,Jul,208,1257.45,321590,1,Northeast
355,1301,2014-08-30 00:00:00,2014,8,Aug,125,940.03,321590,1,Northeast
356,1301,2014-09-29 00:00:00,2014,9,Sep,178,1118.5,321590,1,Northeast
357,1301,2014-10-28 00:00:00,2014,10,Oct,158,904.23,321590,1,Northeast
358,1301,2014-12-26 00:00:00,2014,12,Dec,164,1027.32,321590,1,Northeast
359,1301,2015-01-24 00:00:00,2015,1,Jan,195,1247.62,321590,1,Northeast
360,1301,2015-02-22 00:00:00,2015,2,Feb,133,800.66,321590,1,Northeast
361,1301,2015-03-23 00:00:00,2015,3,Mar,175,1026.48,321590,1,Northeast
362,1301,2015-04-21 00:00:00,2015,4,Apr,11509,93106.81,321590,1,Northeast
363,1301,2015-05-21 00:00:00,2015,5,May,155,868.45,321590,1,Northeast
364,1301,2015-06-20 00:00:00,2015,6,Jun,111,663.34,321590,1,Northeast
365,1301,2015-07-20 00:00:00,2015,7,Jul,199,1268.82,321590,1,Northeast
366,1301,2015-08-19 00:00:00,2015,8,Aug,215,1260.51,321590,1,Northeast
367,1301,2015-09-17 00:00:00,2015,9,Sep,133,756.86,321590,1,Northeast
368,1301,2015-10-16 00:00:00,2015,10,Oct,143,828.02,321590,1,Northeast
369,1301,2015-11-14 00:00:00,2015,11,Nov,127,835.92,321590,1,Northeast
370,1301,2016-01-11 00:00:00,2016,1,Jan,179,1157.76,321590,1,Northeast
371,1301,2016-02-09 00:00:00,2016,2,Feb,102,553.98,321590,1,Northeast
372,1301,2016-03-10 00:00:00,2016,3,Mar,126,672.56,321590,1,Northeast
373,1301,2016-04-08 00:00:00,2016,4,Apr,194,1163.89,321590,1,Northeast
374,1301,2016-05-07 00:00:00,2016,5,May,135,791.27,321590,1,Northeast
375,1301,2016-06-05 00:00:00,2016,6,Jun,112,717.7,321590,1,Northeast
376,1301,2016-07-04 00:00:00,2016,7,Jul,151,882.92,321590,1,Northeast
377,1301,2016-08-02 00:00:00,2016,8,Aug,140,833.76,321590,1,Northeast
378,1301,2016-09-01 00:00:00,2016,9,Sep,198,1184.38,321590,1,Northeast
379,1301,2016-10-02 00:00:00,2016,10,Oct,178,1130.23,321590,1,Northeast
380,1301,2016-10-31 00:00:00,2016,10,Oct,136,778.8,321590,1,Northeast
381,1301,2016-11-29 00:00:00,2016,11,Nov,268,1762.9,321590,1,Northeast
382,1301,2016-12-29 00:00:00,2016,12,Dec,147,898.69,321590,1,Northeast
383,1311,2016-07-07 00:00:00,2016,7,Jul,305,1540.73,321600,1,Northeast
384,1311,2016-08-06 00:00:00,2016,8,Aug,436,2383.16,321600,1,Northeast
385,1311,2016-09-05 00:00:00,2016,9,Sep,79,619.43,321600,1,Northeast
386,1311,2016-10-04 00:00:00,2016,10,Oct,323,1709.35,321600,1,Northeast
387,1311,2016-11-03 00:00:00,2016,11,Nov,309,1768.94,321600,1,Northeast
388,1311,2016-12-02 00:00:00,2016,12,Dec,364,2014.04,321600,1,Northeast
389,1311,2017-01-01 00:00:00,2017,1,Jan,339,1853.62,321600,1,Northeast
390,1321,2015-12-15 00:00:00,2015,12,Dec,514,2612.36,321610,1,Northeast
391,1321,2016-01-13 00:00:00,2016,1,Jan,495,2507.55,321610,1,Northeast
392,1321,2016-02-12 00:00:00,2016,2,Feb,514,2639.29,321610,1,Northeast
393,1321,2016-03-12 00:00:00,2016,3,Mar,522,2623.56,321610,1,Northeast
394,1321,2016-04-10 00:00:00,2016,4,Apr,542,2808.38,321610,1,Northeast
395,1321,2016-05-10 00:00:00,2016,5,May,526,2711.1,321610,1,Northeast
396,1321,2016-06-09 00:00:00,2016,6,Jun,501,2521.9,321610,1,Northeast
397,1321,2016-07-08 00:00:00,2016,7,Jul,486,2466.4,321610,1,Northeast
398,1321,2016-08-07 00:00:00,2016,8,Aug,542,2779.58,321610,1,Northeast
399,1321,2016-09-05 00:00:00,2016,9,Sep,491,2450.09,321610,1,Northeast
400,1321,2016-10-05 00:00:00,2016,10,Oct,1149,5841.78,321610,1,Northeast
401,1321,2016-11-03 00:00:00,2016,11,Nov,530,2721.63,321610,1,Northeast
402,1321,2016-12-03 00:00:00,2016,12,Dec,502,2504.98,321610,1,Northeast
403,1321,2017-01-01 00:00:00,2017,1,Jan,528,2677.89,321610,1,Northeast
404,1331,2016-08-18 00:00:00,2016,8,Aug,120,689.57,321620,1,Northeast
405,1331,2016-09-16 00:00:00,2016,9,Sep,134,798.11,321620,1,Northeast
406,1331,2016-10-15 00:00:00,2016,10,Oct,172,1063.58,321620,1,Northeast
407,1331,2016-11-14 00:00:00,2016,11,Nov,238,1270.22,321620,1,Northeast
408,1331,2016-12-13 00:00:00,2016,12,Dec,163,982.27,321620,1,Northeast
409,1341,2016-08-28 00:00:00,2016,8,Aug,81,557.44,321630,1,Northeast
410,1341,2016-09-26 00:00:00,2016,9,Sep,325,1689.9,321630,1,Northeast
411,1341,2016-10-26 00:00:00,2016,10,Oct,399,2376.47,321630,1,Northeast
412,1341,2016-11-24 00:00:00,2016,11,Nov,348,1870.42,321630,1,Northeast
413,1341,2016-12-23 00:00:00,2016,12,Dec,309,1596.91,321630,1,Northeast
414,1351,2016-08-21 00:00:00,2016,8,Aug,111,622.1,321640,1,Northeast
415,1351,2016-09-19 00:00:00,2016,9,Sep,160,869.68,321640,1,Northeast
416,1351,2016-10-18 00:00:00,2016,10,Oct,318,1764.48,321640,1,Northeast
417,1351,2016-11-16 00:00:00,2016,11,Nov,161,960.4,321640,1,Northeast
418,1351,2016-12-15 00:00:00,2016,12,Dec,146,885.57,321640,1,Northeast
419,1361,2016-09-01 00:00:00,2016,9,Sep,590,3079.22,321650,1,Northeast
420,1361,2016-09-30 00:00:00,2016,9,Sep,529,2669.75,321650,1,Northeast
421,1361,2016-10-29 00:00:00,2016,10,Oct,481,2400.19,321650,1,Northeast
422,1361,2016-11-27 00:00:00,2016,11,Nov,583,3174.55,321650,1,Northeast
423,1371,2015-08-15 00:00:00,2015,8,Aug,381,2117.61,321660,1,Northeast
424,1371,2015-09-14 00:00:00,2015,9,Sep,327,1716.14,321660,1,Northeast
425,1371,2015-10-14 00:00:00,2015,10,Oct,329,1704.31,321660,1,Northeast
426,1371,2015-11-13 00:00:00,2015,11,Nov,333,1754.8,321660,1,Northeast
427,1371,2015-12-12 00:00:00,2015,12,Dec,360,1951.44,321660,1,Northeast
428,1371,2016-01-10 00:00:00,2016,1,Jan,483,2686.63,321660,1,Northeast
429,1371,2016-02-09 00:00:00,2016,2,Feb,309,1620.16,321660,1,Northeast
430,1371,2016-03-09 00:00:00,2016,3,Mar,401,2309.34,321660,1,Northeast
431,1371,2016-04-07 00:00:00,2016,4,Apr,301,1536.99,321660,1,Northeast
432,1371,2016-05-07 00:00:00,2016,5,May,464,2683.36,321660,1,Northeast
433,1371,2016-06-06 00:00:00,2016,6,Jun,407,2292.51,321660,1,Northeast
434,1371,2016-07-05 00:00:00,2016,7,Jul,1724,8747.25,321660,1,Northeast
435,1371,2016-08-04 00:00:00,2016,8,Aug,679,4355.28,321660,1,Northeast
436,1371,2016-09-02 00:00:00,2016,9,Sep,379,2090.07,321660,1,Northeast
437,1371,2016-10-02 00:00:00,2016,10,Oct,330,1734.87,321660,1,Northeast
438,1371,2016-11-01 00:00:00,2016,11,Nov,335,1803.11,321660,1,Northeast
439,1371,2016-12-01 00:00:00,2016,12,Dec,350,1892.17,321660,1,Northeast
440,1371,2016-12-31 00:00:00,2016,12,Dec,305,1592.64,321660,1,Northeast
441,1381,2016-11-12 00:00:00,2016,11,Nov,350,1865.44,321670,1,Northeast
442,1381,2016-12-11 00:00:00,2016,12,Dec,332,1744.22,321670,1,Northeast
443,1391,2016-10-07 00:00:00,2016,10,Oct,512,2554.88,321680,1,Northeast
444,1391,2016-11-05 00:00:00,2016,11,Nov,504,2535.59,321680,1,Northeast
445,1391,2016-12-04 00:00:00,2016,12,Dec,500,2525,321680,1,Northeast
446,1401,2013-12-12 00:00:00,2013,12,Dec,366,2011.48,321690,1,Northeast
447,1401,2014-01-11 00:00:00,2014,1,Jan,320,1668.79,321690,1,Northeast
448,1401,2014-02-10 00:00:00,2014,2,Feb,370,2045.95,321690,1,Northeast
449,1401,2014-03-11 00:00:00,2014,3,Mar,340,1805.44,321690,1,Northeast
450,1401,2014-04-10 00:00:00,2014,4,Apr,347,1897.91,321690,1,Northeast
451,1401,2014-05-10 00:00:00,2014,5,May,420,2320.9,321690,1,Northeast
452,1401,2014-06-09 00:00:00,2014,6,Jun,393,2093.12,321690,1,Northeast
453,1401,2014-07-09 00:00:00,2014,7,Jul,329,1784.96,321690,1,Northeast
454,1401,2014-08-07 00:00:00,2014,8,Aug,322,1815.76,321690,1,Northeast
455,1401,2014-09-05 00:00:00,2014,9,Sep,424,2573.29,321690,1,Northeast
456,1401,2014-10-05 00:00:00,2014,10,Oct,349,1885.37,321690,1,Northeast
457,1401,2014-11-03 00:00:00,2014,11,Nov,358,1946.56,321690,1,Northeast
458,1401,2014-12-02 00:00:00,2014,12,Dec,1272,8686.1,321690,1,Northeast
459,1401,2015-01-01 00:00:00,2015,1,Jan,203,1132.4,321690,1,Northeast
460,1401,2015-01-31 00:00:00,2015,1,Jan,574,3461.85,321690,1,Northeast
461,1401,2015-03-01 00:00:00,2015,3,Mar,392,2153.74,321690,1,Northeast
462,1401,2015-03-31 00:00:00,2015,3,Mar,372,2032.05,321690,1,Northeast
463,1401,2015-04-29 00:00:00,2015,4,Apr,328,1714.95,321690,1,Northeast
464,1401,2015-05-29 00:00:00,2015,5,May,337,1753.62,321690,1,Northeast
465,1401,2015-06-28 00:00:00,2015,6,Jun,368,2024.02,321690,1,Northeast
466,1401,2015-07-27 00:00:00,2015,7,Jul,458,2377.92,321690,1,Northeast
467,1401,2015-08-26 00:00:00,2015,8,Aug,358,1959.04,321690,1,Northeast
468,1401,2015-09-25 00:00:00,2015,9,Sep,427,2450.85,321690,1,Northeast
469,1401,2015-10-25 00:00:00,2015,10,Oct,382,2170.85,321690,1,Northeast
470,1401,2015-11-23 00:00:00,2015,11,Nov,312,1599.38,321690,1,Northeast
471,1401,2015-12-23 00:00:00,2015,12,Dec,525,3293.82,321690,1,Northeast
472,1401,2016-01-22 00:00:00,2016,1,Jan,329,1731.71,321690,1,Northeast
473,1401,2016-02-20 00:00:00,2016,2,Feb,292,1514.58,321690,1,Northeast
474,1401,2016-03-21 00:00:00,2016,3,Mar,342,1956.29,321690,1,Northeast
475,1401,2016-04-19 00:00:00,2016,4,Apr,339,1816.1,321690,1,Northeast
476,1401,2016-05-18 00:00:00,2016,5,May,305,1615.14,321690,1,Northeast
477,1401,2016-06-16 00:00:00,2016,6,Jun,348,1877.82,321690,1,Northeast
478,1401,2016-07-16 00:00:00,2016,7,Jul,352,1959.75,321690,1,Northeast
479,1401,2016-08-15 00:00:00,2016,8,Aug,350,1902.88,321690,1,Northeast
480,1401,2016-09-14 00:00:00,2016,9,Sep,207,1091.75,321690,1,Northeast
481,1401,2016-10-14 00:00:00,2016,10,Oct,325,1758.09,321690,1,Northeast
482,1401,2016-11-12 00:00:00,2016,11,Nov,389,2190.64,321690,1,Northeast
483,1401,2016-12-12 00:00:00,2016,12,Dec,289,1517.23,321690,1,Northeast
484,1411,2013-12-30 00:00:00,2013,12,Dec,539,2792.11,321700,1,Northeast
485,1411,2014-01-29 00:00:00,2014,1,Jan,527,2725.46,321700,1,Northeast
486,1411,2014-03-30 00:00:00,2014,3,Mar,509,2543.04,321700,1,Northeast
487,1411,2014-04-28 00:00:00,2014,4,Apr,587,3143.52,321700,1,Northeast
488,1411,2014-05-27 00:00:00,2014,5,May,607,3301.49,321700,1,Northeast
489,1411,2014-06-26 00:00:00,2014,6,Jun,476,2375.24,321700,1,Northeast
490,1411,2014-07-26 00:00:00,2014,7,Jul,536,2679.64,321700,1,Northeast
491,1411,2014-08-24 00:00:00,2014,8,Aug,586,2926.64,321700,1,Northeast
492,1411,2014-09-23 00:00:00,2014,9,Sep,540,2804.15,321700,1,Northeast
493,1411,2014-10-23 00:00:00,2014,10,Oct,537,2755.97,321700,1,Northeast
494,1411,2014-11-21 00:00:00,2014,11,Nov,537,2716.52,321700,1,Northeast
495,1411,2014-12-20 00:00:00,2014,12,Dec,551,2850.83,321700,1,Northeast
496,1411,2015-01-19 00:00:00,2015,1,Jan,536,2796.71,321700,1,Northeast
497,1411,2015-02-18 00:00:00,2015,2,Feb,604,3242.19,321700,1,Northeast
498,1411,2015-03-19 00:00:00,2015,3,Mar,1091,6799.09,321700,1,Northeast
499,1411,2015-04-17 00:00:00,2015,4,Apr,526,2662.3,321700,1,Northeast
500,1411,2015-05-16 00:00:00,2015,5,May,536,2798.52,321700,1,Northeast
501,1411,2015-06-15 00:00:00,2015,6,Jun,537,2732.13,321700,1,Northeast
502,1411,2015-07-14 00:00:00,2015,7,Jul,506,2609.39,321700,1,Northeast
503,1411,2015-08-13 00:00:00,2015,8,Aug,811,4804.39,321700,1,Northeast
504,1411,2015-09-11 00:00:00,2015,9,Sep,498,2488.15,321700,1,Northeast
505,1411,2015-10-10 00:00:00,2015,10,Oct,508,2564.92,321700,1,Northeast
506,1411,2015-11-08 00:00:00,2015,11,Nov,679,3855.73,321700,1,Northeast
507,1411,2015-12-08 00:00:00,2015,12,Dec,549,2770.81,321700,1,Northeast
508,1411,2016-01-06 00:00:00,2016,1,Jan,613,3351.37,321700,1,Northeast
509,1411,2016-02-04 00:00:00,2016,2,Feb,546,2858.46,321700,1,Northeast
510,1411,2016-03-05 00:00:00,2016,3,Mar,703,4046.95,321700,1,Northeast
511,1411,2016-05-04 00:00:00,2016,5,May,701,4114.6,321700,1,Northeast
512,1411,2016-06-02 00:00:00,2016,6,Jun,531,2657.19,321700,1,Northeast
513,1411,2016-07-02 00:00:00,2016,7,Jul,533,2734.67,321700,1,Northeast
514,1411,2016-08-02 00:00:00,2016,8,Aug,544,2854.78,321700,1,Northeast
515,1411,2016-08-31 00:00:00,2016,8,Aug,510,2551.16,321700,1,Northeast
516,1411,2016-09-30 00:00:00,2016,9,Sep,587,3009.13,321700,1,Northeast
517,1411,2016-10-29 00:00:00,2016,10,Oct,517,2642.43,321700,1,Northeast
518,1411,2016-11-28 00:00:00,2016,11,Nov,612,3493.32,321700,1,Northeast
519,1411,2016-12-28 00:00:00,2016,12,Dec,479,2393.34,321700,1,Northeast
520,1421,2014-01-01 00:00:00,2014,1,Jan,336,1851.78,321500,1,Northeast
521,1421,2014-02-28 00:00:00,2014,2,Feb,544,3273.34,321500,1,Northeast
522,1421,2014-03-30 00:00:00,2014,3,Mar,321,1651.87,321500,1,Northeast
523,1421,2014-04-28 00:00:00,2014,4,Apr,338,1809.22,321500,1,Northeast
524,1421,2014-05-28 00:00:00,2014,5,May,366,1990.79,321500,1,Northeast
525,1421,2014-06-27 00:00:00,2014,6,Jun,368,2023.49,321500,1,Northeast
526,1421,2014-07-26 00:00:00,2014,7,Jul,289,1643.43,321500,1,Northeast
527,1421,2014-08-25 00:00:00,2014,8,Aug,368,1926.32,321500,1,Northeast
528,1421,2014-09-24 00:00:00,2014,9,Sep,277,1382.23,321500,1,Northeast
529,1421,2014-10-24 00:00:00,2014,10,Oct,345,1925.51,321500,1,Northeast
530,1421,2014-11-23 00:00:00,2014,11,Nov,306,1623.91,321500,1,Northeast
531,1421,2014-12-22 00:00:00,2014,12,Dec,370,2070.16,321500,1,Northeast
532,1421,2015-01-20 00:00:00,2015,1,Jan,355,1967.79,321500,1,Northeast
533,1421,2015-02-19 00:00:00,2015,2,Feb,345,1857.89,321500,1,Northeast
534,1421,2015-03-20 00:00:00,2015,3,Mar,347,1857.85,321500,1,Northeast
535,1421,2015-04-19 00:00:00,2015,4,Apr,340,1801.7,321500,1,Northeast
536,1421,2015-05-19 00:00:00,2015,5,May,394,2189.39,321500,1,Northeast
537,1421,2015-06-17 00:00:00,2015,6,Jun,330,1764.28,321500,1,Northeast
538,1421,2015-07-17 00:00:00,2015,7,Jul,351,1884.17,321500,1,Northeast
539,1421,2015-08-16 00:00:00,2015,8,Aug,363,1967.71,321500,1,Northeast
540,1421,2015-09-15 00:00:00,2015,9,Sep,247,1404.66,321500,1,Northeast
541,1421,2015-10-14 00:00:00,2015,10,Oct,294,1467.06,321500,1,Northeast
542,1421,2015-11-13 00:00:00,2015,11,Nov,64,479.36,321500,1,Northeast
543,1421,2015-12-12 00:00:00,2015,12,Dec,327,1705.53,321500,1,Northeast
544,1421,2016-01-10 00:00:00,2016,1,Jan,374,2062.7,321500,1,Northeast
545,1421,2016-02-09 00:00:00,2016,2,Feb,230,1310.34,321500,1,Northeast
546,1421,2016-03-10 00:00:00,2016,3,Mar,330,1735.5,321500,1,Northeast
547,1421,2016-04-08 00:00:00,2016,4,Apr,411,2234.73,321500,1,Northeast
548,1421,2016-05-07 00:00:00,2016,5,May,342,1852.31,321500,1,Northeast
549,1421,2016-06-06 00:00:00,2016,6,Jun,272,1437.28,321500,1,Northeast
550,1421,2016-07-05 00:00:00,2016,7,Jul,390,2175.71,321500,1,Northeast
551,1421,2016-08-03 00:00:00,2016,8,Aug,381,2131.33,321500,1,Northeast
552,1421,2016-09-02 00:00:00,2016,9,Sep,361,1926.53,321500,1,Northeast
553,1421,2016-10-02 00:00:00,2016,10,Oct,301,1506.99,321500,1,Northeast
554,1421,2016-11-01 00:00:00,2016,11,Nov,348,1889.79,321500,1,Northeast
555,1421,2016-12-01 00:00:00,2016,12,Dec,388,2073.09,321500,1,Northeast
556,1421,2016-12-31 00:00:00,2016,12,Dec,392,2023.58,321500,1,Northeast
557,1431,2016-03-28 00:00:00,2016,3,Mar,153,892.94,321510,1,Northeast
558,1431,2016-04-27 00:00:00,2016,4,Apr,160,951.65,321510,1,Northeast
559,1431,2016-05-26 00:00:00,2016,5,May,136,771.14,321510,1,Northeast
560,1431,2016-06-25 00:00:00,2016,6,Jun,306,1631.94,321510,1,Northeast
561,1441,2013-12-28 00:00:00,2013,12,Dec,352,1847.13,321520,1,Northeast
562,1441,2014-01-27 00:00:00,2014,1,Jan,362,1996.6,321520,1,Northeast
563,1441,2014-02-25 00:00:00,2014,2,Feb,405,2187.33,321520,1,Northeast
564,1441,2014-03-27 00:00:00,2014,3,Mar,301,1555.2,321520,1,Northeast
565,1441,2014-04-26 00:00:00,2014,4,Apr,378,2136.52,321520,1,Northeast
566,1441,2014-05-25 00:00:00,2014,5,May,436,2260.15,321520,1,Northeast
567,1441,2014-06-23 00:00:00,2014,6,Jun,354,1927.82,321520,1,Northeast
568,1441,2014-07-22 00:00:00,2014,7,Jul,357,1921.55,321520,1,Northeast
569,1441,2014-08-21 00:00:00,2014,8,Aug,324,1689.3,321520,1,Northeast
570,1441,2014-09-19 00:00:00,2014,9,Sep,350,1895.38,321520,1,Northeast
571,1441,2014-10-18 00:00:00,2014,10,Oct,348,1865.36,321520,1,Northeast
572,1441,2014-11-16 00:00:00,2014,11,Nov,307,1544.45,321520,1,Northeast
573,1441,2014-12-16 00:00:00,2014,12,Dec,434,2325.13,321520,1,Northeast
574,1441,2015-01-15 00:00:00,2015,1,Jan,350,1950.46,321520,1,Northeast
575,1441,2015-02-13 00:00:00,2015,2,Feb,351,1848.99,321520,1,Northeast
576,1441,2015-03-14 00:00:00,2015,3,Mar,318,1652.55,321520,1,Northeast
577,1441,2015-04-13 00:00:00,2015,4,Apr,316,1683.85,321520,1,Northeast
578,1441,2015-05-12 00:00:00,2015,5,May,255,1426.33,321520,1,Northeast
579,1441,2015-06-10 00:00:00,2015,6,Jun,422,2695.21,321520,1,Northeast
580,1441,2015-07-09 00:00:00,2015,7,Jul,333,1745.51,321520,1,Northeast
581,1441,2015-08-08 00:00:00,2015,8,Aug,321,1676.91,321520,1,Northeast
582,1441,2015-09-06 00:00:00,2015,9,Sep,415,2123.35,321520,1,Northeast
583,1441,2015-10-06 00:00:00,2015,10,Oct,453,2383.03,321520,1,Northeast
584,1441,2015-11-04 00:00:00,2015,11,Nov,360,1985.97,321520,1,Northeast
585,1441,2015-12-04 00:00:00,2015,12,Dec,379,2115.07,321520,1,Northeast
586,1441,2016-01-03 00:00:00,2016,1,Jan,399,2256.9,321520,1,Northeast
587,1441,2016-02-01 00:00:00,2016,2,Feb,363,2014.74,321520,1,Northeast
588,1441,2016-03-02 00:00:00,2016,3,Mar,339,1771.02,321520,1,Northeast
589,1441,2016-04-01 00:00:00,2016,4,Apr,356,1874.57,321520,1,Northeast
590,1441,2016-05-01 00:00:00,2016,5,May,338,1814.2,321520,1,Northeast
591,1441,2016-05-31 00:00:00,2016,5,May,416,2403.17,321520,1,Northeast
592,1441,2016-06-29 00:00:00,2016,6,Jun,392,2200.14,321520,1,Northeast
593,1441,2016-07-29 00:00:00,2016,7,Jul,329,1761.81,321520,1,Northeast
594,1441,2016-08-28 00:00:00,2016,8,Aug,373,2069.01,321520,1,Northeast
595,1441,2016-09-28 00:00:00,2016,9,Sep,371,2052.61,321520,1,Northeast
596,1451,2014-05-04 00:00:00,2014,5,May,448,2308.02,321530,1,Northeast
597,1451,2014-06-03 00:00:00,2014,6,Jun,337,1791.63,321530,1,Northeast
598,1451,2014-07-02 00:00:00,2014,7,Jul,542,3427.27,321530,1,Northeast
599,1451,2014-08-01 00:00:00,2014,8,Aug,325,1783.78,321530,1,Northeast
600,1451,2014-08-31 00:00:00,2014,8,Aug,372,1998.88,321530,1,Northeast
601,1451,2014-09-30 00:00:00,2014,9,Sep,359,1928.91,321530,1,Northeast
602,1451,2014-10-30 00:00:00,2014,10,Oct,340,1806.13,321530,1,Northeast
603,1451,2014-11-30 00:00:00,2014,11,Nov,335,1775.53,321530,1,Northeast
604,1451,2014-12-29 00:00:00,2014,12,Dec,412,2055.88,321530,1,Northeast
605,1451,2015-01-28 00:00:00,2015,1,Jan,306,1622.67,321530,1,Northeast
606,1451,2015-02-26 00:00:00,2015,2,Feb,341,1807.91,321530,1,Northeast
607,1451,2015-03-27 00:00:00,2015,3,Mar,381,1988.69,321530,1,Northeast
608,1451,2015-04-26 00:00:00,2015,4,Apr,363,1977.77,321530,1,Northeast
609,1451,2015-05-25 00:00:00,2015,5,May,355,1958.48,321530,1,Northeast
610,1451,2015-06-24 00:00:00,2015,6,Jun,425,2441.03,321530,1,Northeast
611,1451,2015-07-25 00:00:00,2015,7,Jul,1112,7417.96,321530,1,Northeast
612,1451,2015-08-23 00:00:00,2015,8,Aug,303,1511.97,321530,1,Northeast
613,1451,2015-09-21 00:00:00,2015,9,Sep,336,1764.14,321530,1,Northeast
614,1451,2015-10-20 00:00:00,2015,10,Oct,349,1851.51,321530,1,Northeast
615,1451,2015-11-18 00:00:00,2015,11,Nov,388,2131.28,321530,1,Northeast
616,1451,2015-12-17 00:00:00,2015,12,Dec,338,1771.03,321530,1,Northeast
617,1451,2016-01-15 00:00:00,2016,1,Jan,374,2052.07,321530,1,Northeast
618,1451,2016-02-13 00:00:00,2016,2,Feb,345,1854.74,321530,1,Northeast
619,1451,2016-03-14 00:00:00,2016,3,Mar,334,1776.76,321530,1,Northeast
620,1451,2016-04-12 00:00:00,2016,4,Apr,327,1726.24,321530,1,Northeast
621,1451,2016-05-11 00:00:00,2016,5,May,344,1858.49,321530,1,Northeast
622,1451,2016-06-10 00:00:00,2016,6,Jun,364,2034.65,321530,1,Northeast
623,1451,2016-07-10 00:00:00,2016,7,Jul,517,3163.1,321530,1,Northeast
624,1451,2016-08-09 00:00:00,2016,8,Aug,338,1779.12,321530,1,Northeast
625,1451,2016-09-08 00:00:00,2016,9,Sep,367,1868.83,321530,1,Northeast
626,1451,2016-10-08 00:00:00,2016,10,Oct,306,1586.41,321530,1,Northeast
627,1451,2016-11-07 00:00:00,2016,11,Nov,327,1732.38,321530,1,Northeast
628,1451,2016-12-06 00:00:00,2016,12,Dec,337,1793.58,321530,1,Northeast
629,1461,2015-12-12 00:00:00,2015,12,Dec,511,2581.19,321540,1,Northeast
630,1461,2016-01-10 00:00:00,2016,1,Jan,515,2577.35,321540,1,Northeast
631,1461,2016-02-09 00:00:00,2016,2,Feb,515,2604.85,321540,1,Northeast
632,1461,2016-03-10 00:00:00,2016,3,Mar,835,5136.95,321540,1,Northeast
633,1461,2016-04-08 00:00:00,2016,4,Apr,487,2488.3,321540,1,Northeast
634,1461,2016-05-07 00:00:00,2016,5,May,540,2771.55,321540,1,Northeast
635,1461,2016-06-05 00:00:00,2016,6,Jun,490,2465.1,321540,1,Northeast
636,1461,2016-07-04 00:00:00,2016,7,Jul,430,2193.22,321540,1,Northeast
637,1461,2016-08-02 00:00:00,2016,8,Aug,500,2495,321540,1,Northeast
638,1461,2016-08-31 00:00:00,2016,8,Aug,499,2515.01,321540,1,Northeast
639,1461,2016-09-30 00:00:00,2016,9,Sep,496,2518.86,321540,1,Northeast
640,1461,2016-10-29 00:00:00,2016,10,Oct,742,4434.27,321540,1,Northeast
641,1461,2016-11-27 00:00:00,2016,11,Nov,542,2932.44,321540,1,Northeast
642,1461,2016-12-26 00:00:00,2016,12,Dec,530,2766.71,321540,1,Northeast
643,1471,2017-01-01 00:00:00,2017,1,Jan,159,967.31,321550,1,Northeast
644,1481,2016-12-19 00:00:00,2016,12,Dec,154,902.3,321560,1,Northeast
645,1491,2015-02-15 00:00:00,2015,2,Feb,315,1659.35,321570,1,Northeast
646,1491,2015-03-17 00:00:00,2015,3,Mar,700,4751.82,321570,1,Northeast
647,1491,2015-04-15 00:00:00,2015,4,Apr,569,3770.08,321570,1,Northeast
648,1491,2015-05-15 00:00:00,2015,5,May,353,1856.47,321570,1,Northeast
649,1491,2015-06-13 00:00:00,2015,6,Jun,373,2085.25,321570,1,Northeast
650,1491,2015-07-12 00:00:00,2015,7,Jul,382,2127.66,321570,1,Northeast
651,1491,2015-08-10 00:00:00,2015,8,Aug,395,2090.52,321570,1,Northeast
652,1491,2015-09-08 00:00:00,2015,9,Sep,352,1881.62,321570,1,Northeast
653,1491,2015-10-08 00:00:00,2015,10,Oct,377,2140.25,321570,1,Northeast
654,1491,2015-11-07 00:00:00,2015,11,Nov,314,1645.11,321570,1,Northeast
655,1491,2015-12-07 00:00:00,2015,12,Dec,494,2965.91,321570,1,Northeast
656,1491,2016-01-06 00:00:00,2016,1,Jan,362,1946.48,321570,1,Northeast
657,1491,2016-02-05 00:00:00,2016,2,Feb,320,1688.79,321570,1,Northeast
658,1491,2016-03-05 00:00:00,2016,3,Mar,371,2037.14,321570,1,Northeast
659,1491,2016-04-04 00:00:00,2016,4,Apr,340,1815.44,321570,1,Northeast
660,1491,2016-05-03 00:00:00,2016,5,May,357,1883.95,321570,1,Northeast
661,1491,2016-06-01 00:00:00,2016,6,Jun,410,2179.72,321570,1,Northeast
662,1491,2016-07-01 00:00:00,2016,7,Jul,331,1742.36,321570,1,Northeast
663,1491,2016-07-31 00:00:00,2016,7,Jul,333,1779.31,321570,1,Northeast
664,1491,2016-08-30 00:00:00,2016,8,Aug,342,1844.16,321570,1,Northeast
665,1491,2016-09-28 00:00:00,2016,9,Sep,297,1482.03,321570,1,Northeast
666,1491,2016-10-27 00:00:00,2016,10,Oct,188,1073.83,321570,1,Northeast
667,1491,2016-11-25 00:00:00,2016,11,Nov,336,1886.11,321570,1,Northeast
668,1491,2016-12-24 00:00:00,2016,12,Dec,334,1746.66,321570,1,Northeast
669,1501,2015-01-30 00:00:00,2015,1,Jan,373,2049.52,321580,1,Northeast
670,1501,2015-03-01 00:00:00,2015,3,Mar,358,1917.74,321580,1,Northeast
671,1501,2015-03-31 00:00:00,2015,3,Mar,376,2059.47,321580,1,Northeast
672,1501,2015-04-29 00:00:00,2015,4,Apr,344,1822.88,321580,1,Northeast
673,1501,2015-05-28 00:00:00,2015,5,May,322,1719.36,321580,1,Northeast
674,1501,2015-06-26 00:00:00,2015,6,Jun,372,2095.91,321580,1,Northeast
675,1501,2015-07-25 00:00:00,2015,7,Jul,333,1761.77,321580,1,Northeast
676,1501,2015-08-23 00:00:00,2015,8,Aug,417,2413.73,321580,1,Northeast
677,1501,2015-10-21 00:00:00,2015,10,Oct,338,1856.13,321580,1,Northeast
678,1501,2015-11-19 00:00:00,2015,11,Nov,390,2113.74,321580,1,Northeast
679,1501,2015-12-19 00:00:00,2015,12,Dec,326,1716.88,321580,1,Northeast
680,1501,2016-01-17 00:00:00,2016,1,Jan,496,2523.17,321580,1,Northeast
681,1501,2016-02-15 00:00:00,2016,2,Feb,297,1482.03,321580,1,Northeast
682,1501,2016-03-15 00:00:00,2016,3,Mar,335,1784.84,321580,1,Northeast
683,1501,2016-04-14 00:00:00,2016,4,Apr,31,242.27,321580,1,Northeast
684,1501,2016-05-14 00:00:00,2016,5,May,371,2090.92,321580,1,Northeast
685,1501,2016-06-12 00:00:00,2016,6,Jun,357,1925.88,321580,1,Northeast
686,1501,2016-07-11 00:00:00,2016,7,Jul,321,1658.07,321580,1,Northeast
687,1501,2016-08-09 00:00:00,2016,8,Aug,328,1731.72,321580,1,Northeast
688,1501,2016-09-08 00:00:00,2016,9,Sep,454,2422.41,321580,1,Northeast
689,1501,2016-10-07 00:00:00,2016,10,Oct,349,1907.3,321580,1,Northeast
690,1501,2016-11-05 00:00:00,2016,11,Nov,361,1953.99,321580,1,Northeast
691,1501,2016-12-05 00:00:00,2016,12,Dec,379,2092.63,321580,1,Northeast
692,1511,2016-03-20 00:00:00,2016,3,Mar,542,2802.73,321590,1,Northeast
693,1511,2016-04-19 00:00:00,2016,4,Apr,524,2642.93,321590,1,Northeast
694,1511,2016-05-19 00:00:00,2016,5,May,511,2606.23,321590,1,Northeast
695,1511,2016-06-18 00:00:00,2016,6,Jun,438,2185.62,321590,1,Northeast
696,1511,2016-07-17 00:00:00,2016,7,Jul,501,2600.15,321590,1,Northeast
697,1511,2016-08-15 00:00:00,2016,8,Aug,489,2440.11,321590,1,Northeast
698,1511,2016-09-14 00:00:00,2016,9,Sep,538,2728.4,321590,1,Northeast
699,1511,2016-10-14 00:00:00,2016,10,Oct,465,2397.85,321590,1,Northeast
700,1511,2016-11-13 00:00:00,2016,11,Nov,516,2658.07,321590,1,Northeast
701,1511,2016-12-12 00:00:00,2016,12,Dec,566,2924.34,321590,1,Northeast
702,1521,2013-12-31 00:00:00,2013,12,Dec,292,1538.46,321600,1,Northeast
703,1521,2014-01-29 00:00:00,2014,1,Jan,483,2413.3,321600,1,Northeast
704,1521,2014-02-27 00:00:00,2014,2,Feb,509,2564.95,321600,1,Northeast
705,1521,2014-03-29 00:00:00,2014,3,Mar,513,2597.43,321600,1,Northeast
706,1521,2014-04-28 00:00:00,2014,4,Apr,601,3256.49,321600,1,Northeast
707,1521,2014-05-28 00:00:00,2014,5,May,621,3218.91,321600,1,Northeast
708,1521,2014-06-27 00:00:00,2014,6,Jun,438,2290.62,321600,1,Northeast
709,1521,2014-07-28 00:00:00,2014,7,Jul,567,2831.83,321600,1,Northeast
710,1521,2014-08-26 00:00:00,2014,8,Aug,501,2499.99,321600,1,Northeast
711,1521,2014-09-24 00:00:00,2014,9,Sep,506,2565,321600,1,Northeast
712,1521,2014-10-24 00:00:00,2014,10,Oct,566,2847.47,321600,1,Northeast
713,1521,2014-11-23 00:00:00,2014,11,Nov,18,141.12,321600,1,Northeast
714,1521,2014-12-22 00:00:00,2014,12,Dec,586,3166.78,321600,1,Northeast
715,1521,2015-01-21 00:00:00,2015,1,Jan,524,2646.06,321600,1,Northeast
716,1521,2015-02-20 00:00:00,2015,2,Feb,497,2499.42,321600,1,Northeast
717,1521,2015-04-19 00:00:00,2015,4,Apr,509,2629.99,321600,1,Northeast
718,1521,2015-05-18 00:00:00,2015,5,May,576,3075.56,321600,1,Northeast
719,1521,2015-06-16 00:00:00,2015,6,Jun,547,2869.73,321600,1,Northeast
720,1521,2015-07-16 00:00:00,2015,7,Jul,521,2662.33,321600,1,Northeast
721,1521,2015-08-15 00:00:00,2015,8,Aug,891,5452.98,321600,1,Northeast
722,1521,2015-09-14 00:00:00,2015,9,Sep,488,2440.12,321600,1,Northeast
723,1521,2015-10-13 00:00:00,2015,10,Oct,486,2472.7,321600,1,Northeast
724,1521,2015-11-12 00:00:00,2015,11,Nov,520,2669.92,321600,1,Northeast
725,1521,2015-12-11 00:00:00,2015,12,Dec,554,2937.69,321600,1,Northeast
726,1521,2016-01-09 00:00:00,2016,1,Jan,756,4525.23,321600,1,Northeast
727,1521,2016-02-08 00:00:00,2016,2,Feb,494,2465.06,321600,1,Northeast
728,1521,2016-03-08 00:00:00,2016,3,Mar,565,3041.85,321600,1,Northeast
729,1521,2016-04-06 00:00:00,2016,4,Apr,504,2514.96,321600,1,Northeast
730,1521,2016-05-06 00:00:00,2016,5,May,2,16.24,321600,1,Northeast
731,1521,2016-06-05 00:00:00,2016,6,Jun,12598,92991.05,321600,1,Northeast
732,1521,2016-07-05 00:00:00,2016,7,Jul,520,2669.92,321600,1,Northeast
733,1521,2016-08-03 00:00:00,2016,8,Aug,560,2914.52,321600,1,Northeast
734,1521,2016-09-02 00:00:00,2016,9,Sep,486,2574.55,321600,1,Northeast
735,1521,2016-10-02 00:00:00,2016,10,Oct,471,2387.81,321600,1,Northeast
736,1521,2016-11-01 00:00:00,2016,11,Nov,532,2764.84,321600,1,Northeast
737,1521,2016-11-29 00:00:00,2016,11,Nov,519,2617.31,321600,1,Northeast
738,1521,2016-12-28 00:00:00,2016,12,Dec,664,3831.68,321600,1,Northeast
739,1531,2013-12-10 00:00:00,2013,12,Dec,501,2499.99,321610,1,Northeast
740,1531,2014-01-08 00:00:00,2014,1,Jan,307,1588.25,321610,1,Northeast
741,1531,2014-02-07 00:00:00,2014,2,Feb,500,2557.5,321610,1,Northeast
742,1531,2014-03-09 00:00:00,2014,3,Mar,508,2546.81,321610,1,Northeast
743,1531,2014-04-07 00:00:00,2014,4,Apr,515,2592.35,321610,1,Northeast
744,1531,2014-05-06 00:00:00,2014,5,May,526,2699.86,321610,1,Northeast
745,1531,2014-06-05 00:00:00,2014,6,Jun,496,2492.54,321610,1,Northeast
746,1531,2014-07-04 00:00:00,2014,7,Jul,498,2513.19,321610,1,Northeast
747,1531,2014-08-03 00:00:00,2014,8,Aug,531,2687.19,321610,1,Northeast
748,1531,2014-09-02 00:00:00,2014,9,Sep,585,3114.84,321610,1,Northeast
749,1531,2014-10-01 00:00:00,2014,10,Oct,522,2690.51,321610,1,Northeast
750,1531,2014-10-31 00:00:00,2014,10,Oct,518,2663.07,321610,1,Northeast
751,1531,2014-11-29 00:00:00,2014,11,Nov,506,2569.33,321610,1,Northeast
752,1531,2014-12-28 00:00:00,2014,12,Dec,520,2648.01,321610,1,Northeast
753,1531,2015-01-26 00:00:00,2015,1,Jan,606,3337.72,321610,1,Northeast
754,1531,2015-02-24 00:00:00,2015,2,Feb,457,2297.93,321610,1,Northeast
755,1531,2015-03-25 00:00:00,2015,3,Mar,499,2537.55,321610,1,Northeast
756,1531,2015-04-23 00:00:00,2015,4,Apr,404,2078.56,321610,1,Northeast
757,1531,2015-05-22 00:00:00,2015,5,May,514,2630.55,321610,1,Northeast
758,1531,2015-06-21 00:00:00,2015,6,Jun,496,2495.04,321610,1,Northeast
759,1531,2015-07-20 00:00:00,2015,7,Jul,522,2694.78,321610,1,Northeast
760,1531,2015-08-18 00:00:00,2015,8,Aug,498,2562.01,321610,1,Northeast
761,1531,2015-09-16 00:00:00,2015,9,Sep,603,3207.38,321610,1,Northeast
762,1531,2015-10-16 00:00:00,2015,10,Oct,495,2556.39,321610,1,Northeast
763,1531,2015-11-14 00:00:00,2015,11,Nov,538,2781.65,321610,1,Northeast
764,1531,2015-12-14 00:00:00,2015,12,Dec,596,3198.69,321610,1,Northeast
765,1531,2016-01-13 00:00:00,2016,1,Jan,510,2544.9,321610,1,Northeast
766,1531,2016-02-11 00:00:00,2016,2,Feb,506,2556.24,321610,1,Northeast
767,1531,2016-03-12 00:00:00,2016,3,Mar,542,2820.27,321610,1,Northeast
768,1531,2016-04-10 00:00:00,2016,4,Apr,528,2639.72,321610,1,Northeast
769,1531,2016-05-10 00:00:00,2016,5,May,570,2891.25,321610,1,Northeast
770,1531,2016-06-09 00:00:00,2016,6,Jun,778,3977.99,321610,1,Northeast
771,1531,2016-07-08 00:00:00,2016,7,Jul,689,3498.82,321610,1,Northeast
772,1531,2016-08-06 00:00:00,2016,8,Aug,538,2773.46,321610,1,Northeast
773,1531,2016-09-05 00:00:00,2016,9,Sep,514,2596.14,321610,1,Northeast
774,1531,2016-10-04 00:00:00,2016,10,Oct,518,2621.71,321610,1,Northeast
775,1531,2016-11-03 00:00:00,2016,11,Nov,542,2779.03,321610,1,Northeast
776,1531,2016-12-03 00:00:00,2016,12,Dec,541,2793.47,321610,1,Northeast
777,1541,2015-06-07 00:00:00,2015,6,Jun,156,949.23,321620,1,Northeast
778,1541,2015-08-04 00:00:00,2015,8,Aug,265,1485.58,321620,1,Northeast
779,1541,2015-09-03 00:00:00,2015,9,Sep,179,1137.84,321620,1,Northeast
780,1541,2015-10-02 00:00:00,2015,10,Oct,151,924.28,321620,1,Northeast
781,1541,2015-11-30 00:00:00,2015,11,Nov,166,1057.28,321620,1,Northeast
782,1541,2015-12-30 00:00:00,2015,12,Dec,226,1541.76,321620,1,Northeast
783,1541,2016-01-28 00:00:00,2016,1,Jan,121,767.08,321620,1,Northeast
784,1541,2016-02-27 00:00:00,2016,2,Feb,148,901.77,321620,1,Northeast
785,1541,2016-04-26 00:00:00,2016,4,Apr,182,1098.97,321620,1,Northeast
786,1541,2016-05-25 00:00:00,2016,5,May,313,1852.17,321620,1,Northeast
787,1541,2016-06-24 00:00:00,2016,6,Jun,131,834.48,321620,1,Northeast
788,1541,2016-07-24 00:00:00,2016,7,Jul,235,1329.03,321620,1,Northeast
789,1541,2016-08-23 00:00:00,2016,8,Aug,150,902.42,321620,1,Northeast
790,1541,2016-09-21 00:00:00,2016,9,Sep,132,756.22,321620,1,Northeast
791,1541,2016-10-21 00:00:00,2016,10,Oct,182,1156.55,321620,1,Northeast
792,1541,2016-11-20 00:00:00,2016,11,Nov,185,1172.76,321620,1,Northeast
793,1541,2016-12-20 00:00:00,2016,12,Dec,167,1032.88,321620,1,Northeast
794,1551,2016-12-13 00:00:00,2016,12,Dec,322,1682.49,321630,1,Northeast
795,1561,2013-12-17 00:00:00,2013,12,Dec,489,2712.61,321640,1,Northeast
796,1561,2014-01-16 00:00:00,2014,1,Jan,298,1518.32,321640,1,Northeast
797,1561,2014-02-14 00:00:00,2014,2,Feb,362,1981.52,321640,1,Northeast
798,1561,2014-03-15 00:00:00,2014,3,Mar,332,1768,321640,1,Northeast
799,1561,2014-04-13 00:00:00,2014,4,Apr,357,1936.55,321640,1,Northeast
800,1561,2014-05-13 00:00:00,2014,5,May,306,1605.15,321640,1,Northeast
801,1561,2014-06-11 00:00:00,2014,6,Jun,368,1962.64,321640,1,Northeast
802,1561,2014-07-10 00:00:00,2014,7,Jul,472,2787.78,321640,1,Northeast
803,1561,2014-08-09 00:00:00,2014,8,Aug,38,308.56,321640,1,Northeast
804,1561,2014-09-08 00:00:00,2014,9,Sep,303,1562.05,321640,1,Northeast
805,1561,2014-10-08 00:00:00,2014,10,Oct,353,1892.18,321640,1,Northeast
806,1561,2014-11-06 00:00:00,2014,11,Nov,377,2011.31,321640,1,Northeast
807,1561,2014-12-05 00:00:00,2014,12,Dec,345,1871.04,321640,1,Northeast
808,1561,2015-01-04 00:00:00,2015,1,Jan,368,1998.94,321640,1,Northeast
809,1561,2015-02-02 00:00:00,2015,2,Feb,308,1579.42,321640,1,Northeast
810,1561,2015-03-03 00:00:00,2015,3,Mar,384,2143.96,321640,1,Northeast
811,1561,2015-04-01 00:00:00,2015,4,Apr,379,2130.78,321640,1,Northeast
812,1561,2015-04-30 00:00:00,2015,4,Apr,331,1787.42,321640,1,Northeast
813,1561,2015-05-30 00:00:00,2015,5,May,327,1713.64,321640,1,Northeast
814,1561,2015-06-28 00:00:00,2015,6,Jun,431,2444.18,321640,1,Northeast
815,1561,2015-07-27 00:00:00,2015,7,Jul,365,2168.78,321640,1,Northeast
816,1561,2015-08-25 00:00:00,2015,8,Aug,308,1596.92,321640,1,Northeast
817,1561,2015-09-24 00:00:00,2015,9,Sep,334,1814.89,321640,1,Northeast
818,1561,2015-10-23 00:00:00,2015,10,Oct,367,2003.95,321640,1,Northeast
819,1561,2015-11-21 00:00:00,2015,11,Nov,341,1842.4,321640,1,Northeast
820,1561,2015-12-21 00:00:00,2015,12,Dec,346,1883.59,321640,1,Northeast
821,1561,2016-01-19 00:00:00,2016,1,Jan,301,1549.49,321640,1,Northeast
822,1561,2016-02-17 00:00:00,2016,2,Feb,317,1604.33,321640,1,Northeast
823,1561,2016-03-18 00:00:00,2016,3,Mar,386,2177.66,321640,1,Northeast
824,1561,2016-04-17 00:00:00,2016,4,Apr,372,2062.68,321640,1,Northeast
825,1561,2016-05-17 00:00:00,2016,5,May,353,1908.44,321640,1,Northeast
826,1561,2016-06-16 00:00:00,2016,6,Jun,300,1660.9,321640,1,Northeast
827,1561,2016-07-15 00:00:00,2016,7,Jul,394,2150.73,321640,1,Northeast
828,1561,2016-08-14 00:00:00,2016,8,Aug,325,1757.4,321640,1,Northeast
829,1561,2016-09-12 00:00:00,2016,9,Sep,288,1593.62,321640,1,Northeast
830,1561,2016-10-12 00:00:00,2016,10,Oct,334,1754.16,321640,1,Northeast
831,1561,2016-11-11 00:00:00,2016,11,Nov,346,1869.04,321640,1,Northeast
832,1561,2016-12-11 00:00:00,2016,12,Dec,363,2114.23,321640,1,Northeast
833,1571,2014-01-01 00:00:00,2014,1,Jan,567,2981.38,321650,1,Northeast
834,1571,2014-01-31 00:00:00,2014,1,Jan,508,2584.92,321650,1,Northeast
835,1571,2014-03-02 00:00:00,2014,3,Mar,513,2589.87,321650,1,Northeast
836,1571,2014-03-31 00:00:00,2014,3,Mar,608,3258.92,321650,1,Northeast
837,1571,2014-04-29 00:00:00,2014,4,Apr,535,2740.32,321650,1,Northeast
838,1571,2014-05-29 00:00:00,2014,5,May,564,3012.08,321650,1,Northeast
839,1571,2014-06-28 00:00:00,2014,6,Jun,560,2900.78,321650,1,Northeast
840,1571,2014-07-27 00:00:00,2014,7,Jul,531,2704.69,321650,1,Northeast
841,1571,2014-08-26 00:00:00,2014,8,Aug,525,2705.38,321650,1,Northeast
842,1571,2014-09-24 00:00:00,2014,9,Sep,532,2660.94,321650,1,Northeast
843,1571,2014-10-24 00:00:00,2014,10,Oct,535,2722.15,321650,1,Northeast
844,1571,2014-11-22 00:00:00,2014,11,Nov,538,2763.38,321650,1,Northeast
845,1571,2014-12-22 00:00:00,2014,12,Dec,493,2518.85,321650,1,Northeast
846,1571,2015-01-20 00:00:00,2015,1,Jan,512,2588.05,321650,1,Northeast
847,1571,2015-02-18 00:00:00,2015,2,Feb,576,2874.24,321650,1,Northeast
848,1571,2015-03-20 00:00:00,2015,3,Mar,523,2716.19,321650,1,Northeast
849,1571,2015-04-19 00:00:00,2015,4,Apr,646,3597.93,321650,1,Northeast
850,1571,2015-05-19 00:00:00,2015,5,May,501,2499.99,321650,1,Northeast
851,1571,2015-06-18 00:00:00,2015,6,Jun,653,3499.44,321650,1,Northeast
852,1571,2015-07-18 00:00:00,2015,7,Jul,483,2482.12,321650,1,Northeast
853,1571,2015-08-17 00:00:00,2015,8,Aug,518,2613.6,321650,1,Northeast
854,1571,2015-09-15 00:00:00,2015,9,Sep,785,4642.17,321650,1,Northeast
855,1571,2015-10-14 00:00:00,2015,10,Oct,497,2647.16,321650,1,Northeast
856,1571,2015-11-13 00:00:00,2015,11,Nov,519,2636.76,321650,1,Northeast
857,1571,2015-12-13 00:00:00,2015,12,Dec,503,2540.6,321650,1,Northeast
858,1571,2016-01-12 00:00:00,2016,1,Jan,518,2653.68,321650,1,Northeast
859,1571,2016-02-11 00:00:00,2016,2,Feb,504,2554.39,321650,1,Northeast
860,1571,2016-03-12 00:00:00,2016,3,Mar,2,14.98,321650,1,Northeast
861,1571,2016-04-10 00:00:00,2016,4,Apr,701,4042.01,321650,1,Northeast
862,1571,2016-05-10 00:00:00,2016,5,May,538,2792.16,321650,1,Northeast
863,1571,2016-06-09 00:00:00,2016,6,Jun,493,2460.07,321650,1,Northeast
864,1571,2016-07-08 00:00:00,2016,7,Jul,510,2597.48,321650,1,Northeast
865,1571,2016-08-06 00:00:00,2016,8,Aug,504,2558.78,321650,1,Northeast
866,1571,2016-09-04 00:00:00,2016,9,Sep,532,2763.58,321650,1,Northeast
867,1571,2016-10-03 00:00:00,2016,10,Oct,599,3121.08,321650,1,Northeast
868,1571,2016-11-01 00:00:00,2016,11,Nov,523,2699.2,321650,1,Northeast
869,1571,2016-12-01 00:00:00,2016,12,Dec,592,3233.08,321650,1,Northeast
870,1571,2016-12-31 00:00:00,2016,12,Dec,534,2755.31,321650,1,Northeast
871,1581,2016-04-07 00:00:00,2016,4,Apr,188,1180.86,321660,1,Northeast
872,1581,2016-05-07 00:00:00,2016,5,May,389,2053.08,321660,1,Northeast
873,1581,2016-06-06 00:00:00,2016,6,Jun,1620,11860.85,321660,1,Northeast
874,1581,2016-07-05 00:00:00,2016,7,Jul,163,1049.22,321660,1,Northeast
875,1581,2016-08-03 00:00:00,2016,8,Aug,189,1087.01,321660,1,Northeast
876,1581,2016-09-02 00:00:00,2016,9,Sep,256,1725.54,321660,1,Northeast
877,1581,2016-10-02 00:00:00,2016,10,Oct,169,890.81,321660,1,Northeast
878,1581,2016-11-01 00:00:00,2016,11,Nov,150,881.06,321660,1,Northeast
879,1581,2016-12-31 00:00:00,2016,12,Dec,104,586.46,321660,1,Northeast
880,1591,2016-12-22 00:00:00,2016,12,Dec,477,2440.31,321670,1,Northeast
881,1601,2013-12-14 00:00:00,2013,12,Dec,638,3565.48,321680,1,Northeast
882,1601,2014-01-12 00:00:00,2014,1,Jan,520,2678.03,321680,1,Northeast
883,1601,2014-02-11 00:00:00,2014,2,Feb,551,2843.39,321680,1,Northeast
884,1601,2014-03-13 00:00:00,2014,3,Mar,524,2683.62,321680,1,Northeast
885,1601,2014-04-11 00:00:00,2014,4,Apr,503,2595.66,321680,1,Northeast
886,1601,2014-05-10 00:00:00,2014,5,May,585,3223.29,321680,1,Northeast
887,1601,2014-06-09 00:00:00,2014,6,Jun,501,2535.03,321680,1,Northeast
888,1601,2014-07-08 00:00:00,2014,7,Jul,522,2642.28,321680,1,Northeast
889,1601,2014-08-07 00:00:00,2014,8,Aug,479,2410.21,321680,1,Northeast
890,1601,2014-09-05 00:00:00,2014,9,Sep,743,4359.48,321680,1,Northeast
891,1601,2014-10-04 00:00:00,2014,10,Oct,512,2617.44,321680,1,Northeast
892,1601,2014-11-02 00:00:00,2014,11,Nov,484,2449.59,321680,1,Northeast
893,1601,2014-12-02 00:00:00,2014,12,Dec,504,2576.91,321680,1,Northeast
894,1601,2015-01-01 00:00:00,2015,1,Jan,517,2644.89,321680,1,Northeast
895,1601,2015-01-31 00:00:00,2015,1,Jan,503,2585.66,321680,1,Northeast
896,1601,2015-03-01 00:00:00,2015,3,Mar,544,2815.94,321680,1,Northeast
897,1601,2015-03-31 00:00:00,2015,3,Mar,1102,7045.91,321680,1,Northeast
898,1601,2015-04-30 00:00:00,2015,4,Apr,515,2604.85,321680,1,Northeast
899,1601,2015-05-29 00:00:00,2015,5,May,74,453.73,321680,1,Northeast
900,1601,2015-06-27 00:00:00,2015,6,Jun,553,2890.12,321680,1,Northeast
901,1601,2015-07-27 00:00:00,2015,7,Jul,522,2679.21,321680,1,Northeast
902,1601,2015-08-25 00:00:00,2015,8,Aug,568,2846.84,321680,1,Northeast
903,1601,2015-09-23 00:00:00,2015,9,Sep,547,2838.37,321680,1,Northeast
904,1601,2015-10-22 00:00:00,2015,10,Oct,556,2891.41,321680,1,Northeast
905,1601,2015-11-20 00:00:00,2015,11,Nov,488,2435.12,321680,1,Northeast
906,1601,2015-12-19 00:00:00,2015,12,Dec,580,3098.67,321680,1,Northeast
907,1601,2016-01-17 00:00:00,2016,1,Jan,478,2417.76,321680,1,Northeast
908,1601,2016-02-16 00:00:00,2016,2,Feb,524,2664.78,321680,1,Northeast
909,1601,2016-03-16 00:00:00,2016,3,Mar,521,2690.5,321680,1,Northeast
910,1601,2016-04-14 00:00:00,2016,4,Apr,494,2501.99,321680,1,Northeast
911,1601,2016-05-13 00:00:00,2016,5,May,538,2794.17,321680,1,Northeast
912,1601,2016-06-12 00:00:00,2016,6,Jun,20,150.43,321680,1,Northeast
913,1601,2016-07-12 00:00:00,2016,7,Jul,616,3427.45,321680,1,Northeast
914,1601,2016-08-11 00:00:00,2016,8,Aug,511,2607.45,321680,1,Northeast
915,1601,2016-09-09 00:00:00,2016,9,Sep,535,2807.37,321680,1,Northeast
916,1601,2016-10-09 00:00:00,2016,10,Oct,586,2981.03,321680,1,Northeast
917,1601,2016-11-07 00:00:00,2016,11,Nov,612,3061.38,321680,1,Northeast
918,1601,2016-12-06 00:00:00,2016,12,Dec,512,2604.96,321680,1,Northeast
919,1611,2015-10-04 00:00:00,2015,10,Oct,509,2614.91,321690,1,Northeast
920,1611,2015-11-03 00:00:00,2015,11,Nov,501,2504.99,321690,1,Northeast
921,1611,2015-12-02 00:00:00,2015,12,Dec,497,2523.85,321690,1,Northeast
922,1611,2015-12-31 00:00:00,2015,12,Dec,528,2693.54,321690,1,Northeast
923,1611,2016-01-29 00:00:00,2016,1,Jan,540,2732.1,321690,1,Northeast
924,1611,2016-02-28 00:00:00,2016,2,Feb,533,2754.77,321690,1,Northeast
925,1611,2016-03-28 00:00:00,2016,3,Mar,430,2145.7,321690,1,Northeast
926,1611,2016-04-27 00:00:00,2016,4,Apr,464,2405.36,321690,1,Northeast
927,1611,2016-05-26 00:00:00,2016,5,May,13,96.17,321690,1,Northeast
928,1611,2016-06-24 00:00:00,2016,6,Jun,507,2562.43,321690,1,Northeast
929,1611,2016-07-23 00:00:00,2016,7,Jul,548,2779.52,321690,1,Northeast
930,1611,2016-08-21 00:00:00,2016,8,Aug,538,2800.31,321690,1,Northeast
931,1611,2016-09-20 00:00:00,2016,9,Sep,26,205.45,321690,1,Northeast
932,1611,2016-10-20 00:00:00,2016,10,Oct,575,3118.37,321690,1,Northeast
933,1611,2016-11-19 00:00:00,2016,11,Nov,520,2664.27,321690,1,Northeast
934,1611,2016-12-18 00:00:00,2016,12,Dec,529,2710.44,321690,1,Northeast
935,1621,2016-12-07 00:00:00,2016,12,Dec,208,1374.38,321700,1,Northeast
936,1631,2016-05-10 00:00:00,2016,5,May,275,1881.92,321500,1,Northeast
937,1631,2016-06-09 00:00:00,2016,6,Jun,143,858.08,321500,1,Northeast
938,1631,2016-08-07 00:00:00,2016,8,Aug,146,855.57,321500,1,Northeast
939,1631,2016-10-05 00:00:00,2016,10,Oct,184,1124.54,321500,1,Northeast
940,1631,2016-11-03 00:00:00,2016,11,Nov,150,899.92,321500,1,Northeast
941,1631,2016-12-02 00:00:00,2016,12,Dec,139,813.61,321500,1,Northeast
942,1631,2016-12-31 00:00:00,2016,12,Dec,110,548.9,321500,1,Northeast
943,1641,2016-09-10 00:00:00,2016,9,Sep,356,1886.52,321510,1,Northeast
944,1641,2016-10-09 00:00:00,2016,10,Oct,390,2002.44,321510,1,Northeast
945,1641,2016-11-07 00:00:00,2016,11,Nov,330,1744.2,321510,1,Northeast
946,1641,2016-12-06 00:00:00,2016,12,Dec,338,1814.95,321510,1,Northeast
947,1651,2014-07-12 00:00:00,2014,7,Jul,161,833.39,321520,1,Northeast
948,1651,2014-08-11 00:00:00,2014,8,Aug,186,1031.43,321520,1,Northeast
949,1651,2014-09-09 00:00:00,2014,9,Sep,40,199.6,321520,1,Northeast
950,1651,2014-10-08 00:00:00,2014,10,Oct,174,915.21,321520,1,Northeast
951,1651,2014-12-06 00:00:00,2014,12,Dec,187,967.54,321520,1,Northeast
952,1651,2015-01-04 00:00:00,2015,1,Jan,215,1112.85,321520,1,Northeast
953,1651,2015-02-03 00:00:00,2015,2,Feb,95,486.55,321520,1,Northeast
954,1651,2015-03-04 00:00:00,2015,3,Mar,151,753.49,321520,1,Northeast
955,1651,2015-04-02 00:00:00,2015,4,Apr,138,798.74,321520,1,Northeast
956,1651,2015-05-02 00:00:00,2015,5,May,162,830.88,321520,1,Northeast
957,1651,2015-05-31 00:00:00,2015,5,May,181,1025.2,321520,1,Northeast
958,1651,2015-06-29 00:00:00,2015,6,Jun,171,938.37,321520,1,Northeast
959,1651,2015-07-28 00:00:00,2015,7,Jul,177,953.23,321520,1,Northeast
960,1651,2015-08-28 00:00:00,2015,8,Aug,188,1070.68,321520,1,Northeast
961,1651,2015-09-25 00:00:00,2015,9,Sep,302,1941.93,321520,1,Northeast
962,1651,2015-10-25 00:00:00,2015,10,Oct,131,653.69,321520,1,Northeast
963,1651,2015-11-23 00:00:00,2015,11,Nov,176,900.74,321520,1,Northeast
964,1651,2015-12-22 00:00:00,2015,12,Dec,139,721.11,321520,1,Northeast
965,1651,2016-01-20 00:00:00,2016,1,Jan,191,1043.15,321520,1,Northeast
966,1651,2016-02-18 00:00:00,2016,2,Feb,155,785.95,321520,1,Northeast
967,1651,2016-03-19 00:00:00,2016,3,Mar,177,920.73,321520,1,Northeast
968,1651,2016-04-18 00:00:00,2016,4,Apr,157,815.93,321520,1,Northeast
969,1651,2016-05-18 00:00:00,2016,5,May,284,1482.81,321520,1,Northeast
970,1651,2016-06-16 00:00:00,2016,6,Jun,170,908.3,321520,1,Northeast
971,1651,2016-07-16 00:00:00,2016,7,Jul,146,736.04,321520,1,Northeast
972,1651,2016-08-15 00:00:00,2016,8,Aug,32,187.85,321520,1,Northeast
973,1651,2016-09-14 00:00:00,2016,9,Sep,374,2403.17,321520,1,Northeast
974,1651,2016-10-13 00:00:00,2016,10,Oct,205,1074.27,321520,1,Northeast
975,1651,2016-11-12 00:00:00,2016,11,Nov,153,827.27,321520,1,Northeast
976,1651,2016-12-12 00:00:00,2016,12,Dec,163,819.63,321520,1,Northeast
977,1661,2016-05-26 00:00:00,2016,5,May,615,3374.33,321500,1,Northeast
978,1661,2016-06-24 00:00:00,2016,6,Jun,1217,8373.38,321500,1,Northeast
979,1661,2016-07-23 00:00:00,2016,7,Jul,513,2600.56,321500,1,Northeast
980,1661,2016-08-22 00:00:00,2016,8,Aug,509,2577.47,321500,1,Northeast
981,1661,2016-09-21 00:00:00,2016,9,Sep,502,2546.89,321500,1,Northeast
982,1661,2016-10-21 00:00:00,2016,10,Oct,490,2474.49,321500,1,Northeast
983,1661,2016-11-19 00:00:00,2016,11,Nov,609,3096.41,321500,1,Northeast
984,1661,2016-12-18 00:00:00,2016,12,Dec,511,2581.19,321500,1,Northeast
985,1671,2016-06-29 00:00:00,2016,6,Jun,164,859.64,321510,1,Northeast
986,1681,2016-04-17 00:00:00,2016,4,Apr,360,1921.46,321520,1,Northeast
987,1681,2016-05-16 00:00:00,2016,5,May,340,1824.83,321520,1,Northeast
988,1681,2016-06-15 00:00:00,2016,6,Jun,764,4909.59,321520,1,Northeast
989,1681,2016-07-15 00:00:00,2016,7,Jul,392,2169.92,321520,1,Northeast
990,1681,2016-08-13 00:00:00,2016,8,Aug,316,1657.47,321520,1,Northeast
991,1681,2016-09-11 00:00:00,2016,9,Sep,1104,6144.25,321520,1,Northeast
992,1681,2016-10-11 00:00:00,2016,10,Oct,345,1819.11,321520,1,Northeast
993,1681,2016-11-09 00:00:00,2016,11,Nov,364,1932.05,321520,1,Northeast
994,1681,2016-12-08 00:00:00,2016,12,Dec,785,4051.74,321520,1,Northeast
995,1691,2016-01-13 00:00:00,2016,1,Jan,521,2661.13,321500,1,Northeast
996,1691,2016-02-11 00:00:00,2016,2,Feb,619,3222.67,321500,1,Northeast
997,1691,2016-03-11 00:00:00,2016,3,Mar,547,2839.53,321500,1,Northeast
998,1691,2016-04-10 00:00:00,2016,4,Apr,530,2716,321500,1,Northeast
999,1691,2016-05-10 00:00:00,2016,5,May,504,2514.96,321500,1,Northeast
1000,1691,2016-06-09 00:00:00,2016,6,Jun,439,2211.89,321500,1,Northeast
1001,1691,2016-07-08 00:00:00,2016,7,Jul,476,2375.24,321500,1,Northeast
1002,1691,2016-08-06 00:00:00,2016,8,Aug,467,2439.17,321500,1,Northeast
1003,1691,2016-09-05 00:00:00,2016,9,Sep,509,2564.91,321500,1,Northeast
1004,1691,2016-10-04 00:00:00,2016,10,Oct,513,2615.54,321500,1,Northeast
1005,1691,2016-11-03 00:00:00,2016,11,Nov,494,2465.06,321500,1,Northeast
1006,1691,2016-12-02 00:00:00,2016,12,Dec,523,2653.59,321500,1,Northeast
1007,1691,2016-12-31 00:00:00,2016,12,Dec,27,217.35,321500,1,Northeast
1008,1701,2013-12-12 00:00:00,2013,12,Dec,289,1879.03,321510,1,Northeast
1009,1701,2014-01-11 00:00:00,2014,1,Jan,145,723.55,321510,1,Northeast
1010,1701,2014-03-12 00:00:00,2014,3,Mar,23,181.09,321510,1,Northeast
1011,1701,2014-04-10 00:00:00,2014,4,Apr,153,842.96,321510,1,Northeast
1012,1701,2014-05-09 00:00:00,2014,5,May,218,1224.12,321510,1,Northeast
1013,1701,2014-06-08 00:00:00,2014,6,Jun,152,778.48,321510,1,Northeast
1014,1701,2014-07-07 00:00:00,2014,7,Jul,147,733.53,321510,1,Northeast
1015,1701,2014-08-05 00:00:00,2014,8,Aug,110,580.2,321510,1,Northeast
1016,1701,2014-09-05 00:00:00,2014,9,Sep,126,638.74,321510,1,Northeast
1017,1701,2014-10-04 00:00:00,2014,10,Oct,233,1187.71,321510,1,Northeast
1018,1701,2014-11-03 00:00:00,2014,11,Nov,168,914.03,321510,1,Northeast
1019,1701,2014-12-02 00:00:00,2014,12,Dec,173,923.27,321510,1,Northeast
1020,1701,2014-12-31 00:00:00,2014,12,Dec,154,826.04,321510,1,Northeast
1021,1701,2015-01-29 00:00:00,2015,1,Jan,209,1181.1,321510,1,Northeast
1022,1701,2015-02-28 00:00:00,2015,2,Feb,165,876.54,321510,1,Northeast
1023,1701,2015-03-30 00:00:00,2015,3,Mar,213,1236.89,321510,1,Northeast
1024,1701,2015-04-28 00:00:00,2015,4,Apr,195,1045.55,321510,1,Northeast
1025,1701,2015-05-27 00:00:00,2015,5,May,163,816.5,321510,1,Northeast
1026,1701,2015-06-26 00:00:00,2015,6,Jun,238,1376.56,321510,1,Northeast
1027,1701,2015-07-26 00:00:00,2015,7,Jul,154,785.96,321510,1,Northeast
1028,1701,2015-08-25 00:00:00,2015,8,Aug,109,607.06,321510,1,Northeast
1029,1701,2015-09-24 00:00:00,2015,9,Sep,194,1044.36,321510,1,Northeast
1030,1701,2015-10-23 00:00:00,2015,10,Oct,146,844.35,321510,1,Northeast
1031,1701,2016-01-21 00:00:00,2016,1,Jan,202,1128.69,321510,1,Northeast
1032,1701,2016-02-19 00:00:00,2016,2,Feb,121,616.29,321510,1,Northeast
1033,1701,2016-03-19 00:00:00,2016,3,Mar,161,839.69,321510,1,Northeast
1034,1701,2016-04-18 00:00:00,2016,4,Apr,156,800.94,321510,1,Northeast
1035,1701,2016-05-18 00:00:00,2016,5,May,20,152.95,321510,1,Northeast
1036,1701,2016-07-15 00:00:00,2016,7,Jul,279,1686.6,321510,1,Northeast
1037,1701,2016-08-14 00:00:00,2016,8,Aug,158,844.76,321510,1,Northeast
1038,1701,2016-09-12 00:00:00,2016,9,Sep,160,826.57,321510,1,Northeast
1039,1701,2016-10-12 00:00:00,2016,10,Oct,202,1141.78,321510,1,Northeast
1040,1701,2016-11-10 00:00:00,2016,11,Nov,178,986.43,321510,1,Northeast
1041,1701,2016-12-09 00:00:00,2016,12,Dec,314,1969.36,321510,1,Northeast
1042,1711,2015-07-10 00:00:00,2015,7,Jul,537,2763.45,321520,1,Northeast
1043,1711,2015-08-08 00:00:00,2015,8,Aug,613,3309.25,321520,1,Northeast
1044,1711,2015-09-06 00:00:00,2015,9,Sep,502,2556.3,321520,1,Northeast
1045,1711,2015-10-05 00:00:00,2015,10,Oct,524,2680.49,321520,1,Northeast
1046,1711,2015-11-04 00:00:00,2015,11,Nov,513,2612.37,321520,1,Northeast
1047,1711,2015-12-04 00:00:00,2015,12,Dec,534,2724.13,321520,1,Northeast
1048,1711,2016-01-02 00:00:00,2016,1,Jan,527,2692.9,321520,1,Northeast
1049,1711,2016-02-01 00:00:00,2016,2,Feb,580,3071.96,321520,1,Northeast
1050,1711,2016-03-01 00:00:00,2016,3,Mar,559,2932.64,321520,1,Northeast
1051,1711,2016-03-31 00:00:00,2016,3,Mar,496,2493.82,321520,1,Northeast
1052,1711,2016-04-29 00:00:00,2016,4,Apr,970,6332.68,321520,1,Northeast
1053,1711,2016-05-29 00:00:00,2016,5,May,578,2944.87,321520,1,Northeast
1054,1711,2016-06-26 00:00:00,2016,6,Jun,500,2495,321520,1,Northeast
1055,1711,2016-07-26 00:00:00,2016,7,Jul,505,2579.42,321520,1,Northeast
1056,1711,2016-08-24 00:00:00,2016,8,Aug,519,2611.07,321520,1,Northeast
1057,1711,2016-09-22 00:00:00,2016,9,Sep,535,2816.74,321520,1,Northeast
1058,1711,2016-10-21 00:00:00,2016,10,Oct,537,2704.65,321520,1,Northeast
1059,1711,2016-11-19 00:00:00,2016,11,Nov,544,2828.42,321520,1,Northeast
1060,1711,2016-12-18 00:00:00,2016,12,Dec,503,2547.53,321520,1,Northeast
1061,1721,2016-06-21 00:00:00,2016,6,Jun,144,796.06,321680,1,Northeast
1062,1721,2016-07-20 00:00:00,2016,7,Jul,152,923.01,321680,1,Northeast
1063,1741,2015-05-23 00:00:00,2015,5,May,612,3123.31,321700,1,Northeast
1064,1741,2015-06-20 00:00:00,2015,6,Jun,513,2618.06,321700,1,Northeast
1065,1741,2015-07-19 00:00:00,2015,7,Jul,555,2889.59,321700,1,Northeast
1066,1741,2015-08-17 00:00:00,2015,8,Aug,515,2624.89,321700,1,Northeast
1067,1741,2015-09-15 00:00:00,2015,9,Sep,543,2709.57,321700,1,Northeast
1068,1741,2015-10-15 00:00:00,2015,10,Oct,515,2579.24,321700,1,Northeast
1069,1741,2015-11-14 00:00:00,2015,11,Nov,510,2602.48,321700,1,Northeast
1070,1741,2015-12-13 00:00:00,2015,12,Dec,515,2654.36,321700,1,Northeast
1071,1741,2016-01-12 00:00:00,2016,1,Jan,551,2811.99,321700,1,Northeast
1072,1741,2016-02-10 00:00:00,2016,2,Feb,524,2652.89,321700,1,Northeast
1073,1741,2016-03-10 00:00:00,2016,3,Mar,502,2576.97,321700,1,Northeast
1074,1741,2016-04-08 00:00:00,2016,4,Apr,597,3271.91,321700,1,Northeast
1075,1741,2016-05-07 00:00:00,2016,5,May,550,2838.4,321700,1,Northeast
1076,1741,2016-06-06 00:00:00,2016,6,Jun,700,4035.56,321700,1,Northeast
1077,1741,2016-07-06 00:00:00,2016,7,Jul,693,4019.24,321700,1,Northeast
1078,1741,2016-08-04 00:00:00,2016,8,Aug,510,2575.57,321700,1,Northeast
1079,1741,2016-09-02 00:00:00,2016,9,Sep,537,2786.05,321700,1,Northeast
1080,1741,2016-10-01 00:00:00,2016,10,Oct,1828,13226.23,321700,1,Northeast
1081,1741,2016-10-31 00:00:00,2016,10,Oct,815,5064,321700,1,Northeast
1082,1741,2016-11-30 00:00:00,2016,11,Nov,709,4076.64,321700,1,Northeast
1083,1741,2016-12-30 00:00:00,2016,12,Dec,517,2618.63,321700,1,Northeast
1084,1751,2013-12-12 00:00:00,2013,12,Dec,153,772.86,321680,1,Northeast
1085,1751,2014-01-10 00:00:00,2014,1,Jan,171,976.46,321680,1,Northeast
1086,1751,2014-02-09 00:00:00,2014,2,Feb,128,641.22,321680,1,Northeast
1087,1751,2014-04-09 00:00:00,2014,4,Apr,147,742.92,321680,1,Northeast
1088,1751,2014-05-09 00:00:00,2014,5,May,133,663.67,321680,1,Northeast
1089,1761,2016-10-05 00:00:00,2016,10,Oct,174,1062.79,321690,1,Northeast
1090,1761,2016-11-03 00:00:00,2016,11,Nov,214,1387.49,321690,1,Northeast
1091,1761,2016-12-03 00:00:00,2016,12,Dec,91,658.62,321690,1,Northeast
1092,1761,2017-01-01 00:00:00,2017,1,Jan,214,1525.98,321690,1,Northeast
1093,1771,2016-08-18 00:00:00,2016,8,Aug,857,5151.43,321700,1,Northeast
1094,1771,2016-09-17 00:00:00,2016,9,Sep,498,2527.56,321700,1,Northeast
1095,1771,2016-10-17 00:00:00,2016,10,Oct,786,4064.11,321700,1,Northeast
1096,1771,2016-11-16 00:00:00,2016,11,Nov,498,2598.25,321700,1,Northeast
1097,1771,2016-12-15 00:00:00,2016,12,Dec,465,2320.35,321700,1,Northeast
1098,1781,2014-07-15 00:00:00,2014,7,Jul,491,2467.61,321630,1,Northeast
1099,1781,2014-08-13 00:00:00,2014,8,Aug,477,2611.85,321630,1,Northeast
1100,1781,2014-09-12 00:00:00,2014,9,Sep,516,2624.92,321630,1,Northeast
1101,1781,2014-10-12 00:00:00,2014,10,Oct,518,2662.34,321630,1,Northeast
1102,1781,2014-11-11 00:00:00,2014,11,Nov,517,2642.37,321630,1,Northeast
1103,1781,2014-12-10 00:00:00,2014,12,Dec,534,2714.74,321630,1,Northeast
1104,1781,2015-01-09 00:00:00,2015,1,Jan,503,2532.47,321630,1,Northeast
1105,1781,2015-02-08 00:00:00,2015,2,Feb,762,4366.6,321630,1,Northeast
1106,1781,2015-03-09 00:00:00,2015,3,Mar,534,2709.66,321630,1,Northeast
1107,1781,2015-04-08 00:00:00,2015,4,Apr,519,2649.2,321630,1,Northeast
1108,1781,2015-05-09 00:00:00,2015,5,May,513,2559.87,321630,1,Northeast
1109,1781,2015-06-07 00:00:00,2015,6,Jun,534,2776.04,321630,1,Northeast
1110,1781,2015-07-07 00:00:00,2015,7,Jul,507,2542.43,321630,1,Northeast
1111,1781,2015-08-06 00:00:00,2015,8,Aug,484,2430.81,321630,1,Northeast
1112,1781,2015-09-05 00:00:00,2015,9,Sep,6059,30279.45,321630,1,Northeast
1113,1781,2015-10-05 00:00:00,2015,10,Oct,1144,7326.69,321630,1,Northeast
1114,1781,2015-11-03 00:00:00,2015,11,Nov,520,2658.6,321630,1,Northeast
1115,1781,2015-12-02 00:00:00,2015,12,Dec,510,2579.33,321630,1,Northeast
1116,1781,2015-12-31 00:00:00,2015,12,Dec,516,2584.84,321630,1,Northeast
1117,1781,2016-01-30 00:00:00,2016,1,Jan,553,2932.82,321630,1,Northeast
1118,1781,2016-02-29 00:00:00,2016,2,Feb,516,2615.53,321630,1,Northeast
1119,1781,2016-03-30 00:00:00,2016,3,Mar,520,2641.75,321630,1,Northeast
1120,1781,2016-04-29 00:00:00,2016,4,Apr,504,2514.96,321630,1,Northeast
1121,1781,2016-05-29 00:00:00,2016,5,May,510,2557.4,321630,1,Northeast
1122,1781,2016-06-28 00:00:00,2016,6,Jun,525,2736.05,321630,1,Northeast
1123,1781,2016-07-28 00:00:00,2016,7,Jul,685,3418.15,321630,1,Northeast
1124,1781,2016-08-26 00:00:00,2016,8,Aug,515,2626.15,321630,1,Northeast
1125,1781,2016-09-24 00:00:00,2016,9,Sep,523,2702.37,321630,1,Northeast
1126,1781,2016-10-24 00:00:00,2016,10,Oct,535,2702.15,321630,1,Northeast
1127,1781,2016-11-22 00:00:00,2016,11,Nov,504,2546.22,321630,1,Northeast
1128,1781,2016-12-22 00:00:00,2016,12,Dec,544,2753.99,321630,1,Northeast
1129,1791,2013-12-09 00:00:00,2013,12,Dec,481,2400.19,321640,1,Northeast
1130,1791,2014-01-07 00:00:00,2014,1,Jan,546,2857.04,321640,1,Northeast
1131,1791,2014-02-06 00:00:00,2014,2,Feb,539,2780.97,321640,1,Northeast
1132,1791,2014-03-07 00:00:00,2014,3,Mar,723,4096.65,321640,1,Northeast
1133,1791,2014-04-06 00:00:00,2014,4,Apr,539,2826.66,321640,1,Northeast
1134,1791,2014-05-06 00:00:00,2014,5,May,493,2545.78,321640,1,Northeast
1135,1791,2014-06-04 00:00:00,2014,6,Jun,540,2825.35,321640,1,Northeast
1136,1791,2014-07-04 00:00:00,2014,7,Jul,557,2847.03,321640,1,Northeast
1137,1791,2014-08-03 00:00:00,2014,8,Aug,700,4044.34,321640,1,Northeast
1138,1791,2014-09-30 00:00:00,2014,9,Sep,496,2521.99,321640,1,Northeast
1139,1791,2014-10-29 00:00:00,2014,10,Oct,27,202.23,321640,1,Northeast
1140,1791,2014-11-27 00:00:00,2014,11,Nov,496,2540.04,321640,1,Northeast
1141,1791,2014-12-27 00:00:00,2014,12,Dec,518,2622.32,321640,1,Northeast
1142,1791,2015-01-26 00:00:00,2015,1,Jan,515,2612.37,321640,1,Northeast
1143,1791,2015-02-25 00:00:00,2015,2,Feb,507,2578.08,321640,1,Northeast
1144,1791,2015-03-27 00:00:00,2015,3,Mar,511,2557.39,321640,1,Northeast
1145,1791,2015-04-26 00:00:00,2015,4,Apr,510,2579.29,321640,1,Northeast
1146,1791,2015-05-25 00:00:00,2015,5,May,499,2524.44,321640,1,Northeast
1147,1791,2015-07-23 00:00:00,2015,7,Jul,566,2854.34,321640,1,Northeast
1148,1791,2015-08-22 00:00:00,2015,8,Aug,499,2490.01,321640,1,Northeast
1149,1791,2015-09-20 00:00:00,2015,9,Sep,498,2485.02,321640,1,Northeast
1150,1791,2015-10-19 00:00:00,2015,10,Oct,549,2922.86,321640,1,Northeast
1151,1791,2015-11-18 00:00:00,2015,11,Nov,528,2687.22,321640,1,Northeast
1152,1791,2015-12-18 00:00:00,2015,12,Dec,545,2899.77,321640,1,Northeast
1153,1791,2016-01-16 00:00:00,2016,1,Jan,507,2552.43,321640,1,Northeast
1154,1791,2016-02-14 00:00:00,2016,2,Feb,528,2756.79,321640,1,Northeast
1155,1791,2016-03-15 00:00:00,2016,3,Mar,527,2698.59,321640,1,Northeast
1156,1791,2016-04-14 00:00:00,2016,4,Apr,508,2534.92,321640,1,Northeast
1157,1791,2016-05-13 00:00:00,2016,5,May,512,2567.38,321640,1,Northeast
1158,1791,2016-06-11 00:00:00,2016,6,Jun,499,2513.77,321640,1,Northeast
1159,1791,2016-07-11 00:00:00,2016,7,Jul,915,6142.13,321640,1,Northeast
1160,1791,2016-08-10 00:00:00,2016,8,Aug,519,2680.58,321640,1,Northeast
1161,1791,2016-09-09 00:00:00,2016,9,Sep,523,2648.55,321640,1,Northeast
1162,1791,2016-10-08 00:00:00,2016,10,Oct,505,2549.95,321640,1,Northeast
1163,1791,2016-11-07 00:00:00,2016,11,Nov,552,2882.14,321640,1,Northeast
1164,1791,2016-12-06 00:00:00,2016,12,Dec,502,2530.02,321640,1,Northeast
1165,1801,2015-11-03 00:00:00,2015,11,Nov,465,2747.93,321630,1,Northeast
1166,1801,2015-12-02 00:00:00,2015,12,Dec,336,1734.77,321630,1,Northeast
1167,1801,2016-01-01 00:00:00,2016,1,Jan,368,1998.31,321630,1,Northeast
1168,1801,2016-01-31 00:00:00,2016,1,Jan,332,1814.24,321630,1,Northeast
1169,1801,2016-03-01 00:00:00,2016,3,Mar,313,1669.47,321630,1,Northeast
1170,1801,2016-03-30 00:00:00,2016,3,Mar,341,1802.22,321630,1,Northeast
1171,1801,2016-04-28 00:00:00,2016,4,Apr,277,1447.96,321630,1,Northeast
1172,1801,2016-05-27 00:00:00,2016,5,May,320,1696.8,321630,1,Northeast
1173,1801,2016-06-25 00:00:00,2016,6,Jun,430,2518.7,321630,1,Northeast
1174,1801,2016-07-24 00:00:00,2016,7,Jul,323,1676.77,321630,1,Northeast
1175,1801,2016-08-22 00:00:00,2016,8,Aug,342,1833.57,321630,1,Northeast
1176,1801,2016-09-20 00:00:00,2016,9,Sep,349,1889.11,321630,1,Northeast
1177,1801,2016-10-19 00:00:00,2016,10,Oct,316,1639.44,321630,1,Northeast
1178,1801,2016-11-18 00:00:00,2016,11,Nov,305,1521.95,321630,1,Northeast
1179,1801,2016-12-17 00:00:00,2016,12,Dec,338,1789.18,321630,1,Northeast
1180,1811,2016-11-26 00:00:00,2016,11,Nov,578,2918,321640,1,Northeast
1181,1811,2016-12-26 00:00:00,2016,12,Dec,585,3106.95,321640,1,Northeast
1182,1821,2016-12-22 00:00:00,2016,12,Dec,425,2372.11,321630,1,Northeast
1183,1831,2015-12-01 00:00:00,2015,12,Dec,371,1980.8,321640,1,Northeast
1184,1831,2015-12-30 00:00:00,2015,12,Dec,340,1819.22,321640,1,Northeast
1185,1831,2016-01-29 00:00:00,2016,1,Jan,359,1924.01,321640,1,Northeast
1186,1831,2016-02-27 00:00:00,2016,2,Feb,317,1624.96,321640,1,Northeast
1187,1831,2016-03-27 00:00:00,2016,3,Mar,355,1914.07,321640,1,Northeast
1188,1831,2016-04-26 00:00:00,2016,4,Apr,322,1706.78,321640,1,Northeast
1189,1831,2016-05-26 00:00:00,2016,5,May,267,1429.83,321640,1,Northeast
1190,1831,2016-06-24 00:00:00,2016,6,Jun,324,1675.54,321640,1,Northeast
1191,1831,2016-07-24 00:00:00,2016,7,Jul,9638,77285.75,321640,1,Northeast
1192,1831,2016-08-23 00:00:00,2016,8,Aug,93,728.07,321640,1,Northeast
1193,1831,2016-09-21 00:00:00,2016,9,Sep,342,1799.14,321640,1,Northeast
1194,1831,2016-10-20 00:00:00,2016,10,Oct,347,1855.39,321640,1,Northeast
1195,1831,2016-11-19 00:00:00,2016,11,Nov,512,3138.05,321640,1,Northeast
1196,1831,2016-12-18 00:00:00,2016,12,Dec,436,2419.54,321640,1,Northeast
1197,1841,2015-12-06 00:00:00,2015,12,Dec,518,2632.97,321630,1,Northeast
1198,1841,2016-01-05 00:00:00,2016,1,Jan,541,2802.88,321630,1,Northeast
1199,1841,2016-02-03 00:00:00,2016,2,Feb,781,4597.82,321630,1,Northeast
1200,1841,2016-03-03 00:00:00,2016,3,Mar,526,2732.36,321630,1,Northeast
1201,1841,2016-04-01 00:00:00,2016,4,Apr,448,2248.04,321630,1,Northeast
1202,1841,2016-04-30 00:00:00,2016,4,Apr,529,2714.83,321630,1,Northeast
1203,1841,2016-05-30 00:00:00,2016,5,May,504,2532.46,321630,1,Northeast
1204,1841,2016-06-29 00:00:00,2016,6,Jun,512,2564.88,321630,1,Northeast
1205,1841,2016-07-28 00:00:00,2016,7,Jul,529,2747.27,321630,1,Northeast
1206,1841,2016-08-26 00:00:00,2016,8,Aug,490,2445.1,321630,1,Northeast
1207,1841,2016-09-24 00:00:00,2016,9,Sep,472,2364.04,321630,1,Northeast
1208,1841,2016-10-23 00:00:00,2016,10,Oct,587,3131.67,321630,1,Northeast
1209,1841,2016-11-21 00:00:00,2016,11,Nov,512,2554.88,321630,1,Northeast
1210,1841,2016-12-20 00:00:00,2016,12,Dec,527,2654.77,321630,1,Northeast
1211,1851,2014-06-16 00:00:00,2014,6,Jun,494,2467.56,321640,1,Northeast
1212,1851,2014-07-16 00:00:00,2014,7,Jul,551,2836.44,321640,1,Northeast
1213,1851,2014-08-15 00:00:00,2014,8,Aug,523,2703.67,321640,1,Northeast
1214,1851,2014-09-13 00:00:00,2014,9,Sep,525,2692.31,321640,1,Northeast
1215,1851,2014-10-13 00:00:00,2014,10,Oct,502,2539.41,321640,1,Northeast
1216,1851,2014-11-12 00:00:00,2014,11,Nov,481,2432.69,321640,1,Northeast
1217,1851,2014-12-11 00:00:00,2014,12,Dec,691,4045.9,321640,1,Northeast
1218,1851,2015-01-09 00:00:00,2015,1,Jan,502,2504.98,321640,1,Northeast
1219,1851,2015-02-08 00:00:00,2015,2,Feb,584,3106.19,321640,1,Northeast
1220,1851,2015-03-10 00:00:00,2015,3,Mar,486,2431.4,321640,1,Northeast
1221,1851,2015-04-09 00:00:00,2015,4,Apr,560,2813.18,321640,1,Northeast
1222,1851,2015-05-09 00:00:00,2015,5,May,541,2734.02,321640,1,Northeast
1223,1851,2015-06-08 00:00:00,2015,6,Jun,542,2723.36,321640,1,Northeast
1224,1851,2015-07-07 00:00:00,2015,7,Jul,511,2609.93,321640,1,Northeast
1225,1851,2015-08-05 00:00:00,2015,8,Aug,615,3109.5,321640,1,Northeast
1226,1851,2015-09-03 00:00:00,2015,9,Sep,553,2899.61,321640,1,Northeast
1227,1851,2015-10-03 00:00:00,2015,10,Oct,515,2594.85,321640,1,Northeast
1228,1851,2015-11-02 00:00:00,2015,11,Nov,529,2763.55,321640,1,Northeast
1229,1861,2016-12-26 00:00:00,2016,12,Dec,367,1995.8,321630,1,Northeast
1230,1871,2013-12-22 00:00:00,2013,12,Dec,343,1865.47,321640,1,Northeast
1231,1871,2014-01-21 00:00:00,2014,1,Jan,337,1789.84,321640,1,Northeast
1232,1871,2014-02-20 00:00:00,2014,2,Feb,355,1918.44,321640,1,Northeast
1233,1871,2014-03-21 00:00:00,2014,3,Mar,113,901.81,321640,1,Northeast
1234,1871,2014-04-19 00:00:00,2014,4,Apr,420,2425.59,321640,1,Northeast
1235,1871,2014-05-19 00:00:00,2014,5,May,365,2005.88,321640,1,Northeast
1236,1871,2014-06-17 00:00:00,2014,6,Jun,471,2792.79,321640,1,Northeast
1237,1871,2014-07-17 00:00:00,2014,7,Jul,449,2415.04,321640,1,Northeast
1238,1871,2014-08-15 00:00:00,2014,8,Aug,332,1786.15,321640,1,Northeast
1239,1871,2014-09-14 00:00:00,2014,9,Sep,346,1860.38,321640,1,Northeast
1240,1871,2014-10-14 00:00:00,2014,10,Oct,337,1795.43,321640,1,Northeast
1241,1871,2014-11-13 00:00:00,2014,11,Nov,49,380.87,321640,1,Northeast
1242,1871,2014-12-12 00:00:00,2014,12,Dec,346,1901.66,321640,1,Northeast
1243,1871,2015-01-10 00:00:00,2015,1,Jan,317,1746.99,321640,1,Northeast
1244,1871,2015-02-09 00:00:00,2015,2,Feb,362,1994.06,321640,1,Northeast
1245,1871,2015-03-11 00:00:00,2015,3,Mar,4166,30541.97,321640,1,Northeast
1246,1871,2015-04-10 00:00:00,2015,4,Apr,341,1794.09,321640,1,Northeast
1247,1871,2015-05-09 00:00:00,2015,5,May,348,1931.09,321640,1,Northeast
1248,1871,2015-06-07 00:00:00,2015,6,Jun,328,1706.72,321640,1,Northeast
1249,1871,2015-07-07 00:00:00,2015,7,Jul,337,1794.31,321640,1,Northeast
1250,1871,2015-08-05 00:00:00,2015,8,Aug,312,1591.31,321640,1,Northeast
1251,1871,2015-09-03 00:00:00,2015,9,Sep,302,1506.98,321640,1,Northeast
1252,1871,2015-10-02 00:00:00,2015,10,Oct,331,1780.02,321640,1,Northeast
1253,1871,2015-10-31 00:00:00,2015,10,Oct,377,2053.18,321640,1,Northeast
1254,1871,2015-11-29 00:00:00,2015,11,Nov,334,1773.65,321640,1,Northeast
1255,1871,2015-12-29 00:00:00,2015,12,Dec,367,1984.56,321640,1,Northeast
1256,1871,2016-01-27 00:00:00,2016,1,Jan,276,1377.24,321640,1,Northeast
1257,1871,2016-02-25 00:00:00,2016,2,Feb,386,2151.26,321640,1,Northeast
1258,1871,2016-03-26 00:00:00,2016,3,Mar,462,2448.61,321640,1,Northeast
1259,1871,2016-04-24 00:00:00,2016,4,Apr,326,1674.24,321640,1,Northeast
1260,1871,2016-05-24 00:00:00,2016,5,May,361,2034.15,321640,1,Northeast
1261,1871,2016-06-22 00:00:00,2016,6,Jun,357,1939.66,321640,1,Northeast
1262,1871,2016-07-21 00:00:00,2016,7,Jul,420,2424.09,321640,1,Northeast
1263,1871,2016-08-20 00:00:00,2016,8,Aug,427,2212.01,321640,1,Northeast
1264,1871,2016-09-19 00:00:00,2016,9,Sep,598,3903.53,321640,1,Northeast
1265,1871,2016-10-18 00:00:00,2016,10,Oct,384,2136.22,321640,1,Northeast
1266,1871,2016-11-16 00:00:00,2016,11,Nov,632,4190.77,321640,1,Northeast
1267,1871,2016-12-15 00:00:00,2016,12,Dec,324,1690.6,321640,1,Northeast
1268,1881,2013-12-08 00:00:00,2013,12,Dec,2215,16375.46,321580,1,Northeast
1269,1881,2014-01-06 00:00:00,2014,1,Jan,505,2566.9,321580,1,Northeast
1270,1881,2014-02-04 00:00:00,2014,2,Feb,522,2651.08,321580,1,Northeast
1271,1881,2014-03-05 00:00:00,2014,3,Mar,509,2593.12,321580,1,Northeast
1272,1881,2014-04-03 00:00:00,2014,4,Apr,547,2870.38,321580,1,Northeast
1273,1881,2014-05-02 00:00:00,2014,5,May,537,2679.63,321580,1,Northeast
1274,1881,2014-06-01 00:00:00,2014,6,Jun,458,2335.5,321580,1,Northeast
1275,1881,2014-07-01 00:00:00,2014,7,Jul,526,2702.89,321580,1,Northeast
1276,1881,2014-07-31 00:00:00,2014,7,Jul,467,2330.33,321580,1,Northeast
1277,1881,2014-08-30 00:00:00,2014,8,Aug,607,3373.23,321580,1,Northeast
1278,1881,2014-09-29 00:00:00,2014,9,Sep,540,2772.1,321580,1,Northeast
1279,1881,2014-10-28 00:00:00,2014,10,Oct,505,2541.86,321580,1,Northeast
1280,1881,2014-11-26 00:00:00,2014,11,Nov,546,2817.16,321580,1,Northeast
1281,1881,2014-12-26 00:00:00,2014,12,Dec,508,2534.92,321580,1,Northeast
1282,1881,2015-01-25 00:00:00,2015,1,Jan,497,2512.53,321580,1,Northeast
1283,1881,2015-02-23 00:00:00,2015,2,Feb,501,2519.99,321580,1,Northeast
1284,1881,2015-03-24 00:00:00,2015,3,Mar,9,67.41,321580,1,Northeast
1285,1881,2015-04-24 00:00:00,2015,4,Apr,531,2744.16,321580,1,Northeast
1286,1881,2015-05-22 00:00:00,2015,5,May,530,2722.95,321580,1,Northeast
1287,1881,2015-06-21 00:00:00,2015,6,Jun,533,2736.03,321580,1,Northeast
1288,1881,2015-07-20 00:00:00,2015,7,Jul,528,2675.41,321580,1,Northeast
1289,1881,2015-08-19 00:00:00,2015,8,Aug,545,2792.74,321580,1,Northeast
1290,1881,2015-09-17 00:00:00,2015,9,Sep,461,2341.04,321580,1,Northeast
1291,1881,2015-10-16 00:00:00,2015,10,Oct,497,2519.42,321580,1,Northeast
1292,1881,2015-11-15 00:00:00,2015,11,Nov,535,2751.62,321580,1,Northeast
1293,1881,2015-12-15 00:00:00,2015,12,Dec,386,1988.68,321580,1,Northeast
1294,1881,2016-01-14 00:00:00,2016,1,Jan,696,3830.7,321580,1,Northeast
1295,1881,2016-02-12 00:00:00,2016,2,Feb,510,2544.9,321580,1,Northeast
1296,1881,2016-03-12 00:00:00,2016,3,Mar,1004,6248.13,321580,1,Northeast
1297,1881,2016-04-11 00:00:00,2016,4,Apr,3402,16998.48,321580,1,Northeast
1298,1881,2016-05-10 00:00:00,2016,5,May,471,2365.94,321580,1,Northeast
1299,1881,2016-06-09 00:00:00,2016,6,Jun,517,2646.76,321580,1,Northeast
1300,1881,2016-07-08 00:00:00,2016,7,Jul,466,2325.34,321580,1,Northeast
1301,1891,2016-06-01 00:00:00,2016,6,Jun,530,2716.69,321590,1,Northeast
1302,1891,2016-06-30 00:00:00,2016,6,Jun,612,3370.28,321590,1,Northeast
1303,1891,2016-07-30 00:00:00,2016,7,Jul,553,2861.44,321590,1,Northeast
1304,1891,2016-08-28 00:00:00,2016,8,Aug,600,3062.19,321590,1,Northeast
1305,1891,2016-09-26 00:00:00,2016,9,Sep,541,2834.06,321590,1,Northeast
1306,1901,2016-11-10 00:00:00,2016,11,Nov,50,390.25,321580,1,Northeast
1307,1911,2016-10-06 00:00:00,2016,10,Oct,178,1078.34,321590,1,Northeast
1308,1911,2016-11-05 00:00:00,2016,11,Nov,170,1075.98,321590,1,Northeast
1309,1911,2016-12-04 00:00:00,2016,12,Dec,127,711.23,321590,1,Northeast
1310,1921,2015-05-09 00:00:00,2015,5,May,170,999.66,321580,1,Northeast
1311,1921,2015-06-08 00:00:00,2015,6,Jun,193,1188.25,321580,1,Northeast
1312,1921,2015-07-08 00:00:00,2015,7,Jul,840,4376.74,321580,1,Northeast
1313,1921,2015-08-07 00:00:00,2015,8,Aug,549,2858.39,321580,1,Northeast
1314,1921,2015-09-06 00:00:00,2015,9,Sep,206,1312.53,321580,1,Northeast
1315,1921,2015-11-05 00:00:00,2015,11,Nov,168,1041.65,321580,1,Northeast
1316,1921,2016-01-03 00:00:00,2016,1,Jan,165,1020.42,321580,1,Northeast
1317,1921,2016-02-02 00:00:00,2016,2,Feb,155,930.5,321580,1,Northeast
1318,1921,2016-03-02 00:00:00,2016,3,Mar,122,673.78,321580,1,Northeast
1319,1921,2016-03-31 00:00:00,2016,3,Mar,152,909.82,321580,1,Northeast
1320,1921,2016-04-30 00:00:00,2016,4,Apr,117,756.47,321580,1,Northeast
1321,1921,2016-05-29 00:00:00,2016,5,May,191,1202.76,321580,1,Northeast
1322,1921,2016-06-27 00:00:00,2016,6,Jun,143,823.12,321580,1,Northeast
1323,1921,2016-07-27 00:00:00,2016,7,Jul,158,930.43,321580,1,Northeast
1324,1921,2016-08-25 00:00:00,2016,8,Aug,196,1240.86,321580,1,Northeast
1325,1921,2016-09-23 00:00:00,2016,9,Sep,183,1095.81,321580,1,Northeast
1326,1931,2016-07-30 00:00:00,2016,7,Jul,2927,22224.13,321590,1,Northeast
1327,1931,2016-08-28 00:00:00,2016,8,Aug,423,2154.59,321590,1,Northeast
1328,1931,2016-09-26 00:00:00,2016,9,Sep,468,2348.45,321590,1,Northeast
1329,1931,2016-10-25 00:00:00,2016,10,Oct,520,2634.8,321590,1,Northeast
1330,1931,2016-11-24 00:00:00,2016,11,Nov,538,2779.05,321590,1,Northeast
1331,1931,2016-12-24 00:00:00,2016,12,Dec,623,3308.77,321590,1,Northeast
1332,1941,2015-08-27 00:00:00,2015,8,Aug,162,849.07,321560,1,Northeast
1333,1941,2015-09-26 00:00:00,2015,9,Sep,151,753.49,321560,1,Northeast
1334,1941,2015-10-25 00:00:00,2015,10,Oct,150,783.52,321560,1,Northeast
1335,1941,2015-11-23 00:00:00,2015,11,Nov,152,803.48,321560,1,Northeast
1336,1941,2015-12-23 00:00:00,2015,12,Dec,196,987.43,321560,1,Northeast
1337,1941,2016-01-22 00:00:00,2016,1,Jan,160,850.9,321560,1,Northeast
1338,1941,2016-03-20 00:00:00,2016,3,Mar,216,1271.9,321560,1,Northeast
1339,1941,2016-04-19 00:00:00,2016,4,Apr,186,985.64,321560,1,Northeast
1340,1941,2016-05-18 00:00:00,2016,5,May,234,1385.83,321560,1,Northeast
1341,1941,2016-06-17 00:00:00,2016,6,Jun,168,900.92,321560,1,Northeast
1342,1941,2016-07-16 00:00:00,2016,7,Jul,194,1126.96,321560,1,Northeast
1343,1941,2016-08-14 00:00:00,2016,8,Aug,176,937.02,321560,1,Northeast
1344,1941,2016-09-12 00:00:00,2016,9,Sep,63,510.93,321560,1,Northeast
1345,1941,2016-10-12 00:00:00,2016,10,Oct,128,676.28,321560,1,Northeast
1346,1941,2016-11-11 00:00:00,2016,11,Nov,157,800.93,321560,1,Northeast
1347,1941,2016-12-10 00:00:00,2016,12,Dec,187,1040.1,321560,1,Northeast
1348,1951,2013-12-18 00:00:00,2013,12,Dec,211,1228.72,321560,1,Northeast
1349,1951,2014-01-17 00:00:00,2014,1,Jan,149,743.51,321560,1,Northeast
1350,1951,2014-02-16 00:00:00,2014,2,Feb,159,882.9,321560,1,Northeast
1351,1951,2014-03-18 00:00:00,2014,3,Mar,183,1034.57,321560,1,Northeast
1352,1951,2014-04-16 00:00:00,2014,4,Apr,296,1505.17,321560,1,Northeast
1353,1951,2014-05-16 00:00:00,2014,5,May,0,0,321560,1,Northeast
1354,1951,2014-07-13 00:00:00,2014,7,Jul,189,996.28,321560,1,Northeast
1355,1951,2014-08-11 00:00:00,2014,8,Aug,153,763.47,321560,1,Northeast
1356,1951,2014-09-09 00:00:00,2014,9,Sep,179,927.64,321560,1,Northeast
1357,1951,2014-10-10 00:00:00,2014,10,Oct,188,1045.09,321560,1,Northeast
1358,1951,2014-11-07 00:00:00,2014,11,Nov,150,748.5,321560,1,Northeast
1359,1951,2014-12-06 00:00:00,2014,12,Dec,218,1223.59,321560,1,Northeast
1360,1951,2015-01-05 00:00:00,2015,1,Jan,197,1120.08,321560,1,Northeast
1361,1951,2015-02-04 00:00:00,2015,2,Feb,404,2827.87,321560,1,Northeast
1362,1951,2015-03-05 00:00:00,2015,3,Mar,176,1017.75,321560,1,Northeast
1363,1951,2015-04-04 00:00:00,2015,4,Apr,189,1076.44,321560,1,Northeast
1364,1961,2017-01-01 00:00:00,2017,1,Jan,170,1036.57,321560,1,Northeast
1365,1971,2016-12-01 00:00:00,2016,12,Dec,348,1818.43,321520,1,Northeast
1366,1971,2016-12-31 00:00:00,2016,12,Dec,318,1671.21,321520,1,Northeast
1367,1981,2015-12-11 00:00:00,2015,12,Dec,148,866.12,321530,1,Northeast
1368,1981,2016-01-09 00:00:00,2016,1,Jan,131,779.4,321530,1,Northeast
1369,1981,2016-02-07 00:00:00,2016,2,Feb,207,1248.7,321530,1,Northeast
1370,1981,2016-03-08 00:00:00,2016,3,Mar,193,1166.42,321530,1,Northeast
1371,1981,2016-04-06 00:00:00,2016,4,Apr,171,1080.42,321530,1,Northeast
1372,1981,2016-05-05 00:00:00,2016,5,May,412,2815.39,321530,1,Northeast
1373,1981,2016-06-03 00:00:00,2016,6,Jun,131,653.69,321530,1,Northeast
1374,1981,2016-07-02 00:00:00,2016,7,Jul,160,932.24,321530,1,Northeast
1375,1981,2016-08-01 00:00:00,2016,8,Aug,110,847.21,321530,1,Northeast
1376,1981,2016-08-30 00:00:00,2016,8,Aug,184,1075.82,321530,1,Northeast
1377,1981,2016-09-28 00:00:00,2016,9,Sep,19,154.28,321530,1,Northeast
1378,1991,2016-10-09 00:00:00,2016,10,Oct,507,2554.93,321540,1,Northeast
1379,1991,2016-11-07 00:00:00,2016,11,Nov,480,2447.13,321540,1,Northeast
1380,1991,2016-12-06 00:00:00,2016,12,Dec,553,2935.36,321540,1,Northeast
1381,2001,2015-10-17 00:00:00,2015,10,Oct,428,2155.11,321550,1,Northeast
1382,2001,2015-11-15 00:00:00,2015,11,Nov,553,2898.92,321550,1,Northeast
1383,2001,2015-12-15 00:00:00,2015,12,Dec,568,3033.28,321550,1,Northeast
1384,2001,2016-01-12 00:00:00,2016,1,Jan,521,2662.92,321550,1,Northeast
1385,2001,2016-02-10 00:00:00,2016,2,Feb,518,2619.25,321550,1,Northeast
1386,2001,2016-03-11 00:00:00,2016,3,Mar,638,3370.57,321550,1,Northeast
1387,2001,2016-04-09 00:00:00,2016,4,Apr,509,2549.3,321550,1,Northeast
1388,2001,2016-05-08 00:00:00,2016,5,May,498,2485.02,321550,1,Northeast
1389,2011,2016-05-19 00:00:00,2016,5,May,173,1054.2,321680,1,Northeast
1390,2011,2016-06-18 00:00:00,2016,6,Jun,137,1053.85,321680,1,Northeast
1391,2011,2016-07-17 00:00:00,2016,7,Jul,134,885.16,321680,1,Northeast
1392,2011,2016-08-16 00:00:00,2016,8,Aug,165,967.76,321680,1,Northeast
1393,2011,2016-09-15 00:00:00,2016,9,Sep,159,909.22,321680,1,Northeast
1394,2011,2016-10-14 00:00:00,2016,10,Oct,124,671.97,321680,1,Northeast
1395,2011,2016-11-13 00:00:00,2016,11,Nov,100,499,321680,1,Northeast
1396,2011,2016-12-13 00:00:00,2016,12,Dec,161,1045.44,321680,1,Northeast
1397,2021,2016-10-07 00:00:00,2016,10,Oct,557,2932.6,321690,1,Northeast
1398,2021,2016-11-06 00:00:00,2016,11,Nov,600,3262.8,321690,1,Northeast
1399,2021,2016-12-05 00:00:00,2016,12,Dec,533,2786.07,321690,1,Northeast
1400,2031,2016-09-28 00:00:00,2016,9,Sep,342,1834.2,321700,1,Northeast
1401,2031,2016-10-28 00:00:00,2016,10,Oct,356,1950.32,321700,1,Northeast
1402,2031,2016-11-27 00:00:00,2016,11,Nov,374,2064.53,321700,1,Northeast
1403,2031,2016-12-27 00:00:00,2016,12,Dec,1146,7844.29,321700,1,Northeast
1404,2041,2014-10-05 00:00:00,2014,10,Oct,186,1015.64,321680,1,Northeast
1405,2041,2014-11-03 00:00:00,2014,11,Nov,154,931.67,321680,1,Northeast
1406,2041,2014-12-02 00:00:00,2014,12,Dec,172,1034.68,321680,1,Northeast
1407,2041,2015-01-01 00:00:00,2015,1,Jan,195,1233.37,321680,1,Northeast
1408,2041,2015-01-30 00:00:00,2015,1,Jan,1150,5874.94,321680,1,Northeast
1409,2041,2015-02-28 00:00:00,2015,2,Feb,186,1130.84,321680,1,Northeast
1410,2041,2015-03-30 00:00:00,2015,3,Mar,163,990.42,321680,1,Northeast
1411,2041,2015-05-28 00:00:00,2015,5,May,184,1092.02,321680,1,Northeast
1412,2041,2015-06-27 00:00:00,2015,6,Jun,144,868.68,321680,1,Northeast
1413,2041,2015-07-26 00:00:00,2015,7,Jul,127,785.13,321680,1,Northeast
1414,2041,2015-08-24 00:00:00,2015,8,Aug,178,1104.68,321680,1,Northeast
1415,2041,2015-09-22 00:00:00,2015,9,Sep,192,1197.57,321680,1,Northeast
1416,2041,2015-10-21 00:00:00,2015,10,Oct,140,868.15,321680,1,Northeast
1417,2041,2015-11-20 00:00:00,2015,11,Nov,162,977.18,321680,1,Northeast
1418,2041,2015-12-20 00:00:00,2015,12,Dec,534,2861.12,321680,1,Northeast
1419,2041,2016-01-19 00:00:00,2016,1,Jan,140,853.05,321680,1,Northeast
1420,2041,2016-02-18 00:00:00,2016,2,Feb,139,824.36,321680,1,Northeast
1421,2051,2013-12-29 00:00:00,2013,12,Dec,537,2782.8,321690,1,Northeast
1422,2051,2014-01-28 00:00:00,2014,1,Jan,507,2529.93,321690,1,Northeast
1423,2051,2014-02-26 00:00:00,2014,2,Feb,467,2390.37,321690,1,Northeast
1424,2051,2014-03-28 00:00:00,2014,3,Mar,520,2649.23,321690,1,Northeast
1425,2051,2014-04-26 00:00:00,2014,4,Apr,508,2556.83,321690,1,Northeast
1426,2051,2014-05-26 00:00:00,2014,5,May,530,2712.22,321690,1,Northeast
1427,2051,2014-06-25 00:00:00,2014,6,Jun,502,2558.19,321690,1,Northeast
1428,2051,2014-07-24 00:00:00,2014,7,Jul,498,2485.02,321690,1,Northeast
1429,2051,2014-08-23 00:00:00,2014,8,Aug,499,2490.01,321690,1,Northeast
1430,2051,2014-09-21 00:00:00,2014,9,Sep,466,2352.84,321690,1,Northeast
1431,2051,2014-10-20 00:00:00,2014,10,Oct,553,2860.79,321690,1,Northeast
1432,2051,2014-11-19 00:00:00,2014,11,Nov,506,2540.59,321690,1,Northeast
1433,2051,2014-12-19 00:00:00,2014,12,Dec,497,2506.29,321690,1,Northeast
1434,2051,2015-01-18 00:00:00,2015,1,Jan,499,2520.01,321690,1,Northeast
1435,2051,2015-02-17 00:00:00,2015,2,Feb,580,2944.28,321690,1,Northeast
1436,2051,2015-03-18 00:00:00,2015,3,Mar,551,2898.45,321690,1,Northeast
1437,2051,2015-04-17 00:00:00,2015,4,Apr,524,2655.45,321690,1,Northeast
1438,2051,2015-05-17 00:00:00,2015,5,May,507,2536.19,321690,1,Northeast
1439,2051,2015-06-15 00:00:00,2015,6,Jun,511,2554.89,321690,1,Northeast
1440,2051,2015-07-15 00:00:00,2015,7,Jul,495,2482.55,321690,1,Northeast
1441,2051,2015-08-13 00:00:00,2015,8,Aug,532,2754.84,321690,1,Northeast
1442,2051,2015-09-11 00:00:00,2015,9,Sep,296,1561.49,321690,1,Northeast
1443,2051,2015-10-11 00:00:00,2015,10,Oct,739,4095.08,321690,1,Northeast
1444,2051,2015-11-10 00:00:00,2015,11,Nov,500,2669.63,321690,1,Northeast
1445,2051,2015-12-09 00:00:00,2015,12,Dec,570,3043.99,321690,1,Northeast
1446,2051,2016-01-08 00:00:00,2016,1,Jan,536,2757.2,321690,1,Northeast
1447,2051,2016-02-06 00:00:00,2016,2,Feb,572,3029.4,321690,1,Northeast
1448,2051,2016-03-07 00:00:00,2016,3,Mar,486,2425.14,321690,1,Northeast
1449,2051,2016-04-05 00:00:00,2016,4,Apr,557,2831.99,321690,1,Northeast
1450,2051,2016-05-05 00:00:00,2016,5,May,601,3013.38,321690,1,Northeast
1451,2051,2016-06-04 00:00:00,2016,6,Jun,533,2715.34,321690,1,Northeast
1452,2051,2016-07-03 00:00:00,2016,7,Jul,510,2623.15,321690,1,Northeast
1453,2051,2016-08-02 00:00:00,2016,8,Aug,499,2565.09,321690,1,Northeast
1454,2051,2016-08-31 00:00:00,2016,8,Aug,551,2879.57,321690,1,Northeast
1455,2051,2016-09-29 00:00:00,2016,9,Sep,501,2515.64,321690,1,Northeast
1456,2051,2016-10-29 00:00:00,2016,10,Oct,538,2839.62,321690,1,Northeast
1457,2051,2016-11-28 00:00:00,2016,11,Nov,671,3422.7,321690,1,Northeast
1458,2051,2016-12-28 00:00:00,2016,12,Dec,495,2500.05,321690,1,Northeast
1459,2061,2016-12-01 00:00:00,2016,12,Dec,509,2567.41,321710,2,Midwest
1460,2061,2016-12-31 00:00:00,2016,12,Dec,480,2395.2,321710,2,Midwest
1461,2071,2016-07-02 00:00:00,2016,7,Jul,503,2509.97,321720,2,Midwest
1462,2071,2016-08-01 00:00:00,2016,8,Aug,512,2554.88,321720,2,Midwest
1463,2071,2016-08-31 00:00:00,2016,8,Aug,523,2694.83,321720,2,Midwest
1464,2071,2016-09-30 00:00:00,2016,9,Sep,517,2612.33,321720,2,Midwest
1465,2071,2016-10-29 00:00:00,2016,10,Oct,542,2815.25,321720,2,Midwest
1466,2071,2016-11-28 00:00:00,2016,11,Nov,499,2490.01,321720,2,Midwest
1467,2071,2016-12-28 00:00:00,2016,12,Dec,464,2393.61,321720,2,Midwest
1468,2081,2013-12-11 00:00:00,2013,12,Dec,311,1551.89,321730,2,Midwest
1469,2081,2014-01-09 00:00:00,2014,1,Jan,357,1856.55,321730,2,Midwest
1470,2081,2014-02-07 00:00:00,2014,2,Feb,344,1859.75,321730,2,Midwest
1471,2081,2014-03-08 00:00:00,2014,3,Mar,321,1654.29,321730,2,Midwest
1472,2081,2014-04-07 00:00:00,2014,4,Apr,454,2511.21,321730,2,Midwest
1473,2081,2014-05-07 00:00:00,2014,5,May,432,2489.17,321730,2,Midwest
1474,2081,2014-06-06 00:00:00,2014,6,Jun,380,1994.39,321730,2,Midwest
1475,2091,2015-11-15 00:00:00,2015,11,Nov,525,2697.25,321740,2,Midwest
1476,2091,2015-12-15 00:00:00,2015,12,Dec,505,2554.34,321740,2,Midwest
1477,2091,2016-01-14 00:00:00,2016,1,Jan,980,4949.67,321740,2,Midwest
1478,2091,2016-02-13 00:00:00,2016,2,Feb,573,2906.77,321740,2,Midwest
1479,2091,2016-03-13 00:00:00,2016,3,Mar,498,2491.28,321740,2,Midwest
1480,2091,2016-04-12 00:00:00,2016,4,Apr,495,2495.09,321740,2,Midwest
1481,2091,2016-05-11 00:00:00,2016,5,May,529,2639.71,321740,2,Midwest
1482,2091,2016-06-10 00:00:00,2016,6,Jun,431,2150.69,321740,2,Midwest
1483,2091,2016-07-09 00:00:00,2016,7,Jul,502,2542.48,321740,2,Midwest
1484,2091,2016-08-08 00:00:00,2016,8,Aug,505,2539.95,321740,2,Midwest
1485,2091,2016-09-06 00:00:00,2016,9,Sep,633,3553.05,321740,2,Midwest
1486,2091,2016-10-05 00:00:00,2016,10,Oct,497,2513.81,321740,2,Midwest
1487,2091,2016-11-03 00:00:00,2016,11,Nov,612,3439.44,321740,2,Midwest
1488,2091,2016-12-02 00:00:00,2016,12,Dec,638,3277.4,321740,2,Midwest
1489,2091,2016-12-31 00:00:00,2016,12,Dec,1085,7349.08,321740,2,Midwest
1490,2101,2015-09-16 00:00:00,2015,9,Sep,437,2224.45,321750,2,Midwest
1491,2101,2015-10-15 00:00:00,2015,10,Oct,354,1908.45,321750,2,Midwest
1492,2101,2015-11-13 00:00:00,2015,11,Nov,775,4108.26,321750,2,Midwest
1493,2101,2015-12-12 00:00:00,2015,12,Dec,374,2039.41,321750,2,Midwest
1494,2101,2016-01-10 00:00:00,2016,1,Jan,351,2053.76,321750,2,Midwest
1495,2101,2016-02-10 00:00:00,2016,2,Feb,390,2128.68,321750,2,Midwest
1496,2101,2016-03-10 00:00:00,2016,3,Mar,377,2017.61,321750,2,Midwest
1497,2101,2016-04-08 00:00:00,2016,4,Apr,289,1545.91,321750,2,Midwest
1498,2101,2016-05-07 00:00:00,2016,5,May,369,2055.27,321750,2,Midwest
1499,2101,2016-06-05 00:00:00,2016,6,Jun,375,2046.96,321750,2,Midwest
1500,2101,2016-07-05 00:00:00,2016,7,Jul,562,2882.61,321750,2,Midwest
1501,2101,2016-08-04 00:00:00,2016,8,Aug,401,2212.45,321750,2,Midwest
1502,2101,2016-09-03 00:00:00,2016,9,Sep,382,2085.12,321750,2,Midwest
1503,2101,2016-10-02 00:00:00,2016,10,Oct,333,1754.17,321750,2,Midwest
1504,2101,2016-11-01 00:00:00,2016,11,Nov,318,1711.82,321750,2,Midwest
1505,2101,2016-11-30 00:00:00,2016,11,Nov,438,2593.66,321750,2,Midwest
1506,2101,2016-12-30 00:00:00,2016,12,Dec,356,1944.69,321750,2,Midwest
1507,2111,2013-12-27 00:00:00,2013,12,Dec,137,751.13,321760,2,Midwest
1508,2111,2014-01-26 00:00:00,2014,1,Jan,51,394.59,321760,2,Midwest
1509,2111,2014-02-24 00:00:00,2014,2,Feb,161,1004.18,321760,2,Midwest
1510,2111,2014-03-26 00:00:00,2014,3,Mar,156,941.73,321760,2,Midwest
1511,2111,2014-04-25 00:00:00,2014,4,Apr,89,576.1,321760,2,Midwest
1512,2111,2014-05-25 00:00:00,2014,5,May,156,1029.35,321760,2,Midwest
1513,2111,2014-06-23 00:00:00,2014,6,Jun,175,1074.63,321760,2,Midwest
1514,2111,2014-07-23 00:00:00,2014,7,Jul,171,995.83,321760,2,Midwest
1515,2111,2014-08-21 00:00:00,2014,8,Aug,119,648.81,321760,2,Midwest
1516,2111,2014-09-19 00:00:00,2014,9,Sep,298,1570.78,321760,2,Midwest
1517,2111,2014-10-18 00:00:00,2014,10,Oct,129,736.21,321760,2,Midwest
1518,2111,2014-11-16 00:00:00,2014,11,Nov,171,1044.08,321760,2,Midwest
1519,2121,2016-07-22 00:00:00,2016,7,Jul,249,1657.91,321770,2,Midwest
1520,2121,2016-08-20 00:00:00,2016,8,Aug,257,1718.26,321770,2,Midwest
1521,2121,2016-09-19 00:00:00,2016,9,Sep,155,930.5,321770,2,Midwest
1522,2121,2016-10-19 00:00:00,2016,10,Oct,110,661.58,321770,2,Midwest
1523,2121,2016-12-17 00:00:00,2016,12,Dec,182,1190.21,321770,2,Midwest
1524,2131,2016-08-22 00:00:00,2016,8,Aug,488,2588.39,321780,2,Midwest
1525,2131,2016-09-21 00:00:00,2016,9,Sep,922,6518.19,321780,2,Midwest
1526,2131,2016-10-20 00:00:00,2016,10,Oct,446,2621.25,321780,2,Midwest
1527,2131,2016-11-18 00:00:00,2016,11,Nov,445,2478.9,321780,2,Midwest
1528,2131,2016-12-17 00:00:00,2016,12,Dec,311,1636.32,321780,2,Midwest
1529,2141,2015-07-31 00:00:00,2015,7,Jul,329,1696.71,321790,2,Midwest
1530,2141,2015-08-30 00:00:00,2015,8,Aug,342,1771.58,321790,2,Midwest
1531,2141,2015-09-29 00:00:00,2015,9,Sep,374,2063.9,321790,2,Midwest
1532,2141,2015-10-28 00:00:00,2015,10,Oct,546,2857.73,321790,2,Midwest
1533,2141,2015-11-27 00:00:00,2015,11,Nov,362,2013.37,321790,2,Midwest
1534,2141,2015-12-26 00:00:00,2015,12,Dec,411,2204.1,321790,2,Midwest
1535,2141,2016-01-24 00:00:00,2016,1,Jan,362,2014.06,321790,2,Midwest
1536,2141,2016-02-22 00:00:00,2016,2,Feb,330,1718.69,321790,2,Midwest
1537,2141,2016-03-23 00:00:00,2016,3,Mar,393,2181.7,321790,2,Midwest
1538,2141,2016-04-21 00:00:00,2016,4,Apr,320,1706.27,321790,2,Midwest
1539,2141,2016-05-20 00:00:00,2016,5,May,372,2059.49,321790,2,Midwest
1540,2141,2016-06-19 00:00:00,2016,6,Jun,330,1646.7,321790,2,Midwest
1541,2141,2016-07-18 00:00:00,2016,7,Jul,364,1893.25,321790,2,Midwest
1542,2141,2016-08-16 00:00:00,2016,8,Aug,420,2260.96,321790,2,Midwest
1543,2141,2016-09-15 00:00:00,2016,9,Sep,351,1879.07,321790,2,Midwest
1544,2141,2016-10-14 00:00:00,2016,10,Oct,354,1863.41,321790,2,Midwest
1545,2141,2016-11-13 00:00:00,2016,11,Nov,344,1842.29,321790,2,Midwest
1546,2141,2016-12-13 00:00:00,2016,12,Dec,336,1746.64,321790,2,Midwest
1547,2151,2016-05-21 00:00:00,2016,5,May,202,1199.4,321710,2,Midwest
1548,2151,2016-07-19 00:00:00,2016,7,Jul,177,1075.3,321710,2,Midwest
1549,2151,2016-08-18 00:00:00,2016,8,Aug,213,1331.81,321710,2,Midwest
1550,2151,2016-09-16 00:00:00,2016,9,Sep,113,699.58,321710,2,Midwest
1551,2151,2016-10-16 00:00:00,2016,10,Oct,900,6496,321710,2,Midwest
1552,2151,2016-11-15 00:00:00,2016,11,Nov,165,966.64,321710,2,Midwest
1553,2151,2016-12-14 00:00:00,2016,12,Dec,493,3645.59,321710,2,Midwest
1554,2161,2016-10-29 00:00:00,2016,10,Oct,187,1139.53,321720,2,Midwest
1555,2161,2016-11-27 00:00:00,2016,11,Nov,133,738.67,321720,2,Midwest
1556,2161,2016-12-26 00:00:00,2016,12,Dec,188,1267.22,321720,2,Midwest
1557,2171,2016-06-18 00:00:00,2016,6,Jun,315,1636.85,321730,2,Midwest
1558,2171,2016-07-18 00:00:00,2016,7,Jul,322,1707.47,321730,2,Midwest
1559,2171,2016-08-17 00:00:00,2016,8,Aug,319,1656.2,321730,2,Midwest
1560,2171,2016-09-15 00:00:00,2016,9,Sep,348,1880.34,321730,2,Midwest
1561,2171,2016-10-14 00:00:00,2016,10,Oct,359,1925.23,321730,2,Midwest
1562,2171,2016-11-12 00:00:00,2016,11,Nov,435,2469.63,321730,2,Midwest
1563,2181,2013-12-24 00:00:00,2013,12,Dec,338,1865.6,321740,2,Midwest
1564,2181,2014-01-22 00:00:00,2014,1,Jan,302,1672.87,321740,2,Midwest
1565,2181,2014-02-21 00:00:00,2014,2,Feb,326,1757.55,321740,2,Midwest
1566,2181,2014-03-22 00:00:00,2014,3,Mar,336,1771.7,321740,2,Midwest
1567,2181,2014-04-21 00:00:00,2014,4,Apr,373,2058.97,321740,2,Midwest
1568,2181,2014-05-20 00:00:00,2014,5,May,337,1797.97,321740,2,Midwest
1569,2181,2014-06-19 00:00:00,2014,6,Jun,409,2274.32,321740,2,Midwest
1570,2181,2014-07-18 00:00:00,2014,7,Jul,311,1627.01,321740,2,Midwest
1571,2181,2014-08-17 00:00:00,2014,8,Aug,393,1977.96,321740,2,Midwest
1572,2181,2014-09-16 00:00:00,2014,9,Sep,288,1467.12,321740,2,Midwest
1573,2181,2014-10-16 00:00:00,2014,10,Oct,403,2311.96,321740,2,Midwest
1574,2181,2014-11-15 00:00:00,2014,11,Nov,380,2151.48,321740,2,Midwest
1575,2181,2014-12-15 00:00:00,2014,12,Dec,367,2022.26,321740,2,Midwest
1576,2181,2015-01-14 00:00:00,2015,1,Jan,362,1971.38,321740,2,Midwest
1577,2181,2015-02-12 00:00:00,2015,2,Feb,391,2118.08,321740,2,Midwest
1578,2181,2015-03-13 00:00:00,2015,3,Mar,350,1919.73,321740,2,Midwest
1579,2181,2015-04-11 00:00:00,2015,4,Apr,336,1792.45,321740,2,Midwest
1580,2181,2015-05-11 00:00:00,2015,5,May,372,2045.18,321740,2,Midwest
1581,2181,2015-06-10 00:00:00,2015,6,Jun,493,2978.25,321740,2,Midwest
1582,2181,2015-07-10 00:00:00,2015,7,Jul,315,1668.82,321740,2,Midwest
1583,2181,2015-08-09 00:00:00,2015,8,Aug,340,1827.94,321740,2,Midwest
1584,2181,2015-09-08 00:00:00,2015,9,Sep,958,6871.24,321740,2,Midwest
1585,2181,2015-10-07 00:00:00,2015,10,Oct,367,1972.06,321740,2,Midwest
1586,2181,2015-11-05 00:00:00,2015,11,Nov,321,1663.76,321740,2,Midwest
1587,2181,2015-12-05 00:00:00,2015,12,Dec,398,2191.83,321740,2,Midwest
1588,2181,2016-01-04 00:00:00,2016,1,Jan,330,1731.7,321740,2,Midwest
1589,2181,2016-02-02 00:00:00,2016,2,Feb,608,3046.42,321740,2,Midwest
1590,2181,2016-03-02 00:00:00,2016,3,Mar,369,2065.74,321740,2,Midwest
1591,2181,2016-04-01 00:00:00,2016,4,Apr,492,2940.08,321740,2,Midwest
1592,2181,2016-05-01 00:00:00,2016,5,May,330,1710.46,321740,2,Midwest
1593,2181,2016-05-30 00:00:00,2016,5,May,21,159.18,321740,2,Midwest
1594,2181,2016-06-29 00:00:00,2016,6,Jun,484,2679.22,321740,2,Midwest
1595,2181,2016-07-29 00:00:00,2016,7,Jul,374,2061.38,321740,2,Midwest
1596,2181,2016-08-28 00:00:00,2016,8,Aug,407,2294.79,321740,2,Midwest
1597,2181,2016-09-27 00:00:00,2016,9,Sep,316,1748.85,321740,2,Midwest
1598,2181,2016-10-27 00:00:00,2016,10,Oct,392,2206.24,321740,2,Midwest
1599,2181,2016-11-25 00:00:00,2016,11,Nov,353,1866.47,321740,2,Midwest
1600,2181,2016-12-25 00:00:00,2016,12,Dec,445,2583.92,321740,2,Midwest
1601,2191,2016-01-19 00:00:00,2016,1,Jan,315,1624.43,321750,2,Midwest
1602,2191,2016-02-18 00:00:00,2016,2,Feb,357,1982.22,321750,2,Midwest
1603,2191,2016-03-18 00:00:00,2016,3,Mar,766,5193.81,321750,2,Midwest
1604,2191,2016-04-16 00:00:00,2016,4,Apr,463,2611.4,321750,2,Midwest
1605,2191,2016-05-15 00:00:00,2016,5,May,373,2036.39,321750,2,Midwest
1606,2191,2016-06-14 00:00:00,2016,6,Jun,320,1703.1,321750,2,Midwest
1607,2191,2016-07-14 00:00:00,2016,7,Jul,375,2107.61,321750,2,Midwest
1608,2191,2016-08-12 00:00:00,2016,8,Aug,353,1919.07,321750,2,Midwest
1609,2191,2016-09-11 00:00:00,2016,9,Sep,332,1738,321750,2,Midwest
1610,2191,2016-10-10 00:00:00,2016,10,Oct,347,1888.52,321750,2,Midwest
1611,2191,2016-11-09 00:00:00,2016,11,Nov,346,1839.04,321750,2,Midwest
1612,2191,2016-12-09 00:00:00,2016,12,Dec,323,1735.06,321750,2,Midwest
1613,2201,2016-09-29 00:00:00,2016,9,Sep,541,2852.94,321760,2,Midwest
1614,2201,2016-10-28 00:00:00,2016,10,Oct,513,2579.87,321760,2,Midwest
1615,2201,2016-11-27 00:00:00,2016,11,Nov,510,2590.59,321760,2,Midwest
1616,2201,2016-12-27 00:00:00,2016,12,Dec,523,2654.81,321760,2,Midwest
1617,2211,2016-07-15 00:00:00,2016,7,Jul,198,1188.02,321770,2,Midwest
1618,2211,2016-09-13 00:00:00,2016,9,Sep,189,1181.38,321770,2,Midwest
1619,2211,2016-10-12 00:00:00,2016,10,Oct,865,6432.75,321770,2,Midwest
1620,2211,2016-11-10 00:00:00,2016,11,Nov,91,639.23,321770,2,Midwest
1621,2211,2016-12-10 00:00:00,2016,12,Dec,88,515.38,321770,2,Midwest
1622,2221,2016-11-14 00:00:00,2016,11,Nov,158,945.43,321780,2,Midwest
1623,2221,2016-12-13 00:00:00,2016,12,Dec,128,726.36,321780,2,Midwest
1624,2231,2013-12-30 00:00:00,2013,12,Dec,359,1959.15,321790,2,Midwest
1625,2231,2014-01-29 00:00:00,2014,1,Jan,359,1933.4,321790,2,Midwest
1626,2231,2014-03-29 00:00:00,2014,3,Mar,331,1790.61,321790,2,Midwest
1627,2231,2014-04-28 00:00:00,2014,4,Apr,330,1776.78,321790,2,Midwest
1628,2231,2014-06-26 00:00:00,2014,6,Jun,325,1759.96,321790,2,Midwest
1629,2231,2014-07-26 00:00:00,2014,7,Jul,372,2014.55,321790,2,Midwest
1630,2231,2014-08-25 00:00:00,2014,8,Aug,348,1873.49,321790,2,Midwest
1631,2231,2014-09-24 00:00:00,2014,9,Sep,317,1635.65,321790,2,Midwest
1632,2231,2014-10-23 00:00:00,2014,10,Oct,361,1913.89,321790,2,Midwest
1633,2231,2014-11-22 00:00:00,2014,11,Nov,426,2397.1,321790,2,Midwest
1634,2231,2014-12-21 00:00:00,2014,12,Dec,337,1791.18,321790,2,Midwest
1635,2231,2015-01-20 00:00:00,2015,1,Jan,348,1829.02,321790,2,Midwest
1636,2231,2015-02-19 00:00:00,2015,2,Feb,414,2401.81,321790,2,Midwest
1637,2231,2015-03-21 00:00:00,2015,3,Mar,73,566.3,321790,2,Midwest
1638,2231,2015-04-19 00:00:00,2015,4,Apr,323,1726.87,321790,2,Midwest
1639,2231,2015-05-18 00:00:00,2015,5,May,331,1778.03,321790,2,Midwest
1640,2231,2015-06-16 00:00:00,2015,6,Jun,383,2265.94,321790,2,Midwest
1641,2231,2015-07-15 00:00:00,2015,7,Jul,350,1894.69,321790,2,Midwest
1642,2231,2015-08-14 00:00:00,2015,8,Aug,364,1958.35,321790,2,Midwest
1643,2231,2015-09-13 00:00:00,2015,9,Sep,343,1829.74,321790,2,Midwest
1644,2231,2015-11-11 00:00:00,2015,11,Nov,330,1738.67,321790,2,Midwest
1645,2231,2015-12-11 00:00:00,2015,12,Dec,467,2683.25,321790,2,Midwest
1646,2231,2016-01-10 00:00:00,2016,1,Jan,336,1764.14,321790,2,Midwest
1647,2231,2016-02-09 00:00:00,2016,2,Feb,359,1964.66,321790,2,Midwest
1648,2231,2016-03-10 00:00:00,2016,3,Mar,354,1922.8,321790,2,Midwest
1649,2231,2016-04-09 00:00:00,2016,4,Apr,318,1678.79,321790,2,Midwest
1650,2231,2016-05-08 00:00:00,2016,5,May,381,2056.29,321790,2,Midwest
1651,2231,2016-06-06 00:00:00,2016,6,Jun,372,2002.64,321790,2,Midwest
1652,2231,2016-07-05 00:00:00,2016,7,Jul,355,1915.29,321790,2,Midwest
1653,2231,2016-08-04 00:00:00,2016,8,Aug,373,2069.58,321790,2,Midwest
1654,2231,2016-09-02 00:00:00,2016,9,Sep,296,1539.64,321790,2,Midwest
1655,2231,2016-10-02 00:00:00,2016,10,Oct,352,1895.97,321790,2,Midwest
1656,2231,2016-10-31 00:00:00,2016,10,Oct,360,1989.06,321790,2,Midwest
1657,2231,2016-11-29 00:00:00,2016,11,Nov,431,2299.55,321790,2,Midwest
1658,2231,2016-12-29 00:00:00,2016,12,Dec,351,1870.35,321790,2,Midwest
1659,2241,2016-02-06 00:00:00,2016,2,Feb,90,715.05,321710,2,Midwest
1660,2241,2016-03-06 00:00:00,2016,3,Mar,192,1205.11,321710,2,Midwest
1661,2241,2016-04-05 00:00:00,2016,4,Apr,2124,10793.35,321710,2,Midwest
1662,2241,2016-05-04 00:00:00,2016,5,May,195,1228.19,321710,2,Midwest
1663,2241,2016-06-03 00:00:00,2016,6,Jun,138,821.16,321710,2,Midwest
1664,2241,2016-07-03 00:00:00,2016,7,Jul,113,581.37,321710,2,Midwest
1665,2251,2016-05-30 00:00:00,2016,5,May,589,3223.94,321720,2,Midwest
1666,2251,2016-06-29 00:00:00,2016,6,Jun,513,2594.87,321720,2,Midwest
1667,2251,2016-07-28 00:00:00,2016,7,Jul,507,2552.43,321720,2,Midwest
1668,2251,2016-08-27 00:00:00,2016,8,Aug,498,2485.02,321720,2,Midwest
1669,2251,2016-09-26 00:00:00,2016,9,Sep,28,221.06,321720,2,Midwest
1670,2251,2016-10-26 00:00:00,2016,10,Oct,507,2536.19,321720,2,Midwest
1671,2251,2016-11-25 00:00:00,2016,11,Nov,431,2185.69,321720,2,Midwest
1672,2251,2016-12-25 00:00:00,2016,12,Dec,536,2799.82,321720,2,Midwest
1673,2261,2016-06-03 00:00:00,2016,6,Jun,192,1163.22,321730,2,Midwest
1674,2261,2016-07-03 00:00:00,2016,7,Jul,172,1047.73,321730,2,Midwest
1675,2261,2016-08-02 00:00:00,2016,8,Aug,127,712.57,321730,2,Midwest
1676,2261,2016-08-31 00:00:00,2016,8,Aug,146,826.04,321730,2,Midwest
1677,2261,2016-09-30 00:00:00,2016,9,Sep,161,971.09,321730,2,Midwest
1678,2261,2016-10-29 00:00:00,2016,10,Oct,165,1058.1,321730,2,Midwest
1679,2261,2016-11-28 00:00:00,2016,11,Nov,134,850.71,321730,2,Midwest
1680,2261,2016-12-27 00:00:00,2016,12,Dec,150,953.5,321730,2,Midwest
1681,2271,2015-03-14 00:00:00,2015,3,Mar,323,1689.27,321740,2,Midwest
1682,2271,2015-04-12 00:00:00,2015,4,Apr,366,1963.98,321740,2,Midwest
1683,2271,2015-05-11 00:00:00,2015,5,May,492,2590.22,321740,2,Midwest
1684,2271,2015-06-09 00:00:00,2015,6,Jun,109,799.68,321740,2,Midwest
1685,2271,2015-07-08 00:00:00,2015,7,Jul,352,1933.47,321740,2,Midwest
1686,2271,2015-08-06 00:00:00,2015,8,Aug,349,1877.22,321740,2,Midwest
1687,2271,2015-09-05 00:00:00,2015,9,Sep,332,1749.22,321740,2,Midwest
1688,2271,2015-10-05 00:00:00,2015,10,Oct,357,1929.03,321740,2,Midwest
1689,2271,2015-11-04 00:00:00,2015,11,Nov,348,1897.25,321740,2,Midwest
1690,2271,2015-12-03 00:00:00,2015,12,Dec,357,1868.93,321740,2,Midwest
1691,2271,2016-01-02 00:00:00,2016,1,Jan,324,1684.26,321740,2,Midwest
1692,2271,2016-02-01 00:00:00,2016,2,Feb,200,1061.8,321740,2,Midwest
1693,2271,2016-03-01 00:00:00,2016,3,Mar,316,1708.22,321740,2,Midwest
1694,2271,2016-03-30 00:00:00,2016,3,Mar,306,1526.94,321740,2,Midwest
1695,2271,2016-04-29 00:00:00,2016,4,Apr,374,2097.11,321740,2,Midwest
1696,2271,2016-05-28 00:00:00,2016,5,May,377,2074.54,321740,2,Midwest
1697,2271,2016-06-27 00:00:00,2016,6,Jun,353,1936.67,321740,2,Midwest
1698,2271,2016-08-25 00:00:00,2016,8,Aug,340,1736.6,321740,2,Midwest
1699,2271,2016-09-24 00:00:00,2016,9,Sep,332,1729.18,321740,2,Midwest
1700,2271,2016-10-23 00:00:00,2016,10,Oct,330,1738.65,321740,2,Midwest
1701,2271,2016-11-21 00:00:00,2016,11,Nov,391,2094.24,321740,2,Midwest
1702,2271,2016-12-21 00:00:00,2016,12,Dec,353,1954.13,321740,2,Midwest
1703,2281,2016-05-22 00:00:00,2016,5,May,555,2831.42,321750,2,Midwest
1704,2281,2016-06-21 00:00:00,2016,6,Jun,542,2764.03,321750,2,Midwest
1705,2281,2016-07-21 00:00:00,2016,7,Jul,591,3073.54,321750,2,Midwest
1706,2281,2016-09-19 00:00:00,2016,9,Sep,669,3834.07,321750,2,Midwest
1707,2281,2016-10-18 00:00:00,2016,10,Oct,557,2789.43,321750,2,Midwest
1708,2281,2016-11-17 00:00:00,2016,11,Nov,642,3532.38,321750,2,Midwest
1709,2281,2016-12-17 00:00:00,2016,12,Dec,679,3949.07,321750,2,Midwest
1710,2291,2016-02-02 00:00:00,2016,2,Feb,148,901.28,321760,2,Midwest
1711,2291,2016-03-03 00:00:00,2016,3,Mar,218,1411.68,321760,2,Midwest
1712,2291,2016-04-02 00:00:00,2016,4,Apr,143,857.55,321760,2,Midwest
1713,2291,2016-05-02 00:00:00,2016,5,May,25,198.59,321760,2,Midwest
1714,2291,2016-05-31 00:00:00,2016,5,May,167,999.08,321760,2,Midwest
1715,2291,2016-06-30 00:00:00,2016,6,Jun,195,1277.21,321760,2,Midwest
1716,2291,2016-07-29 00:00:00,2016,7,Jul,63,361.87,321760,2,Midwest
1717,2291,2016-08-27 00:00:00,2016,8,Aug,922,7149.11,321760,2,Midwest
1718,2291,2016-09-26 00:00:00,2016,9,Sep,125,751.37,321760,2,Midwest
1719,2291,2016-10-25 00:00:00,2016,10,Oct,66,522.06,321760,2,Midwest
1720,2291,2016-11-23 00:00:00,2016,11,Nov,198,1242.59,321760,2,Midwest
1721,2291,2016-12-22 00:00:00,2016,12,Dec,87,526.63,321760,2,Midwest
1722,2301,2015-04-20 00:00:00,2015,4,Apr,208,1348.22,321710,2,Midwest
1723,2301,2015-05-20 00:00:00,2015,5,May,160,960.43,321710,2,Midwest
1724,2301,2015-06-19 00:00:00,2015,6,Jun,337,2261.77,321710,2,Midwest
1725,2301,2015-07-18 00:00:00,2015,7,Jul,110,548.9,321710,2,Midwest
1726,2311,2016-08-10 00:00:00,2016,8,Aug,417,2080.83,321720,2,Midwest
1727,2311,2016-09-09 00:00:00,2016,9,Sep,518,2627.95,321720,2,Midwest
1728,2311,2016-10-08 00:00:00,2016,10,Oct,624,3426.26,321720,2,Midwest
1729,2311,2016-11-07 00:00:00,2016,11,Nov,518,2696.2,321720,2,Midwest
1730,2311,2016-12-07 00:00:00,2016,12,Dec,523,2662.27,321720,2,Midwest
1731,2321,2016-12-21 00:00:00,2016,12,Dec,365,1936.39,321730,2,Midwest
1732,2331,2013-12-11 00:00:00,2013,12,Dec,231,1378.97,321740,2,Midwest
1733,2331,2014-01-09 00:00:00,2014,1,Jan,165,892.21,321740,2,Midwest
1734,2331,2014-02-08 00:00:00,2014,2,Feb,2736,13733.35,321740,2,Midwest
1735,2331,2014-03-10 00:00:00,2014,3,Mar,169,899.65,321740,2,Midwest
1736,2331,2014-04-09 00:00:00,2014,4,Apr,230,1382.37,321740,2,Midwest
1737,2331,2014-06-06 00:00:00,2014,6,Jun,148,768.52,321740,2,Midwest
1738,2331,2014-07-06 00:00:00,2014,7,Jul,346,2187.22,321740,2,Midwest
1739,2331,2014-08-04 00:00:00,2014,8,Aug,161,815.89,321740,2,Midwest
1740,2331,2014-09-02 00:00:00,2014,9,Sep,241,1255.8,321740,2,Midwest
1741,2341,2014-12-17 00:00:00,2014,12,Dec,534,2704.66,321750,2,Midwest
1742,2341,2015-01-16 00:00:00,2015,1,Jan,570,2854.3,321750,2,Midwest
1743,2341,2015-02-14 00:00:00,2015,2,Feb,522,2614.17,321750,2,Midwest
1744,2341,2015-03-15 00:00:00,2015,3,Mar,520,2680.47,321750,2,Midwest
1745,2341,2015-04-13 00:00:00,2015,4,Apr,528,2721.69,321750,2,Midwest
1746,2341,2015-05-12 00:00:00,2015,5,May,617,3147.04,321750,2,Midwest
1747,2341,2015-06-10 00:00:00,2015,6,Jun,2536,18917.77,321750,2,Midwest
1748,2341,2015-07-09 00:00:00,2015,7,Jul,784,4078.01,321750,2,Midwest
1749,2341,2015-08-07 00:00:00,2015,8,Aug,507,2580.01,321750,2,Midwest
1750,2341,2015-09-06 00:00:00,2015,9,Sep,515,2634.24,321750,2,Midwest
1751,2341,2015-10-06 00:00:00,2015,10,Oct,533,2755.38,321750,2,Midwest
1752,2341,2015-11-05 00:00:00,2015,11,Nov,463,2310.37,321750,2,Midwest
1753,2341,2015-12-05 00:00:00,2015,12,Dec,577,3061.36,321750,2,Midwest
1754,2341,2016-01-04 00:00:00,2016,1,Jan,512,2592.38,321750,2,Midwest
1755,2341,2016-02-02 00:00:00,2016,2,Feb,490,2445.1,321750,2,Midwest
1756,2341,2016-03-02 00:00:00,2016,3,Mar,622,3472.47,321750,2,Midwest
1757,2341,2016-04-01 00:00:00,2016,4,Apr,521,2665.52,321750,2,Midwest
1758,2341,2016-05-01 00:00:00,2016,5,May,466,2325.34,321750,2,Midwest
1759,2341,2016-05-31 00:00:00,2016,5,May,497,2483.16,321750,2,Midwest
1760,2341,2016-06-30 00:00:00,2016,6,Jun,498,2485.02,321750,2,Midwest
1761,2341,2016-07-30 00:00:00,2016,7,Jul,1003,6111.29,321750,2,Midwest
1762,2341,2016-08-28 00:00:00,2016,8,Aug,493,2601.43,321750,2,Midwest
1763,2341,2016-09-26 00:00:00,2016,9,Sep,521,2622.29,321750,2,Midwest
1764,2341,2016-10-25 00:00:00,2016,10,Oct,489,2489.52,321750,2,Midwest
1765,2341,2016-11-24 00:00:00,2016,11,Nov,512,2639.39,321750,2,Midwest
1766,2341,2016-12-23 00:00:00,2016,12,Dec,549,2892.01,321750,2,Midwest
1767,2351,2013-12-16 00:00:00,2013,12,Dec,500,2522.54,321760,2,Midwest
1768,2351,2014-01-15 00:00:00,2014,1,Jan,504,2528.09,321760,2,Midwest
1769,2351,2014-02-13 00:00:00,2014,2,Feb,303,1580.81,321760,2,Midwest
1770,2351,2014-03-15 00:00:00,2014,3,Mar,506,2564.94,321760,2,Midwest
1771,2351,2014-04-13 00:00:00,2014,4,Apr,518,2673.66,321760,2,Midwest
1772,2351,2014-05-12 00:00:00,2014,5,May,547,2904.77,321760,2,Midwest
1773,2351,2014-06-11 00:00:00,2014,6,Jun,1404,9753.41,321760,2,Midwest
1774,2351,2014-07-10 00:00:00,2014,7,Jul,529,2725.42,321760,2,Midwest
1775,2351,2014-08-08 00:00:00,2014,8,Aug,586,3000.46,321760,2,Midwest
1776,2351,2014-09-06 00:00:00,2014,9,Sep,615,3512.64,321760,2,Midwest
1777,2351,2014-10-05 00:00:00,2014,10,Oct,749,4391.01,321760,2,Midwest
1778,2351,2014-11-04 00:00:00,2014,11,Nov,730,4207.87,321760,2,Midwest
1779,2351,2014-12-04 00:00:00,2014,12,Dec,546,2830.86,321760,2,Midwest
1780,2351,2015-01-03 00:00:00,2015,1,Jan,736,3707.07,321760,2,Midwest
1781,2351,2015-02-01 00:00:00,2015,2,Feb,498,2696.6,321760,2,Midwest
1782,2351,2015-03-02 00:00:00,2015,3,Mar,525,2668.51,321760,2,Midwest
1783,2351,2015-04-01 00:00:00,2015,4,Apr,521,2659.18,321760,2,Midwest
1784,2351,2015-05-01 00:00:00,2015,5,May,443,2210.57,321760,2,Midwest
1785,2351,2015-05-31 00:00:00,2015,5,May,523,2676.68,321760,2,Midwest
1786,2351,2015-06-30 00:00:00,2015,6,Jun,587,3132.46,321760,2,Midwest
1787,2351,2015-07-29 00:00:00,2015,7,Jul,642,3550.47,321760,2,Midwest
1788,2351,2015-08-27 00:00:00,2015,8,Aug,512,2604.94,321760,2,Midwest
1789,2351,2015-09-26 00:00:00,2015,9,Sep,514,2607.36,321760,2,Midwest
1790,2351,2015-10-26 00:00:00,2015,10,Oct,579,2984.92,321760,2,Midwest
1791,2351,2015-11-25 00:00:00,2015,11,Nov,610,3264.22,321760,2,Midwest
1792,2351,2015-12-25 00:00:00,2015,12,Dec,562,2998.85,321760,2,Midwest
1793,2351,2016-01-24 00:00:00,2016,1,Jan,489,2605.94,321760,2,Midwest
1794,2351,2016-02-22 00:00:00,2016,2,Feb,523,2664.83,321760,2,Midwest
1795,2351,2016-03-23 00:00:00,2016,3,Mar,500,2560.04,321760,2,Midwest
1796,2351,2016-04-21 00:00:00,2016,4,Apr,541,2814.67,321760,2,Midwest
1797,2351,2016-05-21 00:00:00,2016,5,May,561,2818.17,321760,2,Midwest
1798,2351,2016-06-20 00:00:00,2016,6,Jun,605,3341.77,321760,2,Midwest
1799,2351,2016-07-20 00:00:00,2016,7,Jul,526,2682.24,321760,2,Midwest
1800,2351,2016-08-18 00:00:00,2016,8,Aug,510,2572.4,321760,2,Midwest
1801,2351,2016-09-16 00:00:00,2016,9,Sep,413,2094.67,321760,2,Midwest
1802,2351,2016-10-16 00:00:00,2016,10,Oct,527,2754.28,321760,2,Midwest
1803,2351,2016-12-15 00:00:00,2016,12,Dec,670,3724.7,321760,2,Midwest
1804,2361,2015-05-19 00:00:00,2015,5,May,514,2616.18,321710,2,Midwest
1805,2361,2015-06-17 00:00:00,2015,6,Jun,516,2602.34,321710,2,Midwest
1806,2361,2015-07-16 00:00:00,2015,7,Jul,502,2533.15,321710,2,Midwest
1807,2361,2015-08-14 00:00:00,2015,8,Aug,633,3585.53,321710,2,Midwest
1808,2361,2015-09-12 00:00:00,2015,9,Sep,503,2509.97,321710,2,Midwest
1809,2361,2015-10-11 00:00:00,2015,10,Oct,659,3361.58,321710,2,Midwest
1810,2361,2015-11-09 00:00:00,2015,11,Nov,545,2835.36,321710,2,Midwest
1811,2361,2015-12-09 00:00:00,2015,12,Dec,533,2694.1,321710,2,Midwest
1812,2361,2016-01-07 00:00:00,2016,1,Jan,462,2315.38,321710,2,Midwest
1813,2361,2016-02-06 00:00:00,2016,2,Feb,546,2767.73,321710,2,Midwest
1814,2361,2016-03-06 00:00:00,2016,3,Mar,471,2360.29,321710,2,Midwest
1815,2361,2016-04-05 00:00:00,2016,4,Apr,504,2514.96,321710,2,Midwest
1816,2361,2016-05-05 00:00:00,2016,5,May,547,2860.3,321710,2,Midwest
1817,2361,2016-06-04 00:00:00,2016,6,Jun,570,2927.51,321710,2,Midwest
1818,2361,2016-07-04 00:00:00,2016,7,Jul,691,4121.04,321710,2,Midwest
1819,2361,2016-08-02 00:00:00,2016,8,Aug,538,2751.59,321710,2,Midwest
1820,2361,2016-09-01 00:00:00,2016,9,Sep,630,3206.87,321710,2,Midwest
1821,2361,2016-10-01 00:00:00,2016,10,Oct,535,2756.6,321710,2,Midwest
1822,2361,2016-10-30 00:00:00,2016,10,Oct,512,2629.33,321710,2,Midwest
1823,2361,2016-11-29 00:00:00,2016,11,Nov,587,3049.82,321710,2,Midwest
1824,2361,2016-12-29 00:00:00,2016,12,Dec,1012,6337.38,321710,2,Midwest
1825,2371,2013-12-27 00:00:00,2013,12,Dec,140,848.84,321720,2,Midwest
1826,2371,2014-01-25 00:00:00,2014,1,Jan,224,1345.4,321720,2,Midwest
1827,2371,2014-02-24 00:00:00,2014,2,Feb,164,913.46,321720,2,Midwest
1828,2371,2014-03-26 00:00:00,2014,3,Mar,151,883.61,321720,2,Midwest
1829,2371,2014-04-25 00:00:00,2014,4,Apr,176,1028.32,321720,2,Midwest
1830,2371,2014-05-25 00:00:00,2014,5,May,183,1010.2,321720,2,Midwest
1831,2371,2014-06-24 00:00:00,2014,6,Jun,188,1174.52,321720,2,Midwest
1832,2371,2014-07-23 00:00:00,2014,7,Jul,82,589.95,321720,2,Midwest
1833,2371,2014-08-21 00:00:00,2014,8,Aug,78,529.97,321720,2,Midwest
1834,2371,2014-09-20 00:00:00,2014,9,Sep,162,990.43,321720,2,Midwest
1835,2371,2014-10-20 00:00:00,2014,10,Oct,182,1153.4,321720,2,Midwest
1836,2371,2014-11-19 00:00:00,2014,11,Nov,155,955.5,321720,2,Midwest
1837,2371,2014-12-19 00:00:00,2014,12,Dec,90,449.1,321720,2,Midwest
1838,2371,2015-01-18 00:00:00,2015,1,Jan,99,580.9,321720,2,Midwest
1839,2371,2015-02-17 00:00:00,2015,2,Feb,186,1166.55,321720,2,Midwest
1840,2371,2015-03-18 00:00:00,2015,3,Mar,151,875.99,321720,2,Midwest
1841,2371,2015-04-17 00:00:00,2015,4,Apr,183,1062.66,321720,2,Midwest
1842,2371,2015-05-16 00:00:00,2015,5,May,177,1129.73,321720,2,Midwest
1843,2371,2015-06-14 00:00:00,2015,6,Jun,166,1016.63,321720,2,Midwest
1844,2371,2015-07-14 00:00:00,2015,7,Jul,211,1307.91,321720,2,Midwest
1845,2381,2013-12-14 00:00:00,2013,12,Dec,1189,6341.74,321730,2,Midwest
1846,2381,2014-01-12 00:00:00,2014,1,Jan,539,2793.41,321730,2,Midwest
1847,2381,2014-02-10 00:00:00,2014,2,Feb,533,2762.96,321730,2,Midwest
1848,2381,2014-03-12 00:00:00,2014,3,Mar,493,2460.07,321730,2,Midwest
1849,2381,2014-04-11 00:00:00,2014,4,Apr,527,2674.73,321730,2,Midwest
1850,2381,2014-05-11 00:00:00,2014,5,May,836,4231.7,321730,2,Midwest
1851,2381,2014-06-09 00:00:00,2014,6,Jun,491,2450.09,321730,2,Midwest
1852,2381,2014-07-09 00:00:00,2014,7,Jul,484,2415.16,321730,2,Midwest
1853,2381,2014-08-08 00:00:00,2014,8,Aug,840,5091.13,321730,2,Midwest
1854,2381,2014-09-07 00:00:00,2014,9,Sep,515,2627.37,321730,2,Midwest
1855,2381,2014-10-06 00:00:00,2014,10,Oct,463,2310.37,321730,2,Midwest
1856,2381,2014-11-05 00:00:00,2014,11,Nov,390,1966.1,321730,2,Midwest
1857,2381,2014-12-04 00:00:00,2014,12,Dec,536,2782.85,321730,2,Midwest
1858,2381,2015-01-02 00:00:00,2015,1,Jan,498,2485.02,321730,2,Midwest
1859,2391,2016-08-10 00:00:00,2016,8,Aug,140,839.31,321740,2,Midwest
1860,2391,2016-09-09 00:00:00,2016,9,Sep,150,854.23,321740,2,Midwest
1861,2391,2016-10-08 00:00:00,2016,10,Oct,158,964.21,321740,2,Midwest
1862,2391,2016-11-07 00:00:00,2016,11,Nov,146,834.25,321740,2,Midwest
1863,2391,2016-12-06 00:00:00,2016,12,Dec,213,1315.06,321740,2,Midwest
1864,2401,2016-07-31 00:00:00,2016,7,Jul,172,1008.38,321750,2,Midwest
1865,2411,2013-12-16 00:00:00,2013,12,Dec,550,2879.7,321760,2,Midwest
1866,2411,2014-01-14 00:00:00,2014,1,Jan,528,2731.67,321760,2,Midwest
1867,2411,2014-02-12 00:00:00,2014,2,Feb,507,2529.93,321760,2,Midwest
1868,2411,2014-03-13 00:00:00,2014,3,Mar,543,2768.98,321760,2,Midwest
1869,2411,2014-04-12 00:00:00,2014,4,Apr,541,2810.95,321760,2,Midwest
1870,2411,2014-05-12 00:00:00,2014,5,May,496,2500.04,321760,2,Midwest
1871,2411,2014-06-10 00:00:00,2014,6,Jun,508,2598.11,321760,2,Midwest
1872,2411,2014-07-10 00:00:00,2014,7,Jul,512,2592.44,321760,2,Midwest
1873,2411,2014-08-09 00:00:00,2014,8,Aug,529,2714.77,321760,2,Midwest
1874,2411,2014-09-08 00:00:00,2014,9,Sep,522,2679.23,321760,2,Midwest
1875,2411,2014-10-07 00:00:00,2014,10,Oct,682,3937.09,321760,2,Midwest
1876,2411,2014-11-05 00:00:00,2014,11,Nov,500,2501.26,321760,2,Midwest
1877,2411,2014-12-05 00:00:00,2014,12,Dec,513,2559.87,321760,2,Midwest
1878,2411,2015-01-03 00:00:00,2015,1,Jan,542,2807.18,321760,2,Midwest
1879,2411,2015-02-02 00:00:00,2015,2,Feb,601,3286.69,321760,2,Midwest
1880,2411,2015-03-03 00:00:00,2015,3,Mar,498,2516.32,321760,2,Midwest
1881,2411,2015-04-01 00:00:00,2015,4,Apr,577,3115.1,321760,2,Midwest
1882,2411,2015-04-30 00:00:00,2015,4,Apr,601,3074.68,321760,2,Midwest
1883,2411,2015-05-29 00:00:00,2015,5,May,497,2480.03,321760,2,Midwest
1884,2411,2015-06-28 00:00:00,2015,6,Jun,772,4518.62,321760,2,Midwest
1885,2411,2015-07-27 00:00:00,2015,7,Jul,515,2607.35,321760,2,Midwest
1886,2411,2015-08-25 00:00:00,2015,8,Aug,490,2445.1,321760,2,Midwest
1887,2411,2015-09-24 00:00:00,2015,9,Sep,514,2601.77,321760,2,Midwest
1888,2411,2015-10-23 00:00:00,2015,10,Oct,533,2712.88,321760,2,Midwest
1889,2411,2015-11-21 00:00:00,2015,11,Nov,548,2862.85,321760,2,Midwest
1890,2411,2015-12-21 00:00:00,2015,12,Dec,527,2701.72,321760,2,Midwest
1891,2411,2016-01-19 00:00:00,2016,1,Jan,762,3916.16,321760,2,Midwest
1892,2411,2016-02-17 00:00:00,2016,2,Feb,525,2720.48,321760,2,Midwest
1893,2411,2016-03-17 00:00:00,2016,3,Mar,527,2702.94,321760,2,Midwest
1894,2411,2016-04-15 00:00:00,2016,4,Apr,729,4144.67,321760,2,Midwest
1895,2411,2016-05-14 00:00:00,2016,5,May,201,1163.19,321760,2,Midwest
1896,2411,2016-06-12 00:00:00,2016,6,Jun,499,2490.01,321760,2,Midwest
1897,2411,2016-07-12 00:00:00,2016,7,Jul,936,4673.14,321760,2,Midwest
1898,2411,2016-08-11 00:00:00,2016,8,Aug,602,3003.98,321760,2,Midwest
1899,2411,2016-09-10 00:00:00,2016,9,Sep,634,3254.94,321760,2,Midwest
1900,2411,2016-10-10 00:00:00,2016,10,Oct,484,2415.16,321760,2,Midwest
1901,2411,2016-11-08 00:00:00,2016,11,Nov,513,2601.8,321760,2,Midwest
1902,2411,2016-12-08 00:00:00,2016,12,Dec,526,2668.54,321760,2,Midwest
1903,2421,2016-10-17 00:00:00,2016,10,Oct,305,1546.95,321770,2,Midwest
1904,2421,2016-11-16 00:00:00,2016,11,Nov,512,2711.26,321770,2,Midwest
1905,2421,2016-12-15 00:00:00,2016,12,Dec,272,1357.28,321770,2,Midwest
1906,2431,2016-11-21 00:00:00,2016,11,Nov,847,4257.16,321780,2,Midwest
1907,2431,2016-12-21 00:00:00,2016,12,Dec,493,2469.46,321780,2,Midwest
1908,2441,2016-08-23 00:00:00,2016,8,Aug,110,656.4,321790,2,Midwest
1909,2441,2016-09-21 00:00:00,2016,9,Sep,140,805.57,321790,2,Midwest
1910,2441,2016-11-20 00:00:00,2016,11,Nov,139,858.08,321790,2,Midwest
1911,2441,2016-12-19 00:00:00,2016,12,Dec,213,1318.64,321790,2,Midwest
1912,2451,2016-12-18 00:00:00,2016,12,Dec,369,2076.41,321740,2,Midwest
1913,2461,2013-12-29 00:00:00,2013,12,Dec,6495,48675.9,321750,2,Midwest
1914,2461,2014-01-28 00:00:00,2014,1,Jan,236,1429.87,321750,2,Midwest
1915,2461,2014-02-26 00:00:00,2014,2,Feb,178,999.56,321750,2,Midwest
1916,2461,2014-03-28 00:00:00,2014,3,Mar,144,718.56,321750,2,Midwest
1917,2461,2014-04-27 00:00:00,2014,4,Apr,163,851.54,321750,2,Midwest
1918,2461,2014-05-27 00:00:00,2014,5,May,164,848.36,321750,2,Midwest
1919,2461,2014-06-26 00:00:00,2014,6,Jun,173,955.24,321750,2,Midwest
1920,2461,2014-07-25 00:00:00,2014,7,Jul,165,860.91,321750,2,Midwest
1921,2461,2014-11-19 00:00:00,2014,11,Nov,1020,5114.84,321750,2,Midwest
1922,2461,2014-12-18 00:00:00,2014,12,Dec,199,1150.02,321750,2,Midwest
1923,2461,2015-01-17 00:00:00,2015,1,Jan,108,546.42,321750,2,Midwest
1924,2461,2015-02-15 00:00:00,2015,2,Feb,174,938.3,321750,2,Midwest
1925,2461,2015-03-16 00:00:00,2015,3,Mar,174,935.82,321750,2,Midwest
1926,2461,2015-05-14 00:00:00,2015,5,May,607,4143.93,321750,2,Midwest
1927,2461,2015-06-12 00:00:00,2015,6,Jun,206,1027.94,321750,2,Midwest
1928,2461,2015-07-11 00:00:00,2015,7,Jul,184,1046.49,321750,2,Midwest
1929,2461,2015-08-10 00:00:00,2015,8,Aug,185,1028.84,321750,2,Midwest
1930,2461,2015-09-09 00:00:00,2015,9,Sep,362,1806.38,321750,2,Midwest
1931,2461,2015-10-09 00:00:00,2015,10,Oct,91,507.87,321750,2,Midwest
1932,2461,2015-11-07 00:00:00,2015,11,Nov,205,1072.95,321750,2,Midwest
1933,2461,2015-12-06 00:00:00,2015,12,Dec,167,883.33,321750,2,Midwest
1934,2461,2016-01-05 00:00:00,2016,1,Jan,217,1286.28,321750,2,Midwest
1935,2461,2016-02-03 00:00:00,2016,2,Feb,577,3788.25,321750,2,Midwest
1936,2461,2016-03-04 00:00:00,2016,3,Mar,155,776.58,321750,2,Midwest
1937,2461,2016-04-03 00:00:00,2016,4,Apr,196,1114.95,321750,2,Midwest
1938,2461,2016-06-01 00:00:00,2016,6,Jun,156,843.54,321750,2,Midwest
1939,2461,2016-07-01 00:00:00,2016,7,Jul,4259,34016.55,321750,2,Midwest
1940,2471,2016-07-17 00:00:00,2016,7,Jul,417,2258.51,321760,2,Midwest
1941,2471,2016-08-16 00:00:00,2016,8,Aug,326,1686.74,321760,2,Midwest
1942,2471,2016-09-14 00:00:00,2016,9,Sep,354,1935.32,321760,2,Midwest
1943,2471,2016-10-14 00:00:00,2016,10,Oct,510,3091.26,321760,2,Midwest
1944,2471,2016-11-13 00:00:00,2016,11,Nov,284,1417.16,321760,2,Midwest
1945,2471,2016-12-12 00:00:00,2016,12,Dec,340,1804.18,321760,2,Midwest
1946,2481,2013-12-06 00:00:00,2013,12,Dec,539,2802.9,321740,2,Midwest
1947,2481,2014-01-05 00:00:00,2014,1,Jan,553,2854.47,321740,2,Midwest
1948,2481,2014-02-03 00:00:00,2014,2,Feb,523,2669.77,321740,2,Midwest
1949,2481,2014-03-04 00:00:00,2014,3,Mar,590,3178.59,321740,2,Midwest
1950,2481,2014-04-03 00:00:00,2014,4,Apr,505,2543.08,321740,2,Midwest
1951,2481,2014-05-02 00:00:00,2014,5,May,562,2836.92,321740,2,Midwest
1952,2481,2014-05-31 00:00:00,2014,5,May,541,2804.71,321740,2,Midwest
1953,2481,2014-06-29 00:00:00,2014,6,Jun,506,2540.57,321740,2,Midwest
1954,2481,2014-07-28 00:00:00,2014,7,Jul,510,2577.4,321740,2,Midwest
1955,2481,2014-08-27 00:00:00,2014,8,Aug,556,2851.94,321740,2,Midwest
1956,2481,2014-09-25 00:00:00,2014,9,Sep,594,3099.06,321740,2,Midwest
1957,2481,2014-10-24 00:00:00,2014,10,Oct,505,2557.51,321740,2,Midwest
1958,2481,2014-11-23 00:00:00,2014,11,Nov,515,2607.41,321740,2,Midwest
1959,2481,2014-12-22 00:00:00,2014,12,Dec,552,2936.49,321740,2,Midwest
1960,2481,2015-01-20 00:00:00,2015,1,Jan,536,2739.68,321740,2,Midwest
1961,2481,2015-02-18 00:00:00,2015,2,Feb,505,2519.95,321740,2,Midwest
1962,2481,2015-03-19 00:00:00,2015,3,Mar,524,2639.8,321740,2,Midwest
1963,2481,2015-04-18 00:00:00,2015,4,Apr,510,2628.11,321740,2,Midwest
1964,2481,2015-05-18 00:00:00,2015,5,May,641,3595.39,321740,2,Midwest
1965,2481,2015-06-16 00:00:00,2015,6,Jun,543,2797.07,321740,2,Midwest
1966,2481,2015-07-15 00:00:00,2015,7,Jul,529,2724.77,321740,2,Midwest
1967,2481,2015-08-13 00:00:00,2015,8,Aug,492,2483.25,321740,2,Midwest
1968,2481,2015-09-11 00:00:00,2015,9,Sep,861,4368.38,321740,2,Midwest
1969,2481,2015-10-11 00:00:00,2015,10,Oct,529,2784.3,321740,2,Midwest
1970,2481,2015-11-09 00:00:00,2015,11,Nov,877,5243.24,321740,2,Midwest
1971,2481,2015-12-08 00:00:00,2015,12,Dec,255,1615.47,321740,2,Midwest
1972,2481,2016-01-06 00:00:00,2016,1,Jan,513,2574.87,321740,2,Midwest
1973,2481,2016-02-04 00:00:00,2016,2,Feb,504,2559.96,321740,2,Midwest
1974,2481,2016-03-04 00:00:00,2016,3,Mar,537,2792.31,321740,2,Midwest
1975,2481,2016-04-03 00:00:00,2016,4,Apr,512,2572.38,321740,2,Midwest
1976,2481,2016-05-02 00:00:00,2016,5,May,506,2549.98,321740,2,Midwest
1977,2481,2016-06-01 00:00:00,2016,6,Jun,362,1866.38,321740,2,Midwest
1978,2481,2016-07-01 00:00:00,2016,7,Jul,524,2692.95,321740,2,Midwest
1979,2481,2016-07-31 00:00:00,2016,7,Jul,512,2579.88,321740,2,Midwest
1980,2481,2016-08-29 00:00:00,2016,8,Aug,521,2662.31,321740,2,Midwest
1981,2481,2016-09-28 00:00:00,2016,9,Sep,564,2985.68,321740,2,Midwest
1982,2481,2016-10-28 00:00:00,2016,10,Oct,496,2520.06,321740,2,Midwest
1983,2481,2016-11-27 00:00:00,2016,11,Nov,513,2597.39,321740,2,Midwest
1984,2481,2016-12-27 00:00:00,2016,12,Dec,391,1988.65,321740,2,Midwest
1985,2491,2016-11-11 00:00:00,2016,11,Nov,556,2821.39,321750,2,Midwest
1986,2491,2016-12-11 00:00:00,2016,12,Dec,527,2672.88,321750,2,Midwest
1987,2501,2016-03-21 00:00:00,2016,3,Mar,655,3319.75,321760,2,Midwest
1988,2501,2016-04-19 00:00:00,2016,4,Apr,533,2762.92,321760,2,Midwest
1989,2501,2016-05-19 00:00:00,2016,5,May,521,2676.07,321760,2,Midwest
1990,2501,2016-06-17 00:00:00,2016,6,Jun,501,2548.77,321760,2,Midwest
1991,2501,2016-07-16 00:00:00,2016,7,Jul,539,2789.77,321760,2,Midwest
1992,2501,2016-08-15 00:00:00,2016,8,Aug,508,2534.92,321760,2,Midwest
1993,2501,2016-09-13 00:00:00,2016,9,Sep,503,2529.97,321760,2,Midwest
1994,2501,2016-10-13 00:00:00,2016,10,Oct,5,40.6,321760,2,Midwest
1995,2501,2016-11-11 00:00:00,2016,11,Nov,513,2559.87,321760,2,Midwest
1996,2501,2016-12-10 00:00:00,2016,12,Dec,529,2734.83,321760,2,Midwest
1997,2511,2016-06-15 00:00:00,2016,6,Jun,508,2547.42,321760,2,Midwest
1998,2511,2016-07-15 00:00:00,2016,7,Jul,520,2667.3,321760,2,Midwest
1999,2511,2016-08-13 00:00:00,2016,8,Aug,538,2809.78,321760,2,Midwest
2000,2511,2016-09-12 00:00:00,2016,9,Sep,515,2632.39,321760,2,Midwest
2001,2511,2016-10-12 00:00:00,2016,10,Oct,528,2711.69,321760,2,Midwest
2002,2511,2016-11-11 00:00:00,2016,11,Nov,450,2296.19,321760,2,Midwest
2003,2511,2016-12-11 00:00:00,2016,12,Dec,548,2866.47,321760,2,Midwest
2004,2521,2016-05-14 00:00:00,2016,5,May,539,2779.73,321770,2,Midwest
2005,2521,2016-06-13 00:00:00,2016,6,Jun,503,2528.75,321770,2,Midwest
2006,2521,2016-07-12 00:00:00,2016,7,Jul,920,4668.38,321770,2,Midwest
2007,2521,2016-08-11 00:00:00,2016,8,Aug,25,194.18,321770,2,Midwest
2008,2521,2016-09-09 00:00:00,2016,9,Sep,573,3115.93,321770,2,Midwest
2009,2521,2016-10-08 00:00:00,2016,10,Oct,583,2996.16,321770,2,Midwest
2010,2521,2016-11-06 00:00:00,2016,11,Nov,603,3365.73,321770,2,Midwest
2011,2521,2016-12-06 00:00:00,2016,12,Dec,506,2524.94,321770,2,Midwest
2012,2531,2013-12-25 00:00:00,2013,12,Dec,146,738.54,321780,2,Midwest
2013,2531,2014-01-23 00:00:00,2014,1,Jan,100,540.28,321780,2,Midwest
2014,2531,2014-02-21 00:00:00,2014,2,Feb,174,928.95,321780,2,Midwest
2015,2531,2014-03-23 00:00:00,2014,3,Mar,173,994.71,321780,2,Midwest
2016,2531,2014-04-21 00:00:00,2014,4,Apr,289,1894.05,321780,2,Midwest
2017,2531,2014-05-20 00:00:00,2014,5,May,162,835.88,321780,2,Midwest
2018,2531,2014-06-18 00:00:00,2014,6,Jun,150,748.5,321780,2,Midwest
2019,2531,2014-07-17 00:00:00,2014,7,Jul,175,873.25,321780,2,Midwest
2020,2531,2014-08-16 00:00:00,2014,8,Aug,124,653.19,321780,2,Midwest
2021,2531,2014-09-14 00:00:00,2014,9,Sep,160,829.68,321780,2,Midwest
2022,2531,2014-10-14 00:00:00,2014,10,Oct,177,926.36,321780,2,Midwest
2023,2531,2014-11-12 00:00:00,2014,11,Nov,164,852.79,321780,2,Midwest
2024,2531,2014-12-11 00:00:00,2014,12,Dec,166,856.51,321780,2,Midwest
2025,2541,2013-12-21 00:00:00,2013,12,Dec,308,1593.26,321800,3,Southeast
2026,2541,2014-02-18 00:00:00,2014,2,Feb,386,2185.83,321800,3,Southeast
2027,2541,2014-03-20 00:00:00,2014,3,Mar,358,1924.65,321800,3,Southeast
2028,2541,2014-04-19 00:00:00,2014,4,Apr,285,1531.6,321800,3,Southeast
2029,2541,2014-05-18 00:00:00,2014,5,May,288,1487.12,321800,3,Southeast
2030,2541,2014-06-17 00:00:00,2014,6,Jun,351,1866.49,321800,3,Southeast
2031,2541,2014-07-17 00:00:00,2014,7,Jul,335,1781.12,321800,3,Southeast
2032,2541,2014-08-16 00:00:00,2014,8,Aug,356,1925.28,321800,3,Southeast
2033,2541,2014-09-15 00:00:00,2014,9,Sep,400,2287.66,321800,3,Southeast
2034,2541,2014-10-15 00:00:00,2014,10,Oct,510,3215.13,321800,3,Southeast
2035,2541,2014-11-13 00:00:00,2014,11,Nov,365,1991.47,321800,3,Southeast
2036,2541,2014-12-13 00:00:00,2014,12,Dec,376,2047.01,321800,3,Southeast
2037,2541,2015-01-11 00:00:00,2015,1,Jan,431,2516.7,321800,3,Southeast
2038,2541,2015-02-10 00:00:00,2015,2,Feb,354,1924.08,321800,3,Southeast
2039,2541,2015-03-11 00:00:00,2015,3,Mar,350,1850.28,321800,3,Southeast
2040,2541,2015-04-10 00:00:00,2015,4,Apr,253,1380.07,321800,3,Southeast
2041,2541,2015-05-10 00:00:00,2015,5,May,349,1811.51,321800,3,Southeast
2042,2541,2015-06-08 00:00:00,2015,6,Jun,349,1876.59,321800,3,Southeast
2043,2541,2015-07-07 00:00:00,2015,7,Jul,386,2080.69,321800,3,Southeast
2044,2541,2015-08-06 00:00:00,2015,8,Aug,365,1961.43,321800,3,Southeast
2045,2541,2015-09-04 00:00:00,2015,9,Sep,335,1753.03,321800,3,Southeast
2046,2541,2015-10-03 00:00:00,2015,10,Oct,427,2517.76,321800,3,Southeast
2047,2541,2015-11-02 00:00:00,2015,11,Nov,389,2176.19,321800,3,Southeast
2048,2541,2015-12-01 00:00:00,2015,12,Dec,315,1644.39,321800,3,Southeast
2049,2541,2015-12-30 00:00:00,2015,12,Dec,327,1762.44,321800,3,Southeast
2050,2541,2016-01-29 00:00:00,2016,1,Jan,357,1932.77,321800,3,Southeast
2051,2541,2016-02-27 00:00:00,2016,2,Feb,304,1644.56,321800,3,Southeast
2052,2541,2016-03-27 00:00:00,2016,3,Mar,306,1599.44,321800,3,Southeast
2053,2541,2016-04-25 00:00:00,2016,4,Apr,380,2039.37,321800,3,Southeast
2054,2541,2016-05-24 00:00:00,2016,5,May,486,2891.37,321800,3,Southeast
2055,2541,2016-06-23 00:00:00,2016,6,Jun,449,2600.36,321800,3,Southeast
2056,2541,2016-07-23 00:00:00,2016,7,Jul,182,1001.98,321800,3,Southeast
2057,2541,2016-08-22 00:00:00,2016,8,Aug,304,1556.96,321800,3,Southeast
2058,2541,2016-09-21 00:00:00,2016,9,Sep,406,2342.58,321800,3,Southeast
2059,2541,2016-10-21 00:00:00,2016,10,Oct,347,1817.79,321800,3,Southeast
2060,2541,2016-11-20 00:00:00,2016,11,Nov,312,1659.38,321800,3,Southeast
2061,2541,2016-12-19 00:00:00,2016,12,Dec,341,1832.32,321800,3,Southeast
2062,2551,2016-06-24 00:00:00,2016,6,Jun,528,2708.54,321810,3,Southeast
2063,2551,2016-07-23 00:00:00,2016,7,Jul,564,2956.39,321810,3,Southeast
2064,2551,2016-08-21 00:00:00,2016,8,Aug,523,2664.77,321810,3,Southeast
2065,2551,2016-09-20 00:00:00,2016,9,Sep,551,2856.44,321810,3,Southeast
2066,2551,2016-10-20 00:00:00,2016,10,Oct,260,1328.7,321810,3,Southeast
2067,2551,2016-11-18 00:00:00,2016,11,Nov,502,2551.93,321810,3,Southeast
2068,2551,2016-12-17 00:00:00,2016,12,Dec,498,2577.64,321810,3,Southeast
2069,2561,2016-11-23 00:00:00,2016,11,Nov,965,4925.47,321820,3,Southeast
2070,2561,2016-12-23 00:00:00,2016,12,Dec,126,758.25,321820,3,Southeast
2071,2571,2013-12-19 00:00:00,2013,12,Dec,332,1788.06,321830,3,Southeast
2072,2571,2014-01-17 00:00:00,2014,1,Jan,319,1649.31,321830,3,Southeast
2073,2571,2014-02-16 00:00:00,2014,2,Feb,319,1642.48,321830,3,Southeast
2074,2571,2014-03-18 00:00:00,2014,3,Mar,331,1854.37,321830,3,Southeast
2075,2571,2014-04-16 00:00:00,2014,4,Apr,334,1790.52,321830,3,Southeast
2076,2571,2014-05-16 00:00:00,2014,5,May,342,1859.95,321830,3,Southeast
2077,2571,2014-06-15 00:00:00,2014,6,Jun,371,2053.99,321830,3,Southeast
2078,2571,2014-07-15 00:00:00,2014,7,Jul,326,1717.51,321830,3,Southeast
2079,2571,2014-08-15 00:00:00,2014,8,Aug,315,1658.19,321830,3,Southeast
2080,2571,2014-09-12 00:00:00,2014,9,Sep,307,1556.93,321830,3,Southeast
2081,2571,2014-10-11 00:00:00,2014,10,Oct,353,1885.29,321830,3,Southeast
2082,2571,2014-11-09 00:00:00,2014,11,Nov,346,1879.77,321830,3,Southeast
2083,2581,2016-10-19 00:00:00,2016,10,Oct,148,886.81,321840,3,Southeast
2084,2581,2016-11-18 00:00:00,2016,11,Nov,121,700.72,321840,3,Southeast
2085,2581,2016-12-18 00:00:00,2016,12,Dec,146,904.31,321840,3,Southeast
2086,2591,2013-12-11 00:00:00,2013,12,Dec,367,1982.02,321850,3,Southeast
2087,2591,2014-01-10 00:00:00,2014,1,Jan,349,1899.76,321850,3,Southeast
2088,2591,2014-02-08 00:00:00,2014,2,Feb,314,1643.77,321850,3,Southeast
2089,2591,2014-03-09 00:00:00,2014,3,Mar,375,2119.68,321850,3,Southeast
2090,2591,2014-04-07 00:00:00,2014,4,Apr,675,3609.77,321850,3,Southeast
2091,2591,2014-05-07 00:00:00,2014,5,May,523,2765.5,321850,3,Southeast
2092,2591,2014-06-05 00:00:00,2014,6,Jun,370,1961.4,321850,3,Southeast
2093,2591,2014-07-04 00:00:00,2014,7,Jul,363,1971.51,321850,3,Southeast
2094,2591,2014-08-02 00:00:00,2014,8,Aug,425,2445.38,321850,3,Southeast
2095,2591,2014-08-31 00:00:00,2014,8,Aug,402,2225.98,321850,3,Southeast
2096,2591,2014-09-30 00:00:00,2014,9,Sep,388,2188.88,321850,3,Southeast
2097,2591,2014-10-29 00:00:00,2014,10,Oct,335,1819.25,321850,3,Southeast
2098,2591,2014-11-27 00:00:00,2014,11,Nov,368,2018.31,321850,3,Southeast
2099,2591,2014-12-27 00:00:00,2014,12,Dec,350,1910.36,321850,3,Southeast
2100,2591,2015-01-26 00:00:00,2015,1,Jan,318,1664.99,321850,3,Southeast
2101,2591,2015-02-24 00:00:00,2015,2,Feb,321,1649.29,321850,3,Southeast
2102,2591,2015-03-25 00:00:00,2015,3,Mar,326,1679.24,321850,3,Southeast
2103,2591,2015-04-23 00:00:00,2015,4,Apr,359,1940.84,321850,3,Southeast
2104,2591,2015-05-23 00:00:00,2015,5,May,374,2082.78,321850,3,Southeast
2105,2591,2015-06-22 00:00:00,2015,6,Jun,305,1551.95,321850,3,Southeast
2106,2591,2015-07-21 00:00:00,2015,7,Jul,365,2013.32,321850,3,Southeast
2107,2591,2015-08-19 00:00:00,2015,8,Aug,363,1975.23,321850,3,Southeast
2108,2591,2015-09-18 00:00:00,2015,9,Sep,315,1646.3,321850,3,Southeast
2109,2591,2015-10-17 00:00:00,2015,10,Oct,368,1986.56,321850,3,Southeast
2110,2591,2015-11-15 00:00:00,2015,11,Nov,353,1936.61,321850,3,Southeast
2111,2591,2015-12-14 00:00:00,2015,12,Dec,145,1145.9,321850,3,Southeast
2112,2591,2016-01-12 00:00:00,2016,1,Jan,351,1897.22,321850,3,Southeast
2113,2591,2016-02-11 00:00:00,2016,2,Feb,372,2030.81,321850,3,Southeast
2114,2591,2016-04-10 00:00:00,2016,4,Apr,368,2026.5,321850,3,Southeast
2115,2591,2016-05-10 00:00:00,2016,5,May,567,2829.33,321850,3,Southeast
2116,2591,2016-06-08 00:00:00,2016,6,Jun,350,1865.89,321850,3,Southeast
2117,2591,2016-07-08 00:00:00,2016,7,Jul,371,2042.04,321850,3,Southeast
2118,2591,2016-08-07 00:00:00,2016,8,Aug,292,1457.08,321850,3,Southeast
2119,2591,2016-09-04 00:00:00,2016,9,Sep,325,1712.42,321850,3,Southeast
2120,2591,2016-10-04 00:00:00,2016,10,Oct,303,1598.92,321850,3,Southeast
2121,2591,2016-11-03 00:00:00,2016,11,Nov,296,1527.04,321850,3,Southeast
2122,2591,2016-12-02 00:00:00,2016,12,Dec,324,1666.76,321850,3,Southeast
2123,2591,2016-12-31 00:00:00,2016,12,Dec,334,1787.39,321850,3,Southeast
2124,2601,2015-02-06 00:00:00,2015,2,Feb,493,2522.61,321860,3,Southeast
2125,2601,2015-03-07 00:00:00,2015,3,Mar,524,2668.54,321860,3,Southeast
2126,2601,2015-04-05 00:00:00,2015,4,Apr,593,3206.57,321860,3,Southeast
2127,2601,2015-05-05 00:00:00,2015,5,May,508,2584.98,321860,3,Southeast
2128,2601,2015-06-03 00:00:00,2015,6,Jun,497,2523.16,321860,3,Southeast
2129,2601,2015-07-02 00:00:00,2015,7,Jul,544,2831.51,321860,3,Southeast
2130,2601,2015-07-31 00:00:00,2015,7,Jul,500,2495,321860,3,Southeast
2131,2601,2015-08-29 00:00:00,2015,8,Aug,549,2833.96,321860,3,Southeast
2132,2601,2015-09-28 00:00:00,2015,9,Sep,697,3988.03,321860,3,Southeast
2133,2601,2015-10-28 00:00:00,2015,10,Oct,524,2630.41,321860,3,Southeast
2134,2601,2015-11-27 00:00:00,2015,11,Nov,540,2709.6,321860,3,Southeast
2135,2611,2015-11-20 00:00:00,2015,11,Nov,509,2611.84,321870,3,Southeast
2136,2611,2015-12-20 00:00:00,2015,12,Dec,601,3238.99,321870,3,Southeast
2137,2611,2016-01-19 00:00:00,2016,1,Jan,512,2554.88,321870,3,Southeast
2138,2611,2016-02-17 00:00:00,2016,2,Feb,442,2240.01,321870,3,Southeast
2139,2611,2016-03-17 00:00:00,2016,3,Mar,523,2666.09,321870,3,Southeast
2140,2611,2016-04-16 00:00:00,2016,4,Apr,560,2949.48,321870,3,Southeast
2141,2611,2016-05-15 00:00:00,2016,5,May,527,2706.7,321870,3,Southeast
2142,2611,2016-06-13 00:00:00,2016,6,Jun,525,2692.31,321870,3,Southeast
2143,2611,2016-07-13 00:00:00,2016,7,Jul,508,2578.74,321870,3,Southeast
2144,2611,2016-08-12 00:00:00,2016,8,Aug,517,2614.26,321870,3,Southeast
2145,2611,2016-09-11 00:00:00,2016,9,Sep,509,2615.03,321870,3,Southeast
2146,2611,2016-10-11 00:00:00,2016,10,Oct,513,2622.37,321870,3,Southeast
2147,2611,2016-11-10 00:00:00,2016,11,Nov,539,2777.11,321870,3,Southeast
2148,2611,2016-12-09 00:00:00,2016,12,Dec,521,2617.29,321870,3,Southeast
2149,2621,2016-10-15 00:00:00,2016,10,Oct,173,885.77,321880,3,Southeast
2150,2621,2016-11-14 00:00:00,2016,11,Nov,146,741.04,321880,3,Southeast
2151,2621,2016-12-14 00:00:00,2016,12,Dec,194,1011.86,321880,3,Southeast
2152,2631,2013-12-23 00:00:00,2013,12,Dec,499,2535.01,321890,3,Southeast
2153,2631,2014-01-21 00:00:00,2014,1,Jan,698,4015.52,321890,3,Southeast
2154,2631,2014-02-19 00:00:00,2014,2,Feb,958,6223.25,321890,3,Southeast
2155,2631,2014-03-20 00:00:00,2014,3,Mar,472,2357.78,321890,3,Southeast
2156,2631,2014-04-18 00:00:00,2014,4,Apr,494,2498.84,321890,3,Southeast
2157,2631,2014-06-16 00:00:00,2014,6,Jun,553,2838.94,321890,3,Southeast
2158,2631,2014-07-15 00:00:00,2014,7,Jul,506,2549.94,321890,3,Southeast
2159,2631,2014-08-14 00:00:00,2014,8,Aug,540,2800.35,321890,3,Southeast
2160,2631,2014-09-13 00:00:00,2014,9,Sep,520,2689.23,321890,3,Southeast
2161,2631,2014-10-13 00:00:00,2014,10,Oct,507,2562.43,321890,3,Southeast
2162,2631,2014-11-12 00:00:00,2014,11,Nov,478,2417.72,321890,3,Southeast
2163,2631,2014-12-11 00:00:00,2014,12,Dec,610,3362.92,321890,3,Southeast
2164,2631,2015-01-10 00:00:00,2015,1,Jan,620,3414.69,321890,3,Southeast
2165,2631,2015-02-08 00:00:00,2015,2,Feb,509,2572.45,321890,3,Southeast
2166,2631,2015-03-09 00:00:00,2015,3,Mar,583,3140.75,321890,3,Southeast
2167,2631,2015-04-08 00:00:00,2015,4,Apr,535,2762.78,321890,3,Southeast
2168,2631,2015-05-08 00:00:00,2015,5,May,463,2386.67,321890,3,Southeast
2169,2631,2015-06-07 00:00:00,2015,6,Jun,637,3723.25,321890,3,Southeast
2170,2631,2015-07-07 00:00:00,2015,7,Jul,545,2799.67,321890,3,Southeast
2171,2631,2015-08-06 00:00:00,2015,8,Aug,555,2877.01,321890,3,Southeast
2172,2631,2015-09-04 00:00:00,2015,9,Sep,507,2549.93,321890,3,Southeast
2173,2631,2015-10-04 00:00:00,2015,10,Oct,555,2901.44,321890,3,Southeast
2174,2631,2015-11-02 00:00:00,2015,11,Nov,535,2762.19,321890,3,Southeast
2175,2631,2015-12-01 00:00:00,2015,12,Dec,531,2732.84,321890,3,Southeast
2176,2631,2015-12-31 00:00:00,2015,12,Dec,635,3246.9,321890,3,Southeast
2177,2631,2016-01-29 00:00:00,2016,1,Jan,505,2534.95,321890,3,Southeast
2178,2631,2016-02-28 00:00:00,2016,2,Feb,559,2885.08,321890,3,Southeast
2179,2631,2016-03-29 00:00:00,2016,3,Mar,651,3623.04,321890,3,Southeast
2180,2631,2016-04-27 00:00:00,2016,4,Apr,544,2844.13,321890,3,Southeast
2181,2631,2016-05-27 00:00:00,2016,5,May,559,2951.91,321890,3,Southeast
2182,2631,2016-06-26 00:00:00,2016,6,Jun,588,3168.08,321890,3,Southeast
2183,2631,2016-07-25 00:00:00,2016,7,Jul,525,2685.38,321890,3,Southeast
2184,2631,2016-08-23 00:00:00,2016,8,Aug,695,3951.76,321890,3,Southeast
2185,2631,2016-09-21 00:00:00,2016,9,Sep,584,2989.2,321890,3,Southeast
2186,2631,2016-10-20 00:00:00,2016,10,Oct,529,2699.71,321890,3,Southeast
2187,2631,2016-11-18 00:00:00,2016,11,Nov,522,2643.56,321890,3,Southeast
2188,2631,2016-12-17 00:00:00,2016,12,Dec,616,3088.84,321890,3,Southeast
2189,2641,2016-03-27 00:00:00,2016,3,Mar,521,2651.09,321800,3,Southeast
2190,2641,2016-04-25 00:00:00,2016,4,Apr,517,2658.04,321800,3,Southeast
2191,2641,2016-05-24 00:00:00,2016,5,May,520,2633.58,321800,3,Southeast
2192,2641,2016-06-23 00:00:00,2016,6,Jun,485,2420.15,321800,3,Southeast
2193,2641,2016-07-22 00:00:00,2016,7,Jul,525,2748.08,321800,3,Southeast
2194,2641,2016-08-20 00:00:00,2016,8,Aug,499,2562.59,321800,3,Southeast
2195,2641,2016-09-19 00:00:00,2016,9,Sep,547,2760.83,321800,3,Southeast
2196,2641,2016-10-19 00:00:00,2016,10,Oct,597,3241.87,321800,3,Southeast
2197,2641,2016-11-17 00:00:00,2016,11,Nov,523,2647.27,321800,3,Southeast
2198,2641,2016-12-16 00:00:00,2016,12,Dec,512,2589.88,321800,3,Southeast
2199,2651,2016-04-21 00:00:00,2016,4,Apr,171,979.04,321810,3,Southeast
2200,2651,2016-05-21 00:00:00,2016,5,May,154,900.96,321810,3,Southeast
2201,2651,2016-06-19 00:00:00,2016,6,Jun,148,868.01,321810,3,Southeast
2202,2651,2016-07-19 00:00:00,2016,7,Jul,169,1024.08,321810,3,Southeast
2203,2651,2016-08-17 00:00:00,2016,8,Aug,179,1094,321810,3,Southeast
2204,2651,2016-09-16 00:00:00,2016,9,Sep,157,953.43,321810,3,Southeast
2205,2651,2016-10-15 00:00:00,2016,10,Oct,205,1417.21,321810,3,Southeast
2206,2651,2016-11-13 00:00:00,2016,11,Nov,177,1083.98,321810,3,Southeast
2207,2661,2016-06-02 00:00:00,2016,6,Jun,140,786.73,321820,3,Southeast
2208,2661,2016-07-02 00:00:00,2016,7,Jul,144,853.72,321820,3,Southeast
2209,2661,2016-07-31 00:00:00,2016,7,Jul,147,827.43,321820,3,Southeast
2210,2661,2016-08-30 00:00:00,2016,8,Aug,177,1092.74,321820,3,Southeast
2211,2661,2016-09-28 00:00:00,2016,9,Sep,125,780.78,321820,3,Southeast
2212,2661,2016-10-27 00:00:00,2016,10,Oct,190,1120.74,321820,3,Southeast
2213,2661,2016-11-25 00:00:00,2016,11,Nov,180,1129.11,321820,3,Southeast
2214,2661,2016-12-24 00:00:00,2016,12,Dec,202,1303.16,321820,3,Southeast
2215,2671,2014-12-17 00:00:00,2014,12,Dec,198,1253.87,321830,3,Southeast
2216,2671,2015-01-15 00:00:00,2015,1,Jan,177,1075.89,321830,3,Southeast
2217,2671,2015-02-13 00:00:00,2015,2,Feb,170,1003.48,321830,3,Southeast
2218,2671,2015-03-14 00:00:00,2015,3,Mar,142,818.13,321830,3,Southeast
2219,2671,2015-04-12 00:00:00,2015,4,Apr,730,5403.04,321830,3,Southeast
2220,2671,2015-05-11 00:00:00,2015,5,May,122,773.37,321830,3,Southeast
2221,2671,2015-06-09 00:00:00,2015,6,Jun,193,1118.82,321830,3,Southeast
2222,2671,2015-07-09 00:00:00,2015,7,Jul,197,1198.84,321830,3,Southeast
2223,2671,2015-08-08 00:00:00,2015,8,Aug,138,788.62,321830,3,Southeast
2224,2671,2015-09-07 00:00:00,2015,9,Sep,132,741.89,321830,3,Southeast
2225,2671,2015-10-07 00:00:00,2015,10,Oct,174,1017.75,321830,3,Southeast
2226,2671,2015-11-06 00:00:00,2015,11,Nov,128,686.22,321830,3,Southeast
2227,2671,2016-01-04 00:00:00,2016,1,Jan,137,798.71,321830,3,Southeast
2228,2671,2016-02-02 00:00:00,2016,2,Feb,218,1412.94,321830,3,Southeast
2229,2671,2016-03-02 00:00:00,2016,3,Mar,139,803.14,321830,3,Southeast
2230,2671,2016-04-01 00:00:00,2016,4,Apr,168,1041.67,321830,3,Southeast
2231,2671,2016-04-30 00:00:00,2016,4,Apr,171,1043.47,321830,3,Southeast
2232,2671,2016-05-30 00:00:00,2016,5,May,159,941.03,321830,3,Southeast
2233,2671,2016-06-29 00:00:00,2016,6,Jun,166,991.61,321830,3,Southeast
2234,2671,2016-07-29 00:00:00,2016,7,Jul,105,548.95,321830,3,Southeast
2235,2671,2016-08-27 00:00:00,2016,8,Aug,125,708.26,321830,3,Southeast
2236,2671,2016-09-25 00:00:00,2016,9,Sep,164,985.41,321830,3,Southeast
2237,2671,2016-10-25 00:00:00,2016,10,Oct,193,1316.42,321830,3,Southeast
2238,2671,2016-11-23 00:00:00,2016,11,Nov,141,852.51,321830,3,Southeast
2239,2671,2016-12-23 00:00:00,2016,12,Dec,137,798.81,321830,3,Southeast
2240,2681,2015-03-27 00:00:00,2015,3,Mar,336,1761.64,321840,3,Southeast
2241,2681,2015-04-26 00:00:00,2015,4,Apr,424,2258.26,321840,3,Southeast
2242,2681,2015-05-25 00:00:00,2015,5,May,347,1881.53,321840,3,Southeast
2243,2681,2015-06-24 00:00:00,2015,6,Jun,319,1717.54,321840,3,Southeast
2244,2681,2015-07-24 00:00:00,2015,7,Jul,605,3165.31,321840,3,Southeast
2245,2681,2015-08-22 00:00:00,2015,8,Aug,3311,24111.28,321840,3,Southeast
2246,2681,2015-09-21 00:00:00,2015,9,Sep,511,3067.39,321840,3,Southeast
2247,2681,2015-10-20 00:00:00,2015,10,Oct,221,1200.98,321840,3,Southeast
2248,2681,2015-11-19 00:00:00,2015,11,Nov,333,1821.16,321840,3,Southeast
2249,2681,2015-12-19 00:00:00,2015,12,Dec,373,2022.06,321840,3,Southeast
2250,2681,2016-01-18 00:00:00,2016,1,Jan,57,436.38,321840,3,Southeast
2251,2681,2016-02-16 00:00:00,2016,2,Feb,400,2293.35,321840,3,Southeast
2252,2681,2016-03-17 00:00:00,2016,3,Mar,371,1991.43,321840,3,Southeast
2253,2681,2016-04-16 00:00:00,2016,4,Apr,316,1614.4,321840,3,Southeast
2254,2681,2016-05-15 00:00:00,2016,5,May,328,1766.19,321840,3,Southeast
2255,2681,2016-06-13 00:00:00,2016,6,Jun,604,3972.27,321840,3,Southeast
2256,2681,2016-07-12 00:00:00,2016,7,Jul,251,1361.31,321840,3,Southeast
2257,2681,2016-08-10 00:00:00,2016,8,Aug,351,1899.76,321840,3,Southeast
2258,2681,2016-09-09 00:00:00,2016,9,Sep,309,1664.51,321840,3,Southeast
2259,2681,2016-10-09 00:00:00,2016,10,Oct,384,2122.6,321840,3,Southeast
2260,2681,2016-11-08 00:00:00,2016,11,Nov,319,1763.8,321840,3,Southeast
2261,2681,2016-12-08 00:00:00,2016,12,Dec,330,1716.7,321840,3,Southeast
2262,2691,2015-08-12 00:00:00,2015,8,Aug,511,2578.06,321850,3,Southeast
2263,2691,2015-09-11 00:00:00,2015,9,Sep,544,2877.32,321850,3,Southeast
2264,2691,2015-10-10 00:00:00,2015,10,Oct,511,2600.58,321850,3,Southeast
2265,2691,2015-11-09 00:00:00,2015,11,Nov,523,2658.55,321850,3,Southeast
2266,2691,2015-12-09 00:00:00,2015,12,Dec,543,2825.34,321850,3,Southeast
2267,2691,2016-01-07 00:00:00,2016,1,Jan,532,2736.06,321850,3,Southeast
2268,2691,2016-02-06 00:00:00,2016,2,Feb,518,2644.29,321850,3,Southeast
2269,2691,2016-03-07 00:00:00,2016,3,Mar,557,2909.61,321850,3,Southeast
2270,2691,2016-04-05 00:00:00,2016,4,Apr,443,2275.65,321850,3,Southeast
2271,2691,2016-05-05 00:00:00,2016,5,May,547,2849.65,321850,3,Southeast
2272,2691,2016-06-03 00:00:00,2016,6,Jun,546,2827.83,321850,3,Southeast
2273,2691,2016-07-03 00:00:00,2016,7,Jul,457,2297.93,321850,3,Southeast
2274,2691,2016-08-01 00:00:00,2016,8,Aug,578,2986.19,321850,3,Southeast
2275,2691,2016-08-30 00:00:00,2016,8,Aug,1474,7463.51,321850,3,Southeast
2276,2691,2016-09-29 00:00:00,2016,9,Sep,580,3125.13,321850,3,Southeast
2277,2691,2016-10-29 00:00:00,2016,10,Oct,583,3198.33,321850,3,Southeast
2278,2691,2016-11-28 00:00:00,2016,11,Nov,531,2732.92,321850,3,Southeast
2279,2691,2016-12-28 00:00:00,2016,12,Dec,582,2906.68,321850,3,Southeast
2280,2701,2015-11-24 00:00:00,2015,11,Nov,166,856.51,321860,3,Southeast
2281,2701,2015-12-24 00:00:00,2015,12,Dec,163,932.25,321860,3,Southeast
2282,2701,2016-01-23 00:00:00,2016,1,Jan,288,1843.8,321860,3,Southeast
2283,2701,2016-02-22 00:00:00,2016,2,Feb,127,683.73,321860,3,Southeast
2284,2701,2016-03-22 00:00:00,2016,3,Mar,2172,17148.32,321860,3,Southeast
2285,2701,2016-04-20 00:00:00,2016,4,Apr,125,656.25,321860,3,Southeast
2286,2701,2016-05-20 00:00:00,2016,5,May,182,952,321860,3,Southeast
2287,2701,2016-06-19 00:00:00,2016,6,Jun,189,1021.89,321860,3,Southeast
2288,2701,2016-07-18 00:00:00,2016,7,Jul,211,1183.01,321860,3,Southeast
2289,2701,2016-08-16 00:00:00,2016,8,Aug,255,1579.13,321860,3,Southeast
2290,2701,2016-09-15 00:00:00,2016,9,Sep,111,588.89,321860,3,Southeast
2291,2701,2016-10-14 00:00:00,2016,10,Oct,168,920.27,321860,3,Southeast
2292,2701,2016-11-12 00:00:00,2016,11,Nov,132,701.2,321860,3,Southeast
2293,2701,2016-12-11 00:00:00,2016,12,Dec,189,1055.14,321860,3,Southeast
2294,2711,2016-04-19 00:00:00,2016,4,Apr,545,2769.63,321870,3,Southeast
2295,2711,2016-05-19 00:00:00,2016,5,May,571,3070.83,321870,3,Southeast
2296,2711,2016-06-18 00:00:00,2016,6,Jun,504,2565.02,321870,3,Southeast
2297,2711,2016-07-17 00:00:00,2016,7,Jul,781,4634.87,321870,3,Southeast
2298,2711,2016-08-16 00:00:00,2016,8,Aug,533,2710.95,321870,3,Southeast
2299,2711,2016-09-14 00:00:00,2016,9,Sep,501,2534.42,321870,3,Southeast
2300,2711,2016-10-13 00:00:00,2016,10,Oct,503,2566.25,321870,3,Southeast
2301,2711,2016-11-12 00:00:00,2016,11,Nov,541,2762.13,321870,3,Southeast
2302,2711,2016-12-11 00:00:00,2016,12,Dec,504,2540,321870,3,Southeast
2303,2721,2016-11-15 00:00:00,2016,11,Nov,367,2030.76,321880,3,Southeast
2304,2721,2016-12-15 00:00:00,2016,12,Dec,52,407.75,321880,3,Southeast
2305,2731,2013-12-08 00:00:00,2013,12,Dec,508,2583.7,321890,3,Southeast
2306,2731,2014-01-07 00:00:00,2014,1,Jan,529,2677.21,321890,3,Southeast
2307,2731,2014-02-05 00:00:00,2014,2,Feb,529,2711.03,321890,3,Southeast
2308,2731,2014-03-06 00:00:00,2014,3,Mar,510,2582.46,321890,3,Southeast
2309,2731,2014-04-05 00:00:00,2014,4,Apr,706,3599.91,321890,3,Southeast
2310,2731,2014-05-05 00:00:00,2014,5,May,499,2513.77,321890,3,Southeast
2311,2731,2014-06-04 00:00:00,2014,6,Jun,503,2522.47,321890,3,Southeast
2312,2731,2014-07-04 00:00:00,2014,7,Jul,487,2461.43,321890,3,Southeast
2313,2731,2014-08-03 00:00:00,2014,8,Aug,604,3182.29,321890,3,Southeast
2314,2731,2014-09-01 00:00:00,2014,9,Sep,458,2317.92,321890,3,Southeast
2315,2731,2014-09-30 00:00:00,2014,9,Sep,520,2692.36,321890,3,Southeast
2316,2731,2014-10-29 00:00:00,2014,10,Oct,520,2638.62,321890,3,Southeast
2317,2731,2014-11-27 00:00:00,2014,11,Nov,532,2713.44,321890,3,Southeast
2318,2731,2014-12-27 00:00:00,2014,12,Dec,516,2605.51,321890,3,Southeast
2319,2731,2015-01-25 00:00:00,2015,1,Jan,598,2999.02,321890,3,Southeast
2320,2731,2015-02-23 00:00:00,2015,2,Feb,669,3771.54,321890,3,Southeast
2321,2731,2015-03-24 00:00:00,2015,3,Mar,515,2644.26,321890,3,Southeast
2322,2731,2015-04-22 00:00:00,2015,4,Apr,517,2653.04,321890,3,Southeast
2323,2731,2015-05-22 00:00:00,2015,5,May,524,2672.91,321890,3,Southeast
2324,2731,2015-06-21 00:00:00,2015,6,Jun,526,2653.52,321890,3,Southeast
2325,2731,2015-07-20 00:00:00,2015,7,Jul,521,2661.74,321890,3,Southeast
2326,2731,2015-08-18 00:00:00,2015,8,Aug,497,2480.03,321890,3,Southeast
2327,2731,2015-09-17 00:00:00,2015,9,Sep,609,3225.84,321890,3,Southeast
2328,2731,2015-10-17 00:00:00,2015,10,Oct,577,3105.69,321890,3,Southeast
2329,2731,2015-11-15 00:00:00,2015,11,Nov,506,2552.44,321890,3,Southeast
2330,2731,2015-12-14 00:00:00,2015,12,Dec,494,2502.62,321890,3,Southeast
2331,2731,2016-01-13 00:00:00,2016,1,Jan,527,2767.41,321890,3,Southeast
2332,2731,2016-02-12 00:00:00,2016,2,Feb,544,2848.46,321890,3,Southeast
2333,2731,2016-03-12 00:00:00,2016,3,Mar,489,2544.62,321890,3,Southeast
2334,2731,2016-04-10 00:00:00,2016,4,Apr,532,2726,321890,3,Southeast
2335,2731,2016-05-09 00:00:00,2016,5,May,510,2544.9,321890,3,Southeast
2336,2731,2016-06-08 00:00:00,2016,6,Jun,528,2766.1,321890,3,Southeast
2337,2731,2016-07-08 00:00:00,2016,7,Jul,364,1888.92,321890,3,Southeast
2338,2731,2016-08-07 00:00:00,2016,8,Aug,521,2674.79,321890,3,Southeast
2339,2731,2016-09-05 00:00:00,2016,9,Sep,564,2950.17,321890,3,Southeast
2340,2731,2016-10-05 00:00:00,2016,10,Oct,644,3493.07,321890,3,Southeast
2341,2731,2016-11-03 00:00:00,2016,11,Nov,531,2704.14,321890,3,Southeast
2342,2731,2016-12-02 00:00:00,2016,12,Dec,576,3054.87,321890,3,Southeast
2343,2731,2016-12-31 00:00:00,2016,12,Dec,514,2607.36,321890,3,Southeast
2344,2741,2016-07-19 00:00:00,2016,7,Jul,374,2055.12,321800,3,Southeast
2345,2741,2016-08-18 00:00:00,2016,8,Aug,344,1819.06,321800,3,Southeast
2346,2741,2016-09-17 00:00:00,2016,9,Sep,342,1811.58,321800,3,Southeast
2347,2741,2016-10-17 00:00:00,2016,10,Oct,339,1856.08,321800,3,Southeast
2348,2741,2016-11-16 00:00:00,2016,11,Nov,501,2650.74,321800,3,Southeast
2349,2741,2016-12-15 00:00:00,2016,12,Dec,344,1839.06,321800,3,Southeast
2350,2751,2016-10-28 00:00:00,2016,10,Oct,371,2061.45,321810,3,Southeast
2351,2751,2016-11-26 00:00:00,2016,11,Nov,341,1834.8,321810,3,Southeast
2352,2751,2016-12-26 00:00:00,2016,12,Dec,315,1678.8,321810,3,Southeast
2353,2761,2016-10-12 00:00:00,2016,10,Oct,360,1905.2,321820,3,Southeast
2354,2761,2016-11-11 00:00:00,2016,11,Nov,357,1975.92,321820,3,Southeast
2355,2761,2016-12-10 00:00:00,2016,12,Dec,7,56.84,321820,3,Southeast
2356,2771,2013-12-19 00:00:00,2013,12,Dec,167,999.08,321830,3,Southeast
2357,2771,2014-01-18 00:00:00,2014,1,Jan,118,671.32,321830,3,Southeast
2358,2771,2014-02-16 00:00:00,2014,2,Feb,245,1463.44,321830,3,Southeast
2359,2771,2014-03-18 00:00:00,2014,3,Mar,165,999.71,321830,3,Southeast
2360,2781,2016-12-10 00:00:00,2016,12,Dec,410,2155.98,321840,3,Southeast
2361,2791,2016-10-28 00:00:00,2016,10,Oct,100,635.34,321850,3,Southeast
2362,2791,2016-11-27 00:00:00,2016,11,Nov,193,1111.83,321850,3,Southeast
2363,2791,2016-12-26 00:00:00,2016,12,Dec,255,1504.5,321850,3,Southeast
2364,2801,2016-03-07 00:00:00,2016,3,Mar,519,2652.98,321860,3,Southeast
2365,2801,2016-04-05 00:00:00,2016,4,Apr,602,3003.98,321860,3,Southeast
2366,2801,2016-05-05 00:00:00,2016,5,May,534,2791.71,321860,3,Southeast
2367,2801,2016-06-03 00:00:00,2016,6,Jun,529,2699.71,321860,3,Southeast
2368,2801,2016-07-03 00:00:00,2016,7,Jul,500,2495,321860,3,Southeast
2369,2811,2016-10-01 00:00:00,2016,10,Oct,70,554.54,321870,3,Southeast
2370,2811,2016-10-30 00:00:00,2016,10,Oct,750,3890.08,321870,3,Southeast
2371,2811,2016-11-28 00:00:00,2016,11,Nov,308,1564.42,321870,3,Southeast
2372,2811,2016-12-27 00:00:00,2016,12,Dec,520,2826.87,321870,3,Southeast
2373,2821,2016-07-31 00:00:00,2016,7,Jul,293,1974.18,321880,3,Southeast
2374,2821,2016-08-29 00:00:00,2016,8,Aug,180,1113.34,321880,3,Southeast
2375,2821,2016-09-27 00:00:00,2016,9,Sep,155,891.7,321880,3,Southeast
2376,2821,2016-10-26 00:00:00,2016,10,Oct,76,524.38,321880,3,Southeast
2377,2821,2016-11-24 00:00:00,2016,11,Nov,128,755.12,321880,3,Southeast
2378,2821,2016-12-23 00:00:00,2016,12,Dec,152,935.51,321880,3,Southeast
2379,2831,2016-04-26 00:00:00,2016,4,Apr,309,1648.33,321890,3,Southeast
2380,2831,2016-05-25 00:00:00,2016,5,May,349,1891,321890,3,Southeast
2381,2831,2016-06-23 00:00:00,2016,6,Jun,327,1712.42,321890,3,Southeast
2382,2831,2016-07-22 00:00:00,2016,7,Jul,375,1993.85,321890,3,Southeast
2383,2831,2016-08-20 00:00:00,2016,8,Aug,302,1695.88,321890,3,Southeast
2384,2831,2016-09-18 00:00:00,2016,9,Sep,390,2218.9,321890,3,Southeast
2385,2831,2016-10-18 00:00:00,2016,10,Oct,358,1861.42,321890,3,Southeast
2386,2831,2016-11-17 00:00:00,2016,11,Nov,378,2113.27,321890,3,Southeast
2387,2831,2016-12-16 00:00:00,2016,12,Dec,396,2224.39,321890,3,Southeast
2388,2841,2016-01-09 00:00:00,2016,1,Jan,677,3397.01,321800,3,Southeast
2389,2841,2016-02-08 00:00:00,2016,2,Feb,566,3039.62,321800,3,Southeast
2390,2841,2016-03-09 00:00:00,2016,3,Mar,504,2562.46,321800,3,Southeast
2391,2841,2016-04-08 00:00:00,2016,4,Apr,500,2527.5,321800,3,Southeast
2392,2841,2016-05-08 00:00:00,2016,5,May,562,2917.61,321800,3,Southeast
2393,2841,2016-06-06 00:00:00,2016,6,Jun,606,3136.44,321800,3,Southeast
2394,2841,2016-07-06 00:00:00,2016,7,Jul,540,2734.6,321800,3,Southeast
2395,2841,2016-08-05 00:00:00,2016,8,Aug,894,5637.84,321800,3,Southeast
2396,2841,2016-09-04 00:00:00,2016,9,Sep,538,2775.39,321800,3,Southeast
2397,2841,2016-10-03 00:00:00,2016,10,Oct,525,2680.42,321800,3,Southeast
2398,2841,2016-11-01 00:00:00,2016,11,Nov,523,2676.09,321800,3,Southeast
2399,2841,2016-11-30 00:00:00,2016,11,Nov,450,2295.58,321800,3,Southeast
2400,2841,2016-12-30 00:00:00,2016,12,Dec,585,3145.65,321800,3,Southeast
2401,2851,2015-12-08 00:00:00,2015,12,Dec,517,2677.45,321810,3,Southeast
2402,2851,2016-01-06 00:00:00,2016,1,Jan,20,157.36,321810,3,Southeast
2403,2851,2016-02-05 00:00:00,2016,2,Feb,550,2882.81,321810,3,Southeast
2404,2851,2016-03-05 00:00:00,2016,3,Mar,524,2614.76,321810,3,Southeast
2405,2851,2016-04-03 00:00:00,2016,4,Apr,498,2485.02,321810,3,Southeast
2406,2851,2016-05-02 00:00:00,2016,5,May,497,2483.16,321810,3,Southeast
2407,2851,2016-05-31 00:00:00,2016,5,May,613,3235.29,321810,3,Southeast
2408,2851,2016-06-30 00:00:00,2016,6,Jun,545,2833.45,321810,3,Southeast
2409,2851,2016-07-29 00:00:00,2016,7,Jul,502,2512.48,321810,3,Southeast
2410,2851,2016-08-28 00:00:00,2016,8,Aug,507,2529.93,321810,3,Southeast
2411,2851,2016-09-26 00:00:00,2016,9,Sep,555,2836.95,321810,3,Southeast
2412,2851,2016-10-26 00:00:00,2016,10,Oct,523,2686.05,321810,3,Southeast
2413,2851,2016-11-25 00:00:00,2016,11,Nov,506,2572.44,321810,3,Southeast
2414,2851,2016-12-24 00:00:00,2016,12,Dec,82,531.25,321810,3,Southeast
2415,2861,2013-12-04 00:00:00,2013,12,Dec,516,2646.77,321820,3,Southeast
2416,2861,2014-01-02 00:00:00,2014,1,Jan,536,2785.98,321820,3,Southeast
2417,2861,2014-02-01 00:00:00,2014,2,Feb,565,2921.28,321820,3,Southeast
2418,2861,2014-03-03 00:00:00,2014,3,Mar,565,2819.35,321820,3,Southeast
2419,2861,2014-04-01 00:00:00,2014,4,Apr,583,3173.76,321820,3,Southeast
2420,2861,2014-04-30 00:00:00,2014,4,Apr,410,2075.94,321820,3,Southeast
2421,2861,2014-05-30 00:00:00,2014,5,May,515,2629.32,321820,3,Southeast
2422,2861,2014-06-29 00:00:00,2014,6,Jun,534,2764.19,321820,3,Southeast
2423,2861,2014-07-28 00:00:00,2014,7,Jul,519,2672.98,321820,3,Southeast
2424,2861,2014-08-27 00:00:00,2014,8,Aug,408,2058.42,321820,3,Southeast
2425,2861,2014-09-25 00:00:00,2014,9,Sep,510,2588.72,321820,3,Southeast
2426,2861,2014-10-24 00:00:00,2014,10,Oct,585,3040.51,321820,3,Southeast
2427,2861,2014-11-23 00:00:00,2014,11,Nov,530,2709.15,321820,3,Southeast
2428,2861,2014-12-22 00:00:00,2014,12,Dec,538,2800.96,321820,3,Southeast
2429,2861,2015-01-20 00:00:00,2015,1,Jan,549,2749.51,321820,3,Southeast
2430,2861,2015-02-19 00:00:00,2015,2,Feb,538,2759.62,321820,3,Southeast
2431,2861,2015-03-21 00:00:00,2015,3,Mar,648,3267.95,321820,3,Southeast
2432,2861,2015-04-19 00:00:00,2015,4,Apr,512,2586.18,321820,3,Southeast
2433,2861,2015-05-18 00:00:00,2015,5,May,493,2462.57,321820,3,Southeast
2434,2861,2015-06-16 00:00:00,2015,6,Jun,520,2629.23,321820,3,Southeast
2435,2861,2015-07-16 00:00:00,2015,7,Jul,538,2754.62,321820,3,Southeast
2436,2861,2015-08-14 00:00:00,2015,8,Aug,509,2559.93,321820,3,Southeast
2437,2861,2015-09-12 00:00:00,2015,9,Sep,577,3050.08,321820,3,Southeast
2438,2861,2015-10-12 00:00:00,2015,10,Oct,511,2596.84,321820,3,Southeast
2439,2861,2015-11-10 00:00:00,2015,11,Nov,557,2813.86,321820,3,Southeast
2440,2861,2015-12-10 00:00:00,2015,12,Dec,20,151.69,321820,3,Southeast
2441,2861,2016-01-08 00:00:00,2016,1,Jan,497,2533.18,321820,3,Southeast
2442,2861,2016-02-06 00:00:00,2016,2,Feb,520,2634.8,321820,3,Southeast
2443,2861,2016-03-07 00:00:00,2016,3,Mar,500,2495,321820,3,Southeast
2444,2861,2016-04-06 00:00:00,2016,4,Apr,543,2786.46,321820,3,Southeast
2445,2861,2016-05-06 00:00:00,2016,5,May,539,2839.85,321820,3,Southeast
2446,2861,2016-06-04 00:00:00,2016,6,Jun,506,2524.94,321820,3,Southeast
2447,2861,2016-07-03 00:00:00,2016,7,Jul,513,2613.08,321820,3,Southeast
2448,2861,2016-08-02 00:00:00,2016,8,Aug,538,2729.68,321820,3,Southeast
2449,2861,2016-08-31 00:00:00,2016,8,Aug,561,2899.55,321820,3,Southeast
2450,2861,2016-09-29 00:00:00,2016,9,Sep,539,2804.04,321820,3,Southeast
2451,2861,2016-10-28 00:00:00,2016,10,Oct,541,2827.86,321820,3,Southeast
2452,2861,2016-11-26 00:00:00,2016,11,Nov,515,2644.91,321820,3,Southeast
2453,2861,2016-12-26 00:00:00,2016,12,Dec,534,2817.81,321820,3,Southeast
2454,2871,2013-12-14 00:00:00,2013,12,Dec,544,2742.06,321830,3,Southeast
2455,2871,2014-01-12 00:00:00,2014,1,Jan,519,2608.59,321830,3,Southeast
2456,2871,2014-02-10 00:00:00,2014,2,Feb,510,2619.98,321830,3,Southeast
2457,2871,2014-03-11 00:00:00,2014,3,Mar,521,2644.79,321830,3,Southeast
2458,2871,2014-04-09 00:00:00,2014,4,Apr,556,2779.44,321830,3,Southeast
2459,2871,2014-05-09 00:00:00,2014,5,May,543,2789.57,321830,3,Southeast
2460,2871,2014-06-07 00:00:00,2014,6,Jun,527,2763,321830,3,Southeast
2461,2871,2014-07-07 00:00:00,2014,7,Jul,482,2405.18,321830,3,Southeast
2462,2871,2014-08-06 00:00:00,2014,8,Aug,501,2555.05,321830,3,Southeast
2463,2871,2014-09-04 00:00:00,2014,9,Sep,440,2195.6,321830,3,Southeast
2464,2871,2014-10-04 00:00:00,2014,10,Oct,530,2781.79,321830,3,Southeast
2465,2871,2014-11-03 00:00:00,2014,11,Nov,554,2847.67,321830,3,Southeast
2466,2871,2014-12-03 00:00:00,2014,12,Dec,847,5142.24,321830,3,Southeast
2467,2871,2015-01-01 00:00:00,2015,1,Jan,529,2737.29,321830,3,Southeast
2468,2871,2015-01-31 00:00:00,2015,1,Jan,520,2597.93,321830,3,Southeast
2469,2871,2015-03-01 00:00:00,2015,3,Mar,924,5635.23,321830,3,Southeast
2470,2871,2015-03-30 00:00:00,2015,3,Mar,602,3322.57,321830,3,Southeast
2471,2871,2015-04-29 00:00:00,2015,4,Apr,526,2664.76,321830,3,Southeast
2472,2871,2015-05-28 00:00:00,2015,5,May,518,2648.01,321830,3,Southeast
2473,2871,2015-06-26 00:00:00,2015,6,Jun,613,3429.37,321830,3,Southeast
2474,2871,2015-07-25 00:00:00,2015,7,Jul,501,2531.88,321830,3,Southeast
2475,2871,2015-08-23 00:00:00,2015,8,Aug,450,2261.15,321830,3,Southeast
2476,2871,2015-09-22 00:00:00,2015,9,Sep,575,3140.79,321830,3,Southeast
2477,2871,2015-10-21 00:00:00,2015,10,Oct,531,2699.75,321830,3,Southeast
2478,2871,2015-11-20 00:00:00,2015,11,Nov,599,3150.47,321830,3,Southeast
2479,2871,2015-12-20 00:00:00,2015,12,Dec,531,2771.66,321830,3,Southeast
2480,2871,2016-01-18 00:00:00,2016,1,Jan,535,2771.6,321830,3,Southeast
2481,2871,2016-02-17 00:00:00,2016,2,Feb,538,2768.44,321830,3,Southeast
2482,2871,2016-03-17 00:00:00,2016,3,Mar,568,2879.32,321830,3,Southeast
2483,2871,2016-04-16 00:00:00,2016,4,Apr,545,2845.99,321830,3,Southeast
2484,2871,2016-05-16 00:00:00,2016,5,May,539,2748.45,321830,3,Southeast
2485,2871,2016-06-14 00:00:00,2016,6,Jun,746,4481.22,321830,3,Southeast
2486,2871,2016-07-13 00:00:00,2016,7,Jul,495,2510.74,321830,3,Southeast
2487,2871,2016-08-11 00:00:00,2016,8,Aug,515,2632.45,321830,3,Southeast
2488,2871,2016-09-09 00:00:00,2016,9,Sep,533,2749.75,321830,3,Southeast
2489,2871,2016-10-09 00:00:00,2016,10,Oct,592,3063.63,321830,3,Southeast
2490,2871,2016-11-08 00:00:00,2016,11,Nov,506,2554.94,321830,3,Southeast
2491,2871,2016-12-08 00:00:00,2016,12,Dec,515,2592.35,321830,3,Southeast
2492,2881,2013-12-22 00:00:00,2013,12,Dec,530,2733.5,321840,3,Southeast
2493,2881,2014-01-21 00:00:00,2014,1,Jan,557,2883.88,321840,3,Southeast
2494,2881,2014-02-20 00:00:00,2014,2,Feb,507,2529.93,321840,3,Southeast
2495,2881,2014-03-21 00:00:00,2014,3,Mar,517,2629.85,321840,3,Southeast
2496,2881,2014-04-19 00:00:00,2014,4,Apr,564,2895.72,321840,3,Southeast
2497,2881,2014-05-19 00:00:00,2014,5,May,531,2730.38,321840,3,Southeast
2498,2881,2014-06-18 00:00:00,2014,6,Jun,514,2627.42,321840,3,Southeast
2499,2881,2014-07-18 00:00:00,2014,7,Jul,526,2710.43,321840,3,Southeast
2500,2881,2014-08-16 00:00:00,2014,8,Aug,504,2605.02,321840,3,Southeast
2501,2881,2014-09-14 00:00:00,2014,9,Sep,537,2782.92,321840,3,Southeast
2502,2881,2014-10-14 00:00:00,2014,10,Oct,612,3133.31,321840,3,Southeast
2503,2881,2014-11-12 00:00:00,2014,11,Nov,523,2708.59,321840,3,Southeast
2504,2881,2014-12-11 00:00:00,2014,12,Dec,631,3249.99,321840,3,Southeast
2505,2881,2015-01-10 00:00:00,2015,1,Jan,655,3903.84,321840,3,Southeast
2506,2881,2015-02-09 00:00:00,2015,2,Feb,509,2664.44,321840,3,Southeast
2507,2881,2015-03-11 00:00:00,2015,3,Mar,538,2798.44,321840,3,Southeast
2508,2881,2015-04-09 00:00:00,2015,4,Apr,519,2635.48,321840,3,Southeast
2509,2881,2015-05-09 00:00:00,2015,5,May,392,1993.58,321840,3,Southeast
2510,2881,2015-06-07 00:00:00,2015,6,Jun,1036,5257.26,321840,3,Southeast
2511,2881,2015-07-06 00:00:00,2015,7,Jul,740,4461.93,321840,3,Southeast
2512,2881,2015-08-05 00:00:00,2015,8,Aug,508,2534.92,321840,3,Southeast
2513,2881,2015-09-04 00:00:00,2015,9,Sep,509,2552.43,321840,3,Southeast
2514,2881,2015-10-03 00:00:00,2015,10,Oct,538,2794.78,321840,3,Southeast
2515,2881,2015-11-03 00:00:00,2015,11,Nov,560,3019.76,321840,3,Southeast
2516,2881,2015-12-02 00:00:00,2015,12,Dec,509,2574.34,321840,3,Southeast
2517,2881,2016-01-01 00:00:00,2016,1,Jan,510,2566.81,321840,3,Southeast
2518,2881,2016-01-30 00:00:00,2016,1,Jan,0,0,321840,3,Southeast
2519,2881,2016-02-28 00:00:00,2016,2,Feb,507,2574.32,321840,3,Southeast
2520,2881,2016-03-28 00:00:00,2016,3,Mar,48,383.46,321840,3,Southeast
2521,2881,2016-04-27 00:00:00,2016,4,Apr,573,3025.53,321840,3,Southeast
2522,2881,2016-05-27 00:00:00,2016,5,May,521,2599.79,321840,3,Southeast
2523,2881,2016-06-25 00:00:00,2016,6,Jun,486,2475.16,321840,3,Southeast
2524,2881,2016-07-25 00:00:00,2016,7,Jul,531,2715.38,321840,3,Southeast
2525,2881,2016-08-23 00:00:00,2016,8,Aug,521,2680.42,321840,3,Southeast
2526,2881,2016-09-22 00:00:00,2016,9,Sep,523,2652.9,321840,3,Southeast
2527,2881,2016-10-22 00:00:00,2016,10,Oct,514,2633.05,321840,3,Southeast
2528,2881,2016-11-21 00:00:00,2016,11,Nov,544,2830.27,321840,3,Southeast
2529,2881,2016-12-20 00:00:00,2016,12,Dec,518,2639.25,321840,3,Southeast
2530,2891,2016-11-10 00:00:00,2016,11,Nov,698,4323.02,321850,3,Southeast
2531,2891,2016-12-09 00:00:00,2016,12,Dec,415,2277.74,321850,3,Southeast
2532,2901,2016-03-08 00:00:00,2016,3,Mar,379,2127.69,321860,3,Southeast
2533,2901,2016-04-06 00:00:00,2016,4,Apr,357,1930.92,321860,3,Southeast
2534,2901,2016-05-05 00:00:00,2016,5,May,716,4827.22,321860,3,Southeast
2535,2901,2016-06-03 00:00:00,2016,6,Jun,418,2389.66,321860,3,Southeast
2536,2901,2016-07-02 00:00:00,2016,7,Jul,458,2341.76,321860,3,Southeast
2537,2901,2016-07-31 00:00:00,2016,7,Jul,427,2504.95,321860,3,Southeast
2538,2901,2016-08-30 00:00:00,2016,8,Aug,363,2005.29,321860,3,Southeast
2539,2901,2016-09-28 00:00:00,2016,9,Sep,391,1986.74,321860,3,Southeast
2540,2901,2016-10-28 00:00:00,2016,10,Oct,327,1730.53,321860,3,Southeast
2541,2901,2016-11-26 00:00:00,2016,11,Nov,336,1782.35,321860,3,Southeast
2542,2901,2016-12-26 00:00:00,2016,12,Dec,382,2023.84,321860,3,Southeast
2543,2911,2015-12-10 00:00:00,2015,12,Dec,441,2604.24,321870,3,Southeast
2544,2911,2016-01-09 00:00:00,2016,1,Jan,374,2065.14,321870,3,Southeast
2545,2911,2016-02-08 00:00:00,2016,2,Feb,334,1735.52,321870,3,Southeast
2546,2911,2016-03-09 00:00:00,2016,3,Mar,180,1037.65,321870,3,Southeast
2547,2911,2016-04-08 00:00:00,2016,4,Apr,329,1743.03,321870,3,Southeast
2548,2911,2016-05-07 00:00:00,2016,5,May,241,1291.41,321870,3,Southeast
2549,2911,2016-06-05 00:00:00,2016,6,Jun,372,2013.88,321870,3,Southeast
2550,2911,2016-07-04 00:00:00,2016,7,Jul,448,2546.84,321870,3,Southeast
2551,2911,2016-08-03 00:00:00,2016,8,Aug,359,1975.31,321870,3,Southeast
2552,2911,2016-09-01 00:00:00,2016,9,Sep,332,2146.13,321870,3,Southeast
2553,2911,2016-10-01 00:00:00,2016,10,Oct,328,1722.35,321870,3,Southeast
2554,2911,2016-10-30 00:00:00,2016,10,Oct,450,2478.69,321870,3,Southeast
2555,2911,2016-11-29 00:00:00,2016,11,Nov,800,5538.1,321870,3,Southeast
2556,2911,2016-12-29 00:00:00,2016,12,Dec,350,1891.6,321870,3,Southeast
2557,2921,2016-03-22 00:00:00,2016,3,Mar,343,1779.07,321880,3,Southeast
2558,2921,2016-04-21 00:00:00,2016,4,Apr,329,1666.75,321880,3,Southeast
2559,2921,2016-06-20 00:00:00,2016,6,Jun,346,1846.62,321880,3,Southeast
2560,2921,2016-07-19 00:00:00,2016,7,Jul,339,1782.93,321880,3,Southeast
2561,2921,2016-08-17 00:00:00,2016,8,Aug,365,2103.93,321880,3,Southeast
2562,2921,2016-09-16 00:00:00,2016,9,Sep,315,1631.32,321880,3,Southeast
2563,2921,2016-10-16 00:00:00,2016,10,Oct,329,1714.21,321880,3,Southeast
2564,2921,2016-11-15 00:00:00,2016,11,Nov,351,1894.13,321880,3,Southeast
2565,2921,2016-12-14 00:00:00,2016,12,Dec,322,1684.36,321880,3,Southeast
2566,2931,2013-12-18 00:00:00,2013,12,Dec,370,2045.87,321890,3,Southeast
2567,2931,2014-01-16 00:00:00,2014,1,Jan,356,1928.98,321890,3,Southeast
2568,2931,2014-02-14 00:00:00,2014,2,Feb,335,1771.81,321890,3,Southeast
2569,2931,2014-03-15 00:00:00,2014,3,Mar,416,2464.51,321890,3,Southeast
2570,2931,2014-04-14 00:00:00,2014,4,Apr,377,2050.13,321890,3,Southeast
2571,2931,2014-05-13 00:00:00,2014,5,May,388,2181.3,321890,3,Southeast
2572,2931,2014-06-11 00:00:00,2014,6,Jun,360,1923.33,321890,3,Southeast
2573,2931,2014-07-10 00:00:00,2014,7,Jul,316,1743.2,321890,3,Southeast
2574,2931,2014-08-08 00:00:00,2014,8,Aug,323,1683.76,321890,3,Southeast
2575,2931,2014-09-06 00:00:00,2014,9,Sep,339,1776.12,321890,3,Southeast
2576,2931,2014-10-05 00:00:00,2014,10,Oct,347,1902.28,321890,3,Southeast
2577,2931,2014-11-03 00:00:00,2014,11,Nov,511,2717.51,321890,3,Southeast
2578,2931,2014-12-02 00:00:00,2014,12,Dec,326,1703.71,321890,3,Southeast
2579,2931,2014-12-31 00:00:00,2014,12,Dec,370,1964.53,321890,3,Southeast
2580,2931,2015-01-30 00:00:00,2015,1,Jan,334,1759.22,321890,3,Southeast
2581,2931,2015-02-28 00:00:00,2015,2,Feb,371,2072.67,321890,3,Southeast
2582,2931,2015-03-29 00:00:00,2015,3,Mar,362,1918.88,321890,3,Southeast
2583,2931,2015-04-28 00:00:00,2015,4,Apr,319,1654.41,321890,3,Southeast
2584,2931,2015-05-27 00:00:00,2015,5,May,304,1641.45,321890,3,Southeast
2585,2931,2015-06-25 00:00:00,2015,6,Jun,303,1625.16,321890,3,Southeast
2586,2931,2015-07-25 00:00:00,2015,7,Jul,446,2587.63,321890,3,Southeast
2587,2931,2015-08-23 00:00:00,2015,8,Aug,358,1952.17,321890,3,Southeast
2588,2931,2015-09-22 00:00:00,2015,9,Sep,351,1914.64,321890,3,Southeast
2589,2931,2015-10-22 00:00:00,2015,10,Oct,405,2231.17,321890,3,Southeast
2590,2931,2015-11-20 00:00:00,2015,11,Nov,316,1670.74,321890,3,Southeast
2591,2931,2015-12-19 00:00:00,2015,12,Dec,373,2002.61,321890,3,Southeast
2592,2931,2016-01-18 00:00:00,2016,1,Jan,340,1818.59,321890,3,Southeast
2593,2931,2016-02-17 00:00:00,2016,2,Feb,397,2184.99,321890,3,Southeast
2594,2931,2016-03-18 00:00:00,2016,3,Mar,521,3148.65,321890,3,Southeast
2595,2931,2016-04-16 00:00:00,2016,4,Apr,342,1849.2,321890,3,Southeast
2596,2931,2016-05-16 00:00:00,2016,5,May,449,2550,321890,3,Southeast
2597,2931,2016-06-14 00:00:00,2016,6,Jun,315,1860.97,321890,3,Southeast
2598,2931,2016-07-14 00:00:00,2016,7,Jul,334,1752.96,321890,3,Southeast
2599,2931,2016-08-13 00:00:00,2016,8,Aug,335,1816.77,321890,3,Southeast
2600,2931,2016-09-12 00:00:00,2016,9,Sep,332,1700.5,321890,3,Southeast
2601,2931,2016-10-11 00:00:00,2016,10,Oct,350,1870.32,321890,3,Southeast
2602,2931,2016-11-10 00:00:00,2016,11,Nov,89,684.35,321890,3,Southeast
2603,2931,2016-12-09 00:00:00,2016,12,Dec,356,1915.32,321890,3,Southeast
2604,2941,2016-12-28 00:00:00,2016,12,Dec,296,1533.36,321800,3,Southeast
2605,2951,2015-12-22 00:00:00,2015,12,Dec,491,2450.09,321810,3,Southeast
2606,2951,2016-01-20 00:00:00,2016,1,Jan,488,2597.21,321810,3,Southeast
2607,2951,2016-02-18 00:00:00,2016,2,Feb,513,2589.87,321810,3,Southeast
2608,2951,2016-03-19 00:00:00,2016,3,Mar,487,2432.63,321810,3,Southeast
2609,2951,2016-04-17 00:00:00,2016,4,Apr,519,2624.81,321810,3,Southeast
2610,2951,2016-05-16 00:00:00,2016,5,May,508,2534.92,321810,3,Southeast
2611,2951,2016-06-15 00:00:00,2016,6,Jun,1483,7498.38,321810,3,Southeast
2612,2951,2016-07-15 00:00:00,2016,7,Jul,552,2829.48,321810,3,Southeast
2613,2951,2016-08-15 00:00:00,2016,8,Aug,1171,5843.29,321810,3,Southeast
2614,2951,2016-09-13 00:00:00,2016,9,Sep,611,3127.1,321810,3,Southeast
2615,2951,2016-10-12 00:00:00,2016,10,Oct,517,2708.12,321810,3,Southeast
2616,2951,2016-11-10 00:00:00,2016,11,Nov,544,2714.56,321810,3,Southeast
2617,2951,2016-12-10 00:00:00,2016,12,Dec,531,2744.08,321810,3,Southeast
2618,2961,2016-08-13 00:00:00,2016,8,Aug,318,1634.32,321820,3,Southeast
2619,2961,2016-09-11 00:00:00,2016,9,Sep,298,1745.49,321820,3,Southeast
2620,2961,2016-10-10 00:00:00,2016,10,Oct,376,2100.18,321820,3,Southeast
2621,2961,2016-11-08 00:00:00,2016,11,Nov,350,1864,321820,3,Southeast
2622,2961,2016-12-07 00:00:00,2016,12,Dec,608,3123.92,321820,3,Southeast
2623,2971,2013-12-30 00:00:00,2013,12,Dec,305,1577.66,321830,3,Southeast
2624,2971,2014-01-29 00:00:00,2014,1,Jan,507,2571.23,321830,3,Southeast
2625,2971,2014-02-27 00:00:00,2014,2,Feb,502,2593.82,321830,3,Southeast
2626,2971,2014-03-29 00:00:00,2014,3,Mar,533,2725.3,321830,3,Southeast
2627,2971,2014-04-27 00:00:00,2014,4,Apr,525,2738.69,321830,3,Southeast
2628,2971,2014-05-27 00:00:00,2014,5,May,520,2645.47,321830,3,Southeast
2629,2971,2014-06-25 00:00:00,2014,6,Jun,534,2707.16,321830,3,Southeast
2630,2971,2014-07-25 00:00:00,2014,7,Jul,572,3134.09,321830,3,Southeast
2631,2971,2014-08-24 00:00:00,2014,8,Aug,582,3134.91,321830,3,Southeast
2632,2971,2014-09-22 00:00:00,2014,9,Sep,480,2459.02,321830,3,Southeast
2633,2971,2014-10-21 00:00:00,2014,10,Oct,505,2555.62,321830,3,Southeast
2634,2971,2014-11-20 00:00:00,2014,11,Nov,504,2552.52,321830,3,Southeast
2635,2971,2014-12-19 00:00:00,2014,12,Dec,524,2680.41,321830,3,Southeast
2636,2971,2015-01-18 00:00:00,2015,1,Jan,557,2854.51,321830,3,Southeast
2637,2971,2015-02-16 00:00:00,2015,2,Feb,505,2522.45,321830,3,Southeast
2638,2971,2015-03-18 00:00:00,2015,3,Mar,443,2287.56,321830,3,Southeast
2639,2971,2015-04-17 00:00:00,2015,4,Apr,513,2667.51,321830,3,Southeast
2640,2971,2015-05-16 00:00:00,2015,5,May,541,2751.52,321830,3,Southeast
2641,2981,2016-08-04 00:00:00,2016,8,Aug,196,1093.69,321840,3,Southeast
2642,2981,2016-09-02 00:00:00,2016,9,Sep,280,1794.02,321840,3,Southeast
2643,2981,2016-10-01 00:00:00,2016,10,Oct,931,7109,321840,3,Southeast
2644,2981,2016-10-31 00:00:00,2016,10,Oct,129,749.4,321840,3,Southeast
2645,2981,2016-11-30 00:00:00,2016,11,Nov,593,4074.11,321840,3,Southeast
2646,2981,2016-12-30 00:00:00,2016,12,Dec,254,1280.59,321840,3,Southeast
2647,2991,2016-03-01 00:00:00,2016,3,Mar,204,1045.46,321850,3,Southeast
2648,2991,2016-03-31 00:00:00,2016,3,Mar,173,916.48,321850,3,Southeast
2649,2991,2016-04-30 00:00:00,2016,4,Apr,172,898.97,321850,3,Southeast
2650,2991,2016-05-29 00:00:00,2016,5,May,156,806.61,321850,3,Southeast
2651,2991,2016-06-28 00:00:00,2016,6,Jun,225,1232.26,321850,3,Southeast
2652,2991,2016-07-28 00:00:00,2016,7,Jul,215,1188.54,321850,3,Southeast
2653,2991,2016-08-26 00:00:00,2016,8,Aug,283,1472.86,321850,3,Southeast
2654,2991,2016-09-24 00:00:00,2016,9,Sep,157,795.93,321850,3,Southeast
2655,2991,2016-10-23 00:00:00,2016,10,Oct,150,748.5,321850,3,Southeast
2656,2991,2016-11-21 00:00:00,2016,11,Nov,68,339.32,321850,3,Southeast
2657,2991,2016-12-21 00:00:00,2016,12,Dec,555,4048.97,321850,3,Southeast
2658,3001,2016-01-21 00:00:00,2016,1,Jan,537,2764.63,321860,3,Southeast
2659,3001,2016-02-20 00:00:00,2016,2,Feb,658,3337.83,321860,3,Southeast
2660,3001,2016-03-21 00:00:00,2016,3,Mar,925,4682.7,321860,3,Southeast
2661,3001,2016-04-20 00:00:00,2016,4,Apr,514,2598.62,321860,3,Southeast
2662,3001,2016-05-20 00:00:00,2016,5,May,874,5223.15,321860,3,Southeast
2663,3001,2016-06-18 00:00:00,2016,6,Jun,490,2545.18,321860,3,Southeast
2664,3001,2016-07-17 00:00:00,2016,7,Jul,817,5025.04,321860,3,Southeast
2665,3001,2016-08-15 00:00:00,2016,8,Aug,506,2524.94,321860,3,Southeast
2666,3001,2016-09-14 00:00:00,2016,9,Sep,835,5101.65,321860,3,Southeast
2667,3001,2016-10-13 00:00:00,2016,10,Oct,523,2683.57,321860,3,Southeast
2668,3001,2016-11-11 00:00:00,2016,11,Nov,512,2604.88,321860,3,Southeast
2669,3001,2016-12-10 00:00:00,2016,12,Dec,520,2632.93,321860,3,Southeast
2670,3011,2016-05-23 00:00:00,2016,5,May,121,678.91,321870,3,Southeast
2671,3021,2016-12-03 00:00:00,2016,12,Dec,1182,8648.07,321880,3,Southeast
2672,3031,2016-04-12 00:00:00,2016,4,Apr,674,3440.25,321890,3,Southeast
2673,3031,2016-05-11 00:00:00,2016,5,May,340,1801.6,321890,3,Southeast
2674,3031,2016-06-10 00:00:00,2016,6,Jun,316,1616.84,321890,3,Southeast
2675,3031,2016-07-09 00:00:00,2016,7,Jul,333,1767.97,321890,3,Southeast
2676,3031,2016-09-06 00:00:00,2016,9,Sep,392,2096.22,321890,3,Southeast
2677,3031,2016-10-06 00:00:00,2016,10,Oct,328,1696.72,321890,3,Southeast
2678,3031,2016-11-04 00:00:00,2016,11,Nov,305,1590.73,321890,3,Southeast
2679,3031,2016-12-03 00:00:00,2016,12,Dec,604,3303.96,321890,3,Southeast
2680,3031,2017-01-01 00:00:00,2017,1,Jan,308,1565.09,321890,3,Southeast
2681,3041,2016-03-10 00:00:00,2016,3,Mar,350,1836.5,321800,3,Southeast
2682,3041,2016-04-08 00:00:00,2016,4,Apr,357,1938.38,321800,3,Southeast
2683,3041,2016-05-07 00:00:00,2016,5,May,495,3171.72,321800,3,Southeast
2684,3041,2016-06-06 00:00:00,2016,6,Jun,334,1809.16,321800,3,Southeast
2685,3041,2016-07-06 00:00:00,2016,7,Jul,385,2122.53,321800,3,Southeast
2686,3041,2016-08-04 00:00:00,2016,8,Aug,369,1918.81,321800,3,Southeast
2687,3041,2016-09-03 00:00:00,2016,9,Sep,346,1825.97,321800,3,Southeast
2688,3041,2016-10-02 00:00:00,2016,10,Oct,338,1774.12,321800,3,Southeast
2689,3041,2016-10-31 00:00:00,2016,10,Oct,355,1914.03,321800,3,Southeast
2690,3041,2016-11-30 00:00:00,2016,11,Nov,322,1665.6,321800,3,Southeast
2691,3041,2016-12-29 00:00:00,2016,12,Dec,357,1945.29,321800,3,Southeast
2692,3051,2013-12-17 00:00:00,2013,12,Dec,522,2684.84,321810,3,Southeast
2693,3051,2014-01-15 00:00:00,2014,1,Jan,584,3195.23,321810,3,Southeast
2694,3051,2014-02-13 00:00:00,2014,2,Feb,487,2475.13,321810,3,Southeast
2695,3051,2014-03-15 00:00:00,2014,3,Mar,506,2559.37,321810,3,Southeast
2696,3051,2014-04-13 00:00:00,2014,4,Apr,506,2564.35,321810,3,Southeast
2697,3051,2014-05-12 00:00:00,2014,5,May,701,4095.82,321810,3,Southeast
2698,3051,2014-06-10 00:00:00,2014,6,Jun,714,4156.09,321810,3,Southeast
2699,3051,2014-07-10 00:00:00,2014,7,Jul,604,3358.83,321810,3,Southeast
2700,3051,2014-08-08 00:00:00,2014,8,Aug,490,2558.35,321810,3,Southeast
2701,3051,2014-09-06 00:00:00,2014,9,Sep,139,753.08,321810,3,Southeast
2702,3051,2014-10-06 00:00:00,2014,10,Oct,2945,20855.55,321810,3,Southeast
2703,3051,2014-11-04 00:00:00,2014,11,Nov,497,2492.55,321810,3,Southeast
2704,3051,2014-12-04 00:00:00,2014,12,Dec,538,2858.62,321810,3,Southeast
2705,3051,2015-01-03 00:00:00,2015,1,Jan,502,2689.65,321810,3,Southeast
2706,3051,2015-02-01 00:00:00,2015,2,Feb,588,2971.05,321810,3,Southeast
2707,3051,2015-03-03 00:00:00,2015,3,Mar,562,2995.88,321810,3,Southeast
2708,3051,2015-04-01 00:00:00,2015,4,Apr,601,3294.09,321810,3,Southeast
2709,3051,2015-05-01 00:00:00,2015,5,May,543,2780.3,321810,3,Southeast
2710,3051,2015-05-30 00:00:00,2015,5,May,544,2837.83,321810,3,Southeast
2711,3051,2015-06-29 00:00:00,2015,6,Jun,518,2604.82,321810,3,Southeast
2712,3051,2015-07-29 00:00:00,2015,7,Jul,538,2794.78,321810,3,Southeast
2713,3051,2015-08-27 00:00:00,2015,8,Aug,481,2474.03,321810,3,Southeast
2714,3051,2015-09-25 00:00:00,2015,9,Sep,510,2585.59,321810,3,Southeast
2715,3051,2015-10-25 00:00:00,2015,10,Oct,533,2714.67,321810,3,Southeast
2716,3051,2015-11-23 00:00:00,2015,11,Nov,547,2857.03,321810,3,Southeast
2717,3051,2015-12-22 00:00:00,2015,12,Dec,491,2475.13,321810,3,Southeast
2718,3051,2016-01-20 00:00:00,2016,1,Jan,512,2595.55,321810,3,Southeast
2719,3051,2016-02-18 00:00:00,2016,2,Feb,502,2504.98,321810,3,Southeast
2720,3051,2016-03-19 00:00:00,2016,3,Mar,504,2592.46,321810,3,Southeast
2721,3051,2016-04-18 00:00:00,2016,4,Apr,526,2763.05,321810,3,Southeast
2722,3051,2016-05-18 00:00:00,2016,5,May,707,3938.55,321810,3,Southeast
2723,3051,2016-06-16 00:00:00,2016,6,Jun,521,2652.33,321810,3,Southeast
2724,3051,2016-07-15 00:00:00,2016,7,Jul,569,2898.09,321810,3,Southeast
2725,3051,2016-08-13 00:00:00,2016,8,Aug,496,2492.54,321810,3,Southeast
2726,3051,2016-09-11 00:00:00,2016,9,Sep,546,2794.01,321810,3,Southeast
2727,3051,2016-10-10 00:00:00,2016,10,Oct,545,2762.05,321810,3,Southeast
2728,3051,2016-11-09 00:00:00,2016,11,Nov,484,2417.66,321810,3,Southeast
2729,3051,2016-12-08 00:00:00,2016,12,Dec,534,2716.57,321810,3,Southeast
2730,3061,2015-02-06 00:00:00,2015,2,Feb,544,2861.63,321820,3,Southeast
2731,3061,2015-03-07 00:00:00,2015,3,Mar,602,3291.48,321820,3,Southeast
2732,3061,2015-04-06 00:00:00,2015,4,Apr,537,2739.1,321820,3,Southeast
2733,3061,2015-05-06 00:00:00,2015,5,May,509,2546.17,321820,3,Southeast
2734,3061,2015-06-04 00:00:00,2015,6,Jun,437,2180.63,321820,3,Southeast
2735,3061,2015-07-04 00:00:00,2015,7,Jul,569,2861.22,321820,3,Southeast
2736,3061,2015-08-03 00:00:00,2015,8,Aug,496,2526.32,321820,3,Southeast
2737,3061,2015-09-01 00:00:00,2015,9,Sep,537,2768.49,321820,3,Southeast
2738,3061,2015-10-01 00:00:00,2015,10,Oct,954,6164.53,321820,3,Southeast
2739,3061,2015-10-30 00:00:00,2015,10,Oct,616,3443.18,321820,3,Southeast
2740,3061,2015-11-29 00:00:00,2015,11,Nov,959,4839.84,321820,3,Southeast
2741,3061,2015-12-29 00:00:00,2015,12,Dec,519,2597.31,321820,3,Southeast
2742,3061,2016-01-28 00:00:00,2016,1,Jan,516,2577.97,321820,3,Southeast
2743,3061,2016-02-27 00:00:00,2016,2,Feb,501,2512.49,321820,3,Southeast
2744,3061,2016-03-27 00:00:00,2016,3,Mar,582,3041.74,321820,3,Southeast
2745,3061,2016-04-25 00:00:00,2016,4,Apr,573,3087.7,321820,3,Southeast
2746,3061,2016-05-24 00:00:00,2016,5,May,515,2619.85,321820,3,Southeast
2747,3061,2016-06-22 00:00:00,2016,6,Jun,437,2347.05,321820,3,Southeast
2748,3061,2016-07-22 00:00:00,2016,7,Jul,617,3161.39,321820,3,Southeast
2749,3061,2016-08-20 00:00:00,2016,8,Aug,492,2458.21,321820,3,Southeast
2750,3061,2016-09-18 00:00:00,2016,9,Sep,494,2495.06,321820,3,Southeast
2751,3061,2016-10-17 00:00:00,2016,10,Oct,507,2554.97,321820,3,Southeast
2752,3061,2016-11-15 00:00:00,2016,11,Nov,516,2665.53,321820,3,Southeast
2753,3061,2016-12-15 00:00:00,2016,12,Dec,648,3672.92,321820,3,Southeast
2754,3071,2016-12-27 00:00:00,2016,12,Dec,319,1629.94,321830,3,Southeast
2755,3081,2016-05-22 00:00:00,2016,5,May,530,2690.96,321840,3,Southeast
2756,3081,2016-06-21 00:00:00,2016,6,Jun,582,2924.83,321840,3,Southeast
2757,3081,2016-07-20 00:00:00,2016,7,Jul,609,3182.12,321840,3,Southeast
2758,3081,2016-08-19 00:00:00,2016,8,Aug,512,2571.14,321840,3,Southeast
2759,3081,2016-09-18 00:00:00,2016,9,Sep,507,2564.36,321840,3,Southeast
2760,3081,2016-10-17 00:00:00,2016,10,Oct,657,3693.73,321840,3,Southeast
2761,3081,2016-11-16 00:00:00,2016,11,Nov,596,3262.55,321840,3,Southeast
2762,3081,2016-12-16 00:00:00,2016,12,Dec,516,2656.12,321840,3,Southeast
2763,3091,2016-12-04 00:00:00,2016,12,Dec,508,2566.22,321850,3,Southeast
2764,3101,2013-12-31 00:00:00,2013,12,Dec,155,863.45,321860,3,Southeast
2765,3101,2014-01-29 00:00:00,2014,1,Jan,135,755.03,321860,3,Southeast
2766,3101,2014-02-27 00:00:00,2014,2,Feb,132,777.56,321860,3,Southeast
2767,3101,2014-03-29 00:00:00,2014,3,Mar,217,1458.43,321860,3,Southeast
2768,3101,2014-04-27 00:00:00,2014,4,Apr,127,727.63,321860,3,Southeast
2769,3101,2014-05-27 00:00:00,2014,5,May,310,1696.43,321860,3,Southeast
2770,3111,2015-06-20 00:00:00,2015,6,Jun,150,885.53,321870,3,Southeast
2771,3111,2015-07-19 00:00:00,2015,7,Jul,120,666.3,321870,3,Southeast
2772,3111,2015-08-17 00:00:00,2015,8,Aug,154,951.75,321870,3,Southeast
2773,3111,2015-09-15 00:00:00,2015,9,Sep,163,901.01,321870,3,Southeast
2774,3111,2015-10-14 00:00:00,2015,10,Oct,133,766.17,321870,3,Southeast
2775,3111,2015-11-12 00:00:00,2015,11,Nov,222,1409.18,321870,3,Southeast
2776,3111,2015-12-12 00:00:00,2015,12,Dec,147,873.1,321870,3,Southeast
2777,3111,2016-01-10 00:00:00,2016,1,Jan,173,1048.47,321870,3,Southeast
2778,3111,2016-02-09 00:00:00,2016,2,Feb,170,1004.07,321870,3,Southeast
2779,3111,2016-03-09 00:00:00,2016,3,Mar,734,3753.43,321870,3,Southeast
2780,3111,2016-04-07 00:00:00,2016,4,Apr,131,768.79,321870,3,Southeast
2781,3111,2016-05-06 00:00:00,2016,5,May,365,2009.05,321870,3,Southeast
2782,3111,2016-07-04 00:00:00,2016,7,Jul,114,636.46,321870,3,Southeast
2783,3111,2016-08-02 00:00:00,2016,8,Aug,145,844.24,321870,3,Southeast
2784,3111,2016-08-31 00:00:00,2016,8,Aug,107,533.93,321870,3,Southeast
2785,3111,2016-09-30 00:00:00,2016,9,Sep,229,1197.12,321870,3,Southeast
2786,3111,2016-10-30 00:00:00,2016,10,Oct,152,909.19,321870,3,Southeast
2787,3111,2016-11-28 00:00:00,2016,11,Nov,232,1502.17,321870,3,Southeast
2788,3121,2016-02-07 00:00:00,2016,2,Feb,533,2725.4,321880,3,Southeast
2789,3121,2016-03-07 00:00:00,2016,3,Mar,746,4365.04,321880,3,Southeast
2790,3121,2016-04-05 00:00:00,2016,4,Apr,488,2485.2,321880,3,Southeast
2791,3121,2016-05-05 00:00:00,2016,5,May,536,2796.71,321880,3,Southeast
2792,3121,2016-06-03 00:00:00,2016,6,Jun,528,2679.72,321880,3,Southeast
2793,3121,2016-07-03 00:00:00,2016,7,Jul,534,2674.05,321880,3,Southeast
2794,3121,2016-08-02 00:00:00,2016,8,Aug,475,2392.77,321880,3,Southeast
2795,3121,2016-08-31 00:00:00,2016,8,Aug,748,3875.73,321880,3,Southeast
2796,3121,2016-09-29 00:00:00,2016,9,Sep,517,2642.43,321880,3,Southeast
2797,3121,2016-10-29 00:00:00,2016,10,Oct,540,2778.44,321880,3,Southeast
2798,3121,2016-11-27 00:00:00,2016,11,Nov,20,149.8,321880,3,Southeast
2799,3121,2016-12-26 00:00:00,2016,12,Dec,519,2677.35,321880,3,Southeast
2800,3131,2016-03-01 00:00:00,2016,3,Mar,461,2678.03,321890,3,Southeast
2801,3131,2016-03-30 00:00:00,2016,3,Mar,377,2122.71,321890,3,Southeast
2802,3131,2016-04-28 00:00:00,2016,4,Apr,358,1926.52,321890,3,Southeast
2803,3131,2016-05-28 00:00:00,2016,5,May,339,1802.3,321890,3,Southeast
2804,3131,2016-06-26 00:00:00,2016,6,Jun,366,1940.2,321890,3,Southeast
2805,3131,2016-07-26 00:00:00,2016,7,Jul,48,377.16,321890,3,Southeast
2806,3131,2016-08-24 00:00:00,2016,8,Aug,343,1840.41,321890,3,Southeast
2807,3131,2016-09-22 00:00:00,2016,9,Sep,307,1596.93,321890,3,Southeast
2808,3131,2016-10-22 00:00:00,2016,10,Oct,313,1682.58,321890,3,Southeast
2809,3131,2016-11-21 00:00:00,2016,11,Nov,495,2564.54,321890,3,Southeast
2810,3131,2016-12-21 00:00:00,2016,12,Dec,347,1835.98,321890,3,Southeast
2811,3141,2013-12-08 00:00:00,2013,12,Dec,526,2702.99,321800,3,Southeast
2812,3141,2014-01-06 00:00:00,2014,1,Jan,489,2457.61,321800,3,Southeast
2813,3141,2014-02-04 00:00:00,2014,2,Feb,536,2776,321800,3,Southeast
2814,3141,2014-03-05 00:00:00,2014,3,Mar,513,2609.95,321800,3,Southeast
2815,3141,2014-04-04 00:00:00,2014,4,Apr,515,2604.85,321800,3,Southeast
2816,3141,2014-05-04 00:00:00,2014,5,May,512,2572.38,321800,3,Southeast
2817,3141,2014-06-02 00:00:00,2014,6,Jun,558,2821.96,321800,3,Southeast
2818,3141,2014-07-01 00:00:00,2014,7,Jul,482,2405.18,321800,3,Southeast
2819,3141,2014-07-30 00:00:00,2014,7,Jul,567,2959.33,321800,3,Southeast
2820,3141,2014-08-28 00:00:00,2014,8,Aug,489,2440.11,321800,3,Southeast
2821,3141,2014-09-27 00:00:00,2014,9,Sep,444,2234.34,321800,3,Southeast
2822,3141,2014-10-26 00:00:00,2014,10,Oct,531,2740.38,321800,3,Southeast
2823,3141,2014-11-24 00:00:00,2014,11,Nov,750,4005.42,321800,3,Southeast
2824,3141,2014-12-24 00:00:00,2014,12,Dec,536,2769.78,321800,3,Southeast
2825,3141,2015-01-23 00:00:00,2015,1,Jan,506,2613.82,321800,3,Southeast
2826,3141,2015-02-21 00:00:00,2015,2,Feb,528,2714.13,321800,3,Southeast
2827,3141,2015-03-22 00:00:00,2015,3,Mar,527,2672.23,321800,3,Southeast
2828,3141,2015-04-21 00:00:00,2015,4,Apr,559,2917.74,321800,3,Southeast
2829,3141,2015-05-21 00:00:00,2015,5,May,549,2827.15,321800,3,Southeast
2830,3141,2015-06-20 00:00:00,2015,6,Jun,739,3809.01,321800,3,Southeast
2831,3141,2015-07-19 00:00:00,2015,7,Jul,503,2522.49,321800,3,Southeast
2832,3141,2015-08-17 00:00:00,2015,8,Aug,512,2598.7,321800,3,Southeast
2833,3141,2015-09-16 00:00:00,2015,9,Sep,468,2387.27,321800,3,Southeast
2834,3141,2015-10-16 00:00:00,2015,10,Oct,600,3234.77,321800,3,Southeast
2835,3141,2015-11-15 00:00:00,2015,11,Nov,517,2604.83,321800,3,Southeast
2836,3141,2015-12-14 00:00:00,2015,12,Dec,516,2646.18,321800,3,Southeast
2837,3141,2016-01-13 00:00:00,2016,1,Jan,693,4062.08,321800,3,Southeast
2838,3141,2016-02-12 00:00:00,2016,2,Feb,527,2708.49,321800,3,Southeast
2839,3141,2016-03-13 00:00:00,2016,3,Mar,559,2969.51,321800,3,Southeast
2840,3141,2016-04-11 00:00:00,2016,4,Apr,521,2674.79,321800,3,Southeast
2841,3141,2016-05-10 00:00:00,2016,5,May,626,3141.24,321800,3,Southeast
2842,3141,2016-06-08 00:00:00,2016,6,Jun,508,2556.83,321800,3,Southeast
2843,3141,2016-07-08 00:00:00,2016,7,Jul,514,2634.9,321800,3,Southeast
2844,3141,2016-08-08 00:00:00,2016,8,Aug,547,2845.85,321800,3,Southeast
2845,3141,2016-09-06 00:00:00,2016,9,Sep,651,3575.52,321800,3,Southeast
2846,3141,2016-10-05 00:00:00,2016,10,Oct,539,2772.11,321800,3,Southeast
2847,3141,2016-11-03 00:00:00,2016,11,Nov,508,2571.85,321800,3,Southeast
2848,3141,2016-12-02 00:00:00,2016,12,Dec,842,5018.51,321800,3,Southeast
2849,3141,2017-01-01 00:00:00,2017,1,Jan,494,2493.23,321800,3,Southeast
2850,3151,2017-01-01 00:00:00,2017,1,Jan,143,849.36,321810,3,Southeast
2851,3161,2015-09-18 00:00:00,2015,9,Sep,225,1338.03,321820,3,Southeast
2852,3161,2015-10-17 00:00:00,2015,10,Oct,204,1180.72,321820,3,Southeast
2853,3161,2015-11-15 00:00:00,2015,11,Nov,151,753.49,321820,3,Southeast
2854,3161,2015-12-15 00:00:00,2015,12,Dec,150,756,321820,3,Southeast
2855,3161,2016-01-13 00:00:00,2016,1,Jan,166,875.84,321820,3,Southeast
2856,3161,2016-02-11 00:00:00,2016,2,Feb,169,890.26,321820,3,Southeast
2857,3161,2016-03-12 00:00:00,2016,3,Mar,162,808.38,321820,3,Southeast
2858,3161,2016-04-11 00:00:00,2016,4,Apr,150,748.5,321820,3,Southeast
2859,3161,2016-05-11 00:00:00,2016,5,May,160,818.4,321820,3,Southeast
2860,3161,2016-06-10 00:00:00,2016,6,Jun,353,2453.16,321820,3,Southeast
2861,3161,2016-07-10 00:00:00,2016,7,Jul,171,881.46,321820,3,Southeast
2862,3161,2016-08-09 00:00:00,2016,8,Aug,331,2192.53,321820,3,Southeast
2863,3161,2016-09-08 00:00:00,2016,9,Sep,155,867.35,321820,3,Southeast
2864,3171,2016-04-28 00:00:00,2016,4,Apr,519,2639.89,321830,3,Southeast
2865,3171,2016-05-27 00:00:00,2016,5,May,523,2644.77,321830,3,Southeast
2866,3171,2016-06-25 00:00:00,2016,6,Jun,519,2644.81,321830,3,Southeast
2867,3171,2016-07-24 00:00:00,2016,7,Jul,509,2569.93,321830,3,Southeast
2868,3171,2016-08-23 00:00:00,2016,8,Aug,541,2782.82,321830,3,Southeast
2869,3171,2016-09-22 00:00:00,2016,9,Sep,10,81.2,321830,3,Southeast
2870,3171,2016-10-22 00:00:00,2016,10,Oct,520,2632.3,321830,3,Southeast
2871,3171,2016-11-21 00:00:00,2016,11,Nov,537,2726.58,321830,3,Southeast
2872,3171,2016-12-22 00:00:00,2016,12,Dec,505,2544.95,321830,3,Southeast
2873,3181,2015-11-15 00:00:00,2015,11,Nov,513,2562.37,321840,3,Southeast
2874,3181,2015-12-15 00:00:00,2015,12,Dec,555,2911.46,321840,3,Southeast
2875,3181,2016-01-13 00:00:00,2016,1,Jan,461,2303.52,321840,3,Southeast
2876,3181,2016-02-12 00:00:00,2016,2,Feb,652,3726.11,321840,3,Southeast
2877,3181,2016-03-12 00:00:00,2016,3,Mar,501,2546.94,321840,3,Southeast
2878,3181,2016-04-10 00:00:00,2016,4,Apr,528,2691.06,321840,3,Southeast
2879,3181,2016-05-10 00:00:00,2016,5,May,532,2766.71,321840,3,Southeast
2880,3181,2016-06-09 00:00:00,2016,6,Jun,520,2659.8,321840,3,Southeast
2881,3181,2016-07-09 00:00:00,2016,7,Jul,494,2485.06,321840,3,Southeast
2882,3181,2016-08-07 00:00:00,2016,8,Aug,541,2786.56,321840,3,Southeast
2883,3181,2016-09-06 00:00:00,2016,9,Sep,542,2876.06,321840,3,Southeast
2884,3181,2016-10-05 00:00:00,2016,10,Oct,518,2629.23,321840,3,Southeast
2885,3181,2016-11-03 00:00:00,2016,11,Nov,528,2730.47,321840,3,Southeast
2886,3181,2016-12-02 00:00:00,2016,12,Dec,534,2708.48,321840,3,Southeast
2887,3181,2016-12-31 00:00:00,2016,12,Dec,522,2629.78,321840,3,Southeast
2888,3191,2015-10-25 00:00:00,2015,10,Oct,353,1895.35,321850,3,Southeast
2889,3191,2015-11-24 00:00:00,2015,11,Nov,394,2251.38,321850,3,Southeast
2890,3191,2015-12-24 00:00:00,2015,12,Dec,341,1860.51,321850,3,Southeast
2891,3191,2016-01-23 00:00:00,2016,1,Jan,300,1648.36,321850,3,Southeast
2892,3191,2016-02-22 00:00:00,2016,2,Feb,309,1665.12,321850,3,Southeast
2893,3191,2016-03-23 00:00:00,2016,3,Mar,341,1798.5,321850,3,Southeast
2894,3191,2016-04-21 00:00:00,2016,4,Apr,317,1663.72,321850,3,Southeast
2895,3191,2016-05-20 00:00:00,2016,5,May,419,2431.9,321850,3,Southeast
2896,3191,2016-06-18 00:00:00,2016,6,Jun,333,1754.23,321850,3,Southeast
2897,3191,2016-07-18 00:00:00,2016,7,Jul,319,1674.31,321850,3,Southeast
2898,3191,2016-08-16 00:00:00,2016,8,Aug,367,2012.1,321850,3,Southeast
2899,3191,2016-09-15 00:00:00,2016,9,Sep,344,1806.56,321850,3,Southeast
2900,3191,2016-10-15 00:00:00,2016,10,Oct,316,1673.2,321850,3,Southeast
2901,3191,2016-11-14 00:00:00,2016,11,Nov,287,1467.13,321850,3,Southeast
2902,3191,2016-12-13 00:00:00,2016,12,Dec,374,2046.42,321850,3,Southeast
2903,3201,2016-11-19 00:00:00,2016,11,Nov,609,3101.51,321860,3,Southeast
2904,3211,2016-11-29 00:00:00,2016,11,Nov,360,1949.77,321870,3,Southeast
2905,3211,2016-12-29 00:00:00,2016,12,Dec,276,1432.93,321870,3,Southeast
2906,3221,2014-05-22 00:00:00,2014,5,May,253,1469.54,321880,3,Southeast
2907,3221,2014-06-20 00:00:00,2014,6,Jun,121,699.52,321880,3,Southeast
2908,3221,2014-07-19 00:00:00,2014,7,Jul,201,1222.09,321880,3,Southeast
2909,3221,2014-09-17 00:00:00,2014,9,Sep,145,848.55,321880,3,Southeast
2910,3221,2014-10-16 00:00:00,2014,10,Oct,73,537.56,321880,3,Southeast
2911,3231,2014-04-26 00:00:00,2014,4,Apr,376,2388.74,321890,3,Southeast
2912,3231,2014-05-25 00:00:00,2014,5,May,151,803.51,321890,3,Southeast
2913,3231,2014-06-23 00:00:00,2014,6,Jun,289,1713.12,321890,3,Southeast
2914,3231,2014-07-23 00:00:00,2014,7,Jul,360,2360.18,321890,3,Southeast
2915,3231,2014-08-21 00:00:00,2014,8,Aug,153,809.75,321890,3,Southeast
2916,3231,2014-09-19 00:00:00,2014,9,Sep,190,1056.9,321890,3,Southeast
2917,3231,2014-10-19 00:00:00,2014,10,Oct,214,1169.75,321890,3,Southeast
2918,3231,2014-11-18 00:00:00,2014,11,Nov,93,747.6,321890,3,Southeast
2919,3241,2015-10-02 00:00:00,2015,10,Oct,53,407.68,321820,3,Southeast
2920,3241,2015-11-01 00:00:00,2015,11,Nov,158,1047.99,321820,3,Southeast
2921,3241,2015-11-30 00:00:00,2015,11,Nov,174,1055.92,321820,3,Southeast
2922,3241,2015-12-30 00:00:00,2015,12,Dec,121,623.79,321820,3,Southeast
2923,3241,2016-01-28 00:00:00,2016,1,Jan,124,691.26,321820,3,Southeast
2924,3241,2016-03-27 00:00:00,2016,3,Mar,180,1134.07,321820,3,Southeast
2925,3241,2016-05-24 00:00:00,2016,5,May,176,1022.75,321820,3,Southeast
2926,3241,2016-06-23 00:00:00,2016,6,Jun,168,1095.45,321820,3,Southeast
2927,3241,2016-07-23 00:00:00,2016,7,Jul,147,843.02,321820,3,Southeast
2928,3241,2016-08-21 00:00:00,2016,8,Aug,119,805.86,321820,3,Southeast
2929,3241,2016-09-19 00:00:00,2016,9,Sep,322,2220.26,321820,3,Southeast
2930,3241,2016-11-17 00:00:00,2016,11,Nov,146,879.9,321820,3,Southeast
2931,3241,2016-12-17 00:00:00,2016,12,Dec,88,459.12,321820,3,Southeast
2932,3251,2013-12-06 00:00:00,2013,12,Dec,367,2075.94,321830,3,Southeast
2933,3251,2014-01-05 00:00:00,2014,1,Jan,370,2032.68,321830,3,Southeast
2934,3251,2014-02-03 00:00:00,2014,2,Feb,635,3243.77,321830,3,Southeast
2935,3251,2014-03-04 00:00:00,2014,3,Mar,328,1729.22,321830,3,Southeast
2936,3251,2014-04-02 00:00:00,2014,4,Apr,264,1317.36,321830,3,Southeast
2937,3251,2014-05-01 00:00:00,2014,5,May,324,1684.26,321830,3,Southeast
2938,3251,2014-05-31 00:00:00,2014,5,May,356,1909.65,321830,3,Southeast
2939,3251,2014-06-29 00:00:00,2014,6,Jun,352,1872.76,321830,3,Southeast
2940,3251,2014-07-29 00:00:00,2014,7,Jul,338,1751.64,321830,3,Southeast
2941,3251,2014-08-28 00:00:00,2014,8,Aug,364,1937.68,321830,3,Southeast
2942,3251,2014-09-26 00:00:00,2014,9,Sep,335,1741.65,321830,3,Southeast
2943,3251,2014-10-25 00:00:00,2014,10,Oct,298,1530.84,321830,3,Southeast
2944,3251,2014-11-23 00:00:00,2014,11,Nov,391,2080.56,321830,3,Southeast
2945,3251,2014-12-23 00:00:00,2014,12,Dec,302,1615.8,321830,3,Southeast
2946,3251,2015-01-21 00:00:00,2015,1,Jan,321,1778.78,321830,3,Southeast
2947,3251,2015-02-19 00:00:00,2015,2,Feb,378,2150.34,321830,3,Southeast
2948,3251,2015-03-21 00:00:00,2015,3,Mar,328,1734.22,321830,3,Southeast
2949,3251,2015-04-20 00:00:00,2015,4,Apr,64,468.22,321830,3,Southeast
2950,3251,2015-05-20 00:00:00,2015,5,May,354,1888.53,321830,3,Southeast
2951,3251,2015-06-18 00:00:00,2015,6,Jun,416,2373.46,321830,3,Southeast
2952,3251,2015-07-17 00:00:00,2015,7,Jul,400,2331.95,321830,3,Southeast
2953,3251,2015-08-15 00:00:00,2015,8,Aug,343,1843.56,321830,3,Southeast
2954,3251,2015-09-13 00:00:00,2015,9,Sep,386,2060.02,321830,3,Southeast
2955,3251,2015-10-13 00:00:00,2015,10,Oct,320,1686.19,321830,3,Southeast
2956,3251,2015-11-11 00:00:00,2015,11,Nov,396,2279.96,321830,3,Southeast
2957,3261,2014-09-18 00:00:00,2014,9,Sep,507,2561.23,321840,3,Southeast
2958,3261,2014-10-18 00:00:00,2014,10,Oct,488,2472.68,321840,3,Southeast
2959,3261,2014-11-17 00:00:00,2014,11,Nov,526,2689.8,321840,3,Southeast
2960,3261,2014-12-17 00:00:00,2014,12,Dec,542,2775.88,321840,3,Southeast
2961,3261,2015-01-16 00:00:00,2015,1,Jan,531,2649.69,321840,3,Southeast
2962,3261,2015-02-15 00:00:00,2015,2,Feb,539,2769.67,321840,3,Southeast
2963,3261,2015-03-17 00:00:00,2015,3,Mar,507,2529.93,321840,3,Southeast
2964,3261,2015-04-16 00:00:00,2015,4,Apr,539,2757.8,321840,3,Southeast
2965,3261,2015-05-15 00:00:00,2015,5,May,518,2661.12,321840,3,Southeast
2966,3261,2015-06-13 00:00:00,2015,6,Jun,540,2762.81,321840,3,Southeast
2967,3261,2015-07-13 00:00:00,2015,7,Jul,535,2766.05,321840,3,Southeast
2968,3261,2015-08-11 00:00:00,2015,8,Aug,484,2438.92,321840,3,Southeast
2969,3261,2015-09-10 00:00:00,2015,9,Sep,506,2578.76,321840,3,Southeast
2970,3261,2015-10-09 00:00:00,2015,10,Oct,495,2503.81,321840,3,Southeast
2971,3261,2015-11-07 00:00:00,2015,11,Nov,522,2670.51,321840,3,Southeast
2972,3261,2015-12-07 00:00:00,2015,12,Dec,555,2961.46,321840,3,Southeast
2973,3261,2016-01-05 00:00:00,2016,1,Jan,489,2505.82,321840,3,Southeast
2974,3261,2016-02-03 00:00:00,2016,2,Feb,526,2714.19,321840,3,Southeast
2975,3261,2016-03-03 00:00:00,2016,3,Mar,581,3109.19,321840,3,Southeast
2976,3261,2016-04-01 00:00:00,2016,4,Apr,516,2612.4,321840,3,Southeast
2977,3261,2016-04-30 00:00:00,2016,4,Apr,500,2495,321840,3,Southeast
2978,3261,2016-05-29 00:00:00,2016,5,May,536,2791.67,321840,3,Southeast
2979,3261,2016-06-28 00:00:00,2016,6,Jun,535,2746.58,321840,3,Southeast
2980,3261,2016-07-28 00:00:00,2016,7,Jul,551,2893.88,321840,3,Southeast
2981,3261,2016-08-27 00:00:00,2016,8,Aug,516,2592.34,321840,3,Southeast
2982,3261,2016-09-25 00:00:00,2016,9,Sep,504,2534.96,321840,3,Southeast
2983,3261,2016-10-25 00:00:00,2016,10,Oct,508,2547.44,321840,3,Southeast
2984,3261,2016-11-24 00:00:00,2016,11,Nov,498,2503.8,321840,3,Southeast
2985,3261,2016-12-23 00:00:00,2016,12,Dec,601,3137.91,321840,3,Southeast
2986,3271,2016-03-07 00:00:00,2016,3,Mar,48,383.46,321850,3,Southeast
2987,3271,2016-04-06 00:00:00,2016,4,Apr,222,1180.34,321850,3,Southeast
2988,3271,2016-05-06 00:00:00,2016,5,May,201,1089.92,321850,3,Southeast
2989,3281,2016-10-15 00:00:00,2016,10,Oct,340,1696.6,321860,3,Southeast
2990,3291,2016-04-17 00:00:00,2016,4,Apr,431,3145.87,321820,3,Southeast
2991,3291,2016-05-16 00:00:00,2016,5,May,142,823.76,321820,3,Southeast
2992,3291,2016-06-14 00:00:00,2016,6,Jun,141,829.28,321820,3,Southeast
2993,3291,2016-07-13 00:00:00,2016,7,Jul,173,1049.06,321820,3,Southeast
2994,3291,2016-08-11 00:00:00,2016,8,Aug,141,816.17,321820,3,Southeast
2995,3291,2016-09-10 00:00:00,2016,9,Sep,207,1343.31,321820,3,Southeast
2996,3291,2016-10-10 00:00:00,2016,10,Oct,150,876.83,321820,3,Southeast
2997,3291,2016-11-09 00:00:00,2016,11,Nov,98,561.52,321820,3,Southeast
2998,3291,2016-12-09 00:00:00,2016,12,Dec,145,872.49,321820,3,Southeast
2999,3301,2016-02-09 00:00:00,2016,2,Feb,134,723.66,321830,3,Southeast
3000,3301,2016-03-09 00:00:00,2016,3,Mar,192,1162.61,321830,3,Southeast
3001,3311,2015-09-02 00:00:00,2015,9,Sep,559,2876.91,321840,3,Southeast
3002,3311,2015-10-01 00:00:00,2015,10,Oct,546,2832.04,321840,3,Southeast
3003,3311,2015-10-30 00:00:00,2015,10,Oct,508,2567.42,321840,3,Southeast
3004,3311,2015-11-28 00:00:00,2015,11,Nov,517,2645.56,321840,3,Southeast
3005,3311,2015-12-28 00:00:00,2015,12,Dec,619,3434.27,321840,3,Southeast
3006,3311,2016-01-27 00:00:00,2016,1,Jan,541,2767.74,321840,3,Southeast
3007,3311,2016-02-26 00:00:00,2016,2,Feb,526,2706.04,321840,3,Southeast
3008,3311,2016-03-26 00:00:00,2016,3,Mar,746,4454.96,321840,3,Southeast
3009,3311,2016-04-25 00:00:00,2016,4,Apr,543,2747.07,321840,3,Southeast
3010,3311,2016-05-24 00:00:00,2016,5,May,558,2883.95,321840,3,Southeast
3011,3311,2016-06-23 00:00:00,2016,6,Jun,562,2963.34,321840,3,Southeast
3012,3311,2016-07-23 00:00:00,2016,7,Jul,539,2898.41,321840,3,Southeast
3013,3311,2016-08-21 00:00:00,2016,8,Aug,758,3782.42,321840,3,Southeast
3014,3311,2016-09-20 00:00:00,2016,9,Sep,510,2544.9,321840,3,Southeast
3015,3311,2016-10-19 00:00:00,2016,10,Oct,526,2688.56,321840,3,Southeast
3016,3311,2016-11-17 00:00:00,2016,11,Nov,495,2508.83,321840,3,Southeast
3017,3311,2016-12-17 00:00:00,2016,12,Dec,609,3053.91,321840,3,Southeast
3018,3321,2015-08-05 00:00:00,2015,8,Aug,163,838.37,321850,3,Southeast
3019,3321,2015-09-03 00:00:00,2015,9,Sep,164,868.44,321850,3,Southeast
3020,3321,2015-10-02 00:00:00,2015,10,Oct,159,849.06,321850,3,Southeast
3021,3321,2015-11-01 00:00:00,2015,11,Nov,167,914.71,321850,3,Southeast
3022,3321,2015-12-01 00:00:00,2015,12,Dec,513,2606.82,321850,3,Southeast
3023,3321,2015-12-31 00:00:00,2015,12,Dec,164,875.25,321850,3,Southeast
3024,3321,2016-01-30 00:00:00,2016,1,Jan,205,1117.95,321850,3,Southeast
3025,3321,2016-02-28 00:00:00,2016,2,Feb,156,778.44,321850,3,Southeast
3026,3321,2016-03-29 00:00:00,2016,3,Mar,146,728.54,321850,3,Southeast
3027,3321,2016-04-28 00:00:00,2016,4,Apr,145,796.7,321850,3,Southeast
3028,3321,2016-05-28 00:00:00,2016,5,May,119,631.31,321850,3,Southeast
3029,3321,2016-06-26 00:00:00,2016,6,Jun,252,1487.48,321850,3,Southeast
3030,3321,2016-07-25 00:00:00,2016,7,Jul,343,1789.19,321850,3,Southeast
3031,3321,2016-08-23 00:00:00,2016,8,Aug,162,833.42,321850,3,Southeast
3032,3321,2016-09-21 00:00:00,2016,9,Sep,137,708.67,321850,3,Southeast
3033,3321,2016-10-20 00:00:00,2016,10,Oct,164,848.36,321850,3,Southeast
3034,3331,2016-11-04 00:00:00,2016,11,Nov,154,921.71,321860,3,Southeast
3035,3331,2016-12-04 00:00:00,2016,12,Dec,175,1091.58,321860,3,Southeast
3036,3341,2016-04-04 00:00:00,2016,4,Apr,296,1593.99,321820,3,Southeast
3037,3341,2016-05-03 00:00:00,2016,5,May,341,1815.37,321820,3,Southeast
3038,3341,2016-06-02 00:00:00,2016,6,Jun,409,2340.42,321820,3,Southeast
3039,3341,2016-07-01 00:00:00,2016,7,Jul,330,1771.9,321820,3,Southeast
3040,3341,2016-07-30 00:00:00,2016,7,Jul,298,1547.02,321820,3,Southeast
3041,3341,2016-08-29 00:00:00,2016,8,Aug,359,1938.91,321820,3,Southeast
3042,3341,2016-09-28 00:00:00,2016,9,Sep,342,1849.81,321820,3,Southeast
3043,3341,2016-10-28 00:00:00,2016,10,Oct,330,1701.7,321820,3,Southeast
3044,3341,2016-11-26 00:00:00,2016,11,Nov,335,1868.11,321820,3,Southeast
3045,3341,2016-12-26 00:00:00,2016,12,Dec,11,89.32,321820,3,Southeast
3046,3351,2016-09-29 00:00:00,2016,9,Sep,693,4072.04,321830,3,Southeast
3047,3351,2016-10-28 00:00:00,2016,10,Oct,483,2410.17,321830,3,Southeast
3048,3351,2016-11-26 00:00:00,2016,11,Nov,638,3481.14,321830,3,Southeast
3049,3351,2016-12-25 00:00:00,2016,12,Dec,507,2624.93,321830,3,Southeast
3050,3361,2016-06-21 00:00:00,2016,6,Jun,505,2544.95,321840,3,Southeast
3051,3361,2016-07-20 00:00:00,2016,7,Jul,520,2629.23,321840,3,Southeast
3052,3361,2016-08-19 00:00:00,2016,8,Aug,489,2466.39,321840,3,Southeast
3053,3361,2016-09-18 00:00:00,2016,9,Sep,564,3064.36,321840,3,Southeast
3054,3361,2016-10-17 00:00:00,2016,10,Oct,531,2715.36,321840,3,Southeast
3055,3361,2016-11-15 00:00:00,2016,11,Nov,518,2619.25,321840,3,Southeast
3056,3361,2016-12-14 00:00:00,2016,12,Dec,587,3087.44,321840,3,Southeast
3057,3371,2013-12-31 00:00:00,2013,12,Dec,168,1069.64,321850,3,Southeast
3058,3381,2016-05-30 00:00:00,2016,5,May,697,5269.59,321860,3,Southeast
3059,3381,2016-06-29 00:00:00,2016,6,Jun,124,734.45,321860,3,Southeast
3060,3381,2016-07-29 00:00:00,2016,7,Jul,206,1362.73,321860,3,Southeast
3061,3381,2016-08-27 00:00:00,2016,8,Aug,151,906.13,321860,3,Southeast
3062,3391,2016-05-28 00:00:00,2016,5,May,409,2328.08,321820,3,Southeast
3063,3391,2016-06-26 00:00:00,2016,6,Jun,2188,15758.22,321820,3,Southeast
3064,3391,2016-07-25 00:00:00,2016,7,Jul,373,2103.38,321820,3,Southeast
3065,3391,2016-08-24 00:00:00,2016,8,Aug,383,2126.29,321820,3,Southeast
3066,3391,2016-09-22 00:00:00,2016,9,Sep,349,1811.51,321820,3,Southeast
3067,3391,2016-10-21 00:00:00,2016,10,Oct,484,2857.7,321820,3,Southeast
3068,3391,2016-11-19 00:00:00,2016,11,Nov,336,1777.29,321820,3,Southeast
3069,3391,2016-12-18 00:00:00,2016,12,Dec,339,1821.71,321820,3,Southeast
3070,3401,2016-12-28 00:00:00,2016,12,Dec,185,1113.29,321830,3,Southeast
3071,3411,2013-12-13 00:00:00,2013,12,Dec,386,2103.64,321840,3,Southeast
3072,3411,2014-01-11 00:00:00,2014,1,Jan,300,1507,321840,3,Southeast
3073,3411,2014-02-09 00:00:00,2014,2,Feb,333,1768.09,321840,3,Southeast
3074,3411,2014-03-11 00:00:00,2014,3,Mar,310,1584.46,321840,3,Southeast
3075,3411,2014-04-09 00:00:00,2014,4,Apr,222,1135.28,321840,3,Southeast
3076,3411,2014-05-08 00:00:00,2014,5,May,325,1757.58,321840,3,Southeast
3077,3411,2014-06-06 00:00:00,2014,6,Jun,319,1687.56,321840,3,Southeast
3078,3411,2014-07-06 00:00:00,2014,7,Jul,303,1562.05,321840,3,Southeast
3079,3411,2014-08-05 00:00:00,2014,8,Aug,461,2731.24,321840,3,Southeast
3080,3411,2014-09-03 00:00:00,2014,9,Sep,356,1979.16,321840,3,Southeast
3081,3411,2014-10-03 00:00:00,2014,10,Oct,366,2002.74,321840,3,Southeast
3082,3411,2014-11-01 00:00:00,2014,11,Nov,351,1914.72,321840,3,Southeast
3083,3411,2014-11-30 00:00:00,2014,11,Nov,390,2230.1,321840,3,Southeast
3084,3411,2014-12-29 00:00:00,2014,12,Dec,320,1695.66,321840,3,Southeast
3085,3411,2015-01-28 00:00:00,2015,1,Jan,334,1772.96,321840,3,Southeast
3086,3411,2015-02-27 00:00:00,2015,2,Feb,413,2381.25,321840,3,Southeast
3087,3411,2015-03-28 00:00:00,2015,3,Mar,445,2604.63,321840,3,Southeast
3088,3411,2015-04-27 00:00:00,2015,4,Apr,326,1695.6,321840,3,Southeast
3089,3411,2015-05-26 00:00:00,2015,5,May,336,1768.59,321840,3,Southeast
3090,3411,2015-06-24 00:00:00,2015,6,Jun,331,1735.49,321840,3,Southeast
3091,3411,2015-07-23 00:00:00,2015,7,Jul,425,2255.34,321840,3,Southeast
3092,3411,2015-08-22 00:00:00,2015,8,Aug,356,1913.94,321840,3,Southeast
3093,3411,2015-09-21 00:00:00,2015,9,Sep,207,1175.43,321840,3,Southeast
3094,3411,2015-10-21 00:00:00,2015,10,Oct,350,1919.16,321840,3,Southeast
3095,3411,2015-11-20 00:00:00,2015,11,Nov,417,2474.34,321840,3,Southeast
3096,3411,2015-12-19 00:00:00,2015,12,Dec,307,1589.43,321840,3,Southeast
3097,3411,2016-01-17 00:00:00,2016,1,Jan,426,2408.24,321840,3,Southeast
3098,3411,2016-02-15 00:00:00,2016,2,Feb,284,1417.16,321840,3,Southeast
3099,3411,2016-03-15 00:00:00,2016,3,Mar,304,1655.17,321840,3,Southeast
3100,3411,2016-04-13 00:00:00,2016,4,Apr,325,1674.25,321840,3,Southeast
3101,3411,2016-05-13 00:00:00,2016,5,May,340,1791.05,321840,3,Southeast
3102,3411,2016-06-11 00:00:00,2016,6,Jun,310,1593.85,321840,3,Southeast
3103,3411,2016-07-11 00:00:00,2016,7,Jul,345,1822.83,321840,3,Southeast
3104,3411,2016-08-09 00:00:00,2016,8,Aug,381,2116.19,321840,3,Southeast
3105,3411,2016-09-08 00:00:00,2016,9,Sep,364,1952.68,321840,3,Southeast
3106,3411,2016-10-08 00:00:00,2016,10,Oct,344,1829.08,321840,3,Southeast
3107,3411,2016-11-07 00:00:00,2016,11,Nov,364,2026.07,321840,3,Southeast
3108,3411,2016-12-07 00:00:00,2016,12,Dec,284,1487.16,321840,3,Southeast
3109,3421,2016-01-09 00:00:00,2016,1,Jan,572,3508.06,321850,3,Southeast
3110,3421,2016-02-07 00:00:00,2016,2,Feb,350,1910.48,321850,3,Southeast
3111,3421,2016-03-08 00:00:00,2016,3,Mar,372,2083.94,321850,3,Southeast
3112,3421,2016-04-07 00:00:00,2016,4,Apr,344,1854.28,321850,3,Southeast
3113,3421,2016-05-06 00:00:00,2016,5,May,301,1628.31,321850,3,Southeast
3114,3421,2016-06-04 00:00:00,2016,6,Jun,345,1849.8,321850,3,Southeast
3115,3421,2016-07-03 00:00:00,2016,7,Jul,368,2031.32,321850,3,Southeast
3116,3421,2016-08-01 00:00:00,2016,8,Aug,357,1878.34,321850,3,Southeast
3117,3421,2016-08-31 00:00:00,2016,8,Aug,338,1810.5,321850,3,Southeast
3118,3421,2016-09-30 00:00:00,2016,9,Sep,251,1287.49,321850,3,Southeast
3119,3421,2016-10-30 00:00:00,2016,10,Oct,288,1437.12,321850,3,Southeast
3120,3421,2016-11-28 00:00:00,2016,11,Nov,346,1921.66,321850,3,Southeast
3121,3421,2016-12-28 00:00:00,2016,12,Dec,396,2051.16,321850,3,Southeast
3122,3431,2013-12-06 00:00:00,2013,12,Dec,366,1992.13,321800,3,Southeast
3123,3431,2014-01-04 00:00:00,2014,1,Jan,416,2304.01,321800,3,Southeast
3124,3431,2014-02-03 00:00:00,2014,2,Feb,351,1907.85,321800,3,Southeast
3125,3431,2014-03-04 00:00:00,2014,3,Mar,317,1661.83,321800,3,Southeast
3126,3431,2014-04-03 00:00:00,2014,4,Apr,330,1781.17,321800,3,Southeast
3127,3431,2014-05-03 00:00:00,2014,5,May,380,2079.45,321800,3,Southeast
3128,3431,2014-06-02 00:00:00,2014,6,Jun,340,1837.98,321800,3,Southeast
3129,3431,2014-07-02 00:00:00,2014,7,Jul,327,1781.89,321800,3,Southeast
3130,3431,2014-08-01 00:00:00,2014,8,Aug,161,991.68,321800,3,Southeast
3131,3431,2014-08-30 00:00:00,2014,8,Aug,418,2443.13,321800,3,Southeast
3132,3431,2014-09-28 00:00:00,2014,9,Sep,321,1693.11,321800,3,Southeast
3133,3431,2014-10-27 00:00:00,2014,10,Oct,311,1620.06,321800,3,Southeast
3134,3431,2014-11-26 00:00:00,2014,11,Nov,514,2661.79,321800,3,Southeast
3135,3431,2014-12-25 00:00:00,2014,12,Dec,370,1970.18,321800,3,Southeast
3136,3431,2015-01-23 00:00:00,2015,1,Jan,364,2024.67,321800,3,Southeast
3137,3431,2015-02-21 00:00:00,2015,2,Feb,407,2285.99,321800,3,Southeast
3138,3431,2015-04-21 00:00:00,2015,4,Apr,335,1687.3,321800,3,Southeast
3139,3431,2015-05-20 00:00:00,2015,5,May,505,2623.24,321800,3,Southeast
3140,3431,2015-06-18 00:00:00,2015,6,Jun,337,1818.7,321800,3,Southeast
3141,3431,2015-07-17 00:00:00,2015,7,Jul,286,1551.59,321800,3,Southeast
3142,3431,2015-08-16 00:00:00,2015,8,Aug,406,2246.14,321800,3,Southeast
3143,3431,2015-09-15 00:00:00,2015,9,Sep,332,1725.54,321800,3,Southeast
3144,3431,2015-10-15 00:00:00,2015,10,Oct,370,2083.19,321800,3,Southeast
3145,3431,2015-11-13 00:00:00,2015,11,Nov,430,2421.33,321800,3,Southeast
3146,3431,2015-12-13 00:00:00,2015,12,Dec,333,1741.67,321800,3,Southeast
3147,3431,2016-01-12 00:00:00,2016,1,Jan,329,1706.71,321800,3,Southeast
3148,3431,2016-02-10 00:00:00,2016,2,Feb,331,1706.69,321800,3,Southeast
3149,3431,2016-03-10 00:00:00,2016,3,Mar,394,2135.02,321800,3,Southeast
3150,3431,2016-04-09 00:00:00,2016,4,Apr,345,1854.78,321800,3,Southeast
3151,3431,2016-05-08 00:00:00,2016,5,May,341,1767.28,321800,3,Southeast
3152,3431,2016-06-07 00:00:00,2016,6,Jun,355,1962.93,321800,3,Southeast
3153,3431,2016-07-07 00:00:00,2016,7,Jul,325,1718.01,321800,3,Southeast
3154,3431,2016-08-05 00:00:00,2016,8,Aug,358,1949.75,321800,3,Southeast
3155,3431,2016-09-04 00:00:00,2016,9,Sep,332,1755.46,321800,3,Southeast
3156,3431,2016-10-04 00:00:00,2016,10,Oct,311,1681.36,321800,3,Southeast
3157,3431,2016-11-03 00:00:00,2016,11,Nov,327,1704.23,321800,3,Southeast
3158,3431,2016-12-03 00:00:00,2016,12,Dec,375,2007.61,321800,3,Southeast
3159,3431,2017-01-01 00:00:00,2017,1,Jan,349,1870.35,321800,3,Southeast
3160,3441,2016-06-25 00:00:00,2016,6,Jun,485,2465.15,321810,3,Southeast
3161,3441,2016-07-25 00:00:00,2016,7,Jul,535,2773.55,321810,3,Southeast
3162,3441,2016-08-23 00:00:00,2016,8,Aug,526,2669.15,321810,3,Southeast
3163,3441,2016-09-22 00:00:00,2016,9,Sep,528,2669.74,321810,3,Southeast
3164,3441,2016-10-22 00:00:00,2016,10,Oct,528,2688.52,321810,3,Southeast
3165,3441,2016-11-21 00:00:00,2016,11,Nov,481,2400.19,321810,3,Southeast
3166,3441,2016-12-20 00:00:00,2016,12,Dec,513,2628.02,321810,3,Southeast
3167,3451,2016-10-14 00:00:00,2016,10,Oct,10,78.68,321800,3,Southeast
3168,3451,2016-11-12 00:00:00,2016,11,Nov,525,2680.44,321800,3,Southeast
3169,3451,2016-12-11 00:00:00,2016,12,Dec,2549,19195.48,321800,3,Southeast
3170,3461,2013-12-26 00:00:00,2013,12,Dec,545,2820.24,321810,3,Southeast
3171,3461,2014-01-25 00:00:00,2014,1,Jan,593,3071.59,321810,3,Southeast
3172,3461,2014-02-24 00:00:00,2014,2,Feb,454,2392.49,321810,3,Southeast
3173,3461,2014-03-26 00:00:00,2014,3,Mar,523,2679.85,321810,3,Southeast
3174,3461,2014-04-25 00:00:00,2014,4,Apr,524,2686.75,321810,3,Southeast
3175,3461,2014-05-24 00:00:00,2014,5,May,528,2684.8,321810,3,Southeast
3176,3461,2014-06-22 00:00:00,2014,6,Jun,569,3045.73,321810,3,Southeast
3177,3461,2014-07-21 00:00:00,2014,7,Jul,516,2637.44,321810,3,Southeast
3178,3461,2014-08-20 00:00:00,2014,8,Aug,565,2938.29,321810,3,Southeast
3179,3461,2014-09-19 00:00:00,2014,9,Sep,525,2673.55,321810,3,Southeast
3180,3461,2014-10-18 00:00:00,2014,10,Oct,504,2572.46,321810,3,Southeast
3181,3461,2014-11-16 00:00:00,2014,11,Nov,504,2528.72,321810,3,Southeast
3182,3461,2014-12-16 00:00:00,2014,12,Dec,450,2286.19,321810,3,Southeast
3183,3461,2015-01-14 00:00:00,2015,1,Jan,547,2810.24,321810,3,Southeast
3184,3461,2015-02-13 00:00:00,2015,2,Feb,499,2495.01,321810,3,Southeast
3185,3461,2015-03-15 00:00:00,2015,3,Mar,499,2568.83,321810,3,Southeast
3186,3461,2015-04-13 00:00:00,2015,4,Apr,501,2531.29,321810,3,Southeast
3187,3461,2015-05-13 00:00:00,2015,5,May,564,3006.45,321810,3,Southeast
3188,3461,2015-06-12 00:00:00,2015,6,Jun,529,2722.29,321810,3,Southeast
3189,3461,2015-07-11 00:00:00,2015,7,Jul,524,2639.15,321810,3,Southeast
3190,3461,2015-08-10 00:00:00,2015,8,Aug,514,2592.36,321810,3,Southeast
3191,3461,2015-09-09 00:00:00,2015,9,Sep,557,2931.97,321810,3,Southeast
3192,3461,2015-10-08 00:00:00,2015,10,Oct,529,2728.49,321810,3,Southeast
3193,3461,2015-12-05 00:00:00,2015,12,Dec,527,2702.27,321810,3,Southeast
3194,3461,2016-01-03 00:00:00,2016,1,Jan,496,2518.86,321810,3,Southeast
3195,3461,2016-02-01 00:00:00,2016,2,Feb,150,844.19,321810,3,Southeast
3196,3461,2016-03-01 00:00:00,2016,3,Mar,583,3044.94,321810,3,Southeast
3197,3461,2016-03-31 00:00:00,2016,3,Mar,531,2734.69,321810,3,Southeast
3198,3461,2016-04-30 00:00:00,2016,4,Apr,625,3206.39,321810,3,Southeast
3199,3461,2016-05-30 00:00:00,2016,5,May,596,3198.65,321810,3,Southeast
3200,3461,2016-06-29 00:00:00,2016,6,Jun,524,2658.54,321810,3,Southeast
3201,3461,2016-07-28 00:00:00,2016,7,Jul,506,2562.5,321810,3,Southeast
3202,3461,2016-08-26 00:00:00,2016,8,Aug,483,2435.19,321810,3,Southeast
3203,3461,2016-09-24 00:00:00,2016,9,Sep,730,3675.2,321810,3,Southeast
3204,3461,2016-10-24 00:00:00,2016,10,Oct,527,2716.68,321810,3,Southeast
3205,3461,2016-11-22 00:00:00,2016,11,Nov,503,2529.36,321810,3,Southeast
3206,3461,2016-12-22 00:00:00,2016,12,Dec,492,2457.58,321810,3,Southeast
3207,3471,2013-12-29 00:00:00,2013,12,Dec,371,1904.48,321800,3,Southeast
3208,3471,2014-01-27 00:00:00,2014,1,Jan,521,2674.26,321800,3,Southeast
3209,3471,2014-02-25 00:00:00,2014,2,Feb,501,2522.49,321800,3,Southeast
3210,3471,2014-03-26 00:00:00,2014,3,Mar,544,2777.16,321800,3,Southeast
3211,3471,2014-04-25 00:00:00,2014,4,Apr,470,2375.3,321800,3,Southeast
3212,3471,2014-05-24 00:00:00,2014,5,May,512,2679.43,321800,3,Southeast
3213,3471,2014-06-22 00:00:00,2014,6,Jun,505,2557.45,321800,3,Southeast
3214,3471,2014-07-22 00:00:00,2014,7,Jul,575,3094.92,321800,3,Southeast
3215,3471,2014-08-20 00:00:00,2014,8,Aug,716,4160.34,321800,3,Southeast
3216,3471,2014-09-18 00:00:00,2014,9,Sep,731,4370.09,321800,3,Southeast
3217,3471,2014-10-17 00:00:00,2014,10,Oct,1130,7557.33,321800,3,Southeast
3218,3471,2014-11-16 00:00:00,2014,11,Nov,1163,7876.61,321800,3,Southeast
3219,3471,2014-12-15 00:00:00,2014,12,Dec,513,2617.45,321800,3,Southeast
3220,3471,2015-01-13 00:00:00,2015,1,Jan,575,3108.98,321800,3,Southeast
3221,3471,2015-02-12 00:00:00,2015,2,Feb,562,2840.64,321800,3,Southeast
3222,3471,2015-03-15 00:00:00,2015,3,Mar,592,2996.6,321800,3,Southeast
3223,3471,2015-04-12 00:00:00,2015,4,Apr,217,1191.71,321800,3,Southeast
3224,3471,2015-05-12 00:00:00,2015,5,May,507,2539.93,321800,3,Southeast
3225,3471,2015-06-10 00:00:00,2015,6,Jun,506,2576.85,321800,3,Southeast
3226,3471,2015-07-09 00:00:00,2015,7,Jul,524,2714.92,321800,3,Southeast
3227,3471,2015-08-07 00:00:00,2015,8,Aug,531,2709.12,321800,3,Southeast
3228,3471,2015-09-05 00:00:00,2015,9,Sep,517,2688.69,321800,3,Southeast
3229,3471,2015-10-04 00:00:00,2015,10,Oct,513,2582.37,321800,3,Southeast
3230,3471,2015-11-02 00:00:00,2015,11,Nov,512,2631.83,321800,3,Southeast
3231,3471,2015-12-01 00:00:00,2015,12,Dec,500,2510.65,321800,3,Southeast
3232,3471,2015-12-30 00:00:00,2015,12,Dec,529,2639.71,321800,3,Southeast
3233,3471,2016-01-28 00:00:00,2016,1,Jan,554,2838.93,321800,3,Southeast
3234,3471,2016-02-26 00:00:00,2016,2,Feb,539,2827.86,321800,3,Southeast
3235,3471,2016-03-26 00:00:00,2016,3,Mar,480,2401.46,321800,3,Southeast
3236,3471,2016-04-25 00:00:00,2016,4,Apr,478,2519.12,321800,3,Southeast
3237,3471,2016-05-25 00:00:00,2016,5,May,523,2691.72,321800,3,Southeast
3238,3471,2016-06-24 00:00:00,2016,6,Jun,485,2539.64,321800,3,Southeast
3239,3471,2016-07-25 00:00:00,2016,7,Jul,574,3070.15,321800,3,Southeast
3240,3471,2016-08-23 00:00:00,2016,8,Aug,559,2815.06,321800,3,Southeast
3241,3471,2016-09-22 00:00:00,2016,9,Sep,540,2812.79,321800,3,Southeast
3242,3471,2016-10-22 00:00:00,2016,10,Oct,628,3394.69,321800,3,Southeast
3243,3471,2016-11-20 00:00:00,2016,11,Nov,505,2538.73,321800,3,Southeast
3244,3471,2016-12-20 00:00:00,2016,12,Dec,523,2703.02,321800,3,Southeast
3245,3481,2016-08-01 00:00:00,2016,8,Aug,396,2255.08,321800,3,Southeast
3246,3481,2016-08-30 00:00:00,2016,8,Aug,363,1995.27,321800,3,Southeast
3247,3481,2016-09-28 00:00:00,2016,9,Sep,418,2153.95,321800,3,Southeast
3248,3481,2016-10-27 00:00:00,2016,10,Oct,301,1608.41,321800,3,Southeast
3249,3481,2016-11-26 00:00:00,2016,11,Nov,352,1845.99,321800,3,Southeast
3250,3481,2016-12-25 00:00:00,2016,12,Dec,411,2238.47,321800,3,Southeast
3251,3491,2013-12-06 00:00:00,2013,12,Dec,477,2424.64,321810,3,Southeast
3252,3491,2014-01-05 00:00:00,2014,1,Jan,513,2574.87,321810,3,Southeast
3253,3491,2014-02-04 00:00:00,2014,2,Feb,584,3131.19,321810,3,Southeast
3254,3491,2014-03-05 00:00:00,2014,3,Mar,536,2755.96,321810,3,Southeast
3255,3491,2014-04-04 00:00:00,2014,4,Apr,581,2913.58,321810,3,Southeast
3256,3491,2014-05-03 00:00:00,2014,5,May,573,3041.77,321810,3,Southeast
3257,3491,2014-06-01 00:00:00,2014,6,Jun,532,2712.83,321810,3,Southeast
3258,3491,2014-06-30 00:00:00,2014,6,Jun,505,2519.95,321810,3,Southeast
3259,3491,2014-07-30 00:00:00,2014,7,Jul,522,2664.25,321810,3,Southeast
3260,3491,2014-08-29 00:00:00,2014,8,Aug,1552,7744.48,321810,3,Southeast
3261,3491,2014-09-28 00:00:00,2014,9,Sep,526,2721.06,321810,3,Southeast
3262,3491,2014-10-27 00:00:00,2014,10,Oct,508,2580.59,321810,3,Southeast
3263,3491,2014-11-26 00:00:00,2014,11,Nov,597,3151.18,321810,3,Southeast
3264,3491,2014-12-25 00:00:00,2014,12,Dec,528,2697.89,321810,3,Southeast
3265,3491,2015-01-23 00:00:00,2015,1,Jan,500,2518.78,321810,3,Southeast
3266,3491,2015-02-22 00:00:00,2015,2,Feb,581,3158.35,321810,3,Southeast
3267,3491,2015-03-23 00:00:00,2015,3,Mar,530,2714.76,321810,3,Southeast
3268,3491,2015-04-21 00:00:00,2015,4,Apr,495,2536.98,321810,3,Southeast
3269,3491,2015-05-21 00:00:00,2015,5,May,511,2615.62,321810,3,Southeast
3270,3491,2015-06-20 00:00:00,2015,6,Jun,505,2539.95,321810,3,Southeast
3271,3491,2015-07-19 00:00:00,2015,7,Jul,603,3261.63,321810,3,Southeast
3272,3491,2015-08-17 00:00:00,2015,8,Aug,682,3589.62,321810,3,Southeast
3273,3491,2015-09-15 00:00:00,2015,9,Sep,428,2702.61,321810,3,Southeast
3274,3491,2015-10-15 00:00:00,2015,10,Oct,303,1626.97,321810,3,Southeast
3275,3491,2015-11-14 00:00:00,2015,11,Nov,516,2626.77,321810,3,Southeast
3276,3491,2015-12-13 00:00:00,2015,12,Dec,1103,5645.39,321810,3,Southeast
3277,3491,2016-01-12 00:00:00,2016,1,Jan,671,3428.29,321810,3,Southeast
3278,3491,2016-02-11 00:00:00,2016,2,Feb,551,2822.72,321810,3,Southeast
3279,3491,2016-03-11 00:00:00,2016,3,Mar,552,2926.63,321810,3,Southeast
3280,3491,2016-04-09 00:00:00,2016,4,Apr,517,2614.24,321810,3,Southeast
3281,3491,2016-05-08 00:00:00,2016,5,May,529,2711.7,321810,3,Southeast
3282,3491,2016-06-06 00:00:00,2016,6,Jun,701,3554.27,321810,3,Southeast
3283,3491,2016-07-06 00:00:00,2016,7,Jul,502,2547.48,321810,3,Southeast
3284,3491,2016-08-05 00:00:00,2016,8,Aug,1964,9844.18,321810,3,Southeast
3285,3491,2016-09-04 00:00:00,2016,9,Sep,921,4956.94,321810,3,Southeast
3286,3491,2016-10-03 00:00:00,2016,10,Oct,507,2570.62,321810,3,Southeast
3287,3491,2016-11-01 00:00:00,2016,11,Nov,501,2609.42,321810,3,Southeast
3288,3491,2016-12-01 00:00:00,2016,12,Dec,495,2485.05,321810,3,Southeast
3289,3491,2016-12-31 00:00:00,2016,12,Dec,514,2572.36,321810,3,Southeast
3290,3501,2016-05-10 00:00:00,2016,5,May,128,666.89,321900,4,West
3291,3501,2016-06-08 00:00:00,2016,6,Jun,198,1065.6,321900,4,West
3292,3501,2016-07-08 00:00:00,2016,7,Jul,181,1079.49,321900,4,West
3293,3501,2016-08-07 00:00:00,2016,8,Aug,148,757.3,321900,4,West
3294,3501,2016-09-06 00:00:00,2016,9,Sep,249,1267.51,321900,4,West
3295,3501,2016-11-04 00:00:00,2016,11,Nov,260,1732.47,321900,4,West
3296,3501,2016-12-03 00:00:00,2016,12,Dec,156,807.83,321900,4,West
3297,3511,2016-08-14 00:00:00,2016,8,Aug,661,3329.67,321910,4,West
3298,3511,2016-09-13 00:00:00,2016,9,Sep,521,2693.02,321910,4,West
3299,3511,2016-10-13 00:00:00,2016,10,Oct,523,2678.63,321910,4,West
3300,3511,2016-11-11 00:00:00,2016,11,Nov,537,2742.13,321910,4,West
3301,3511,2016-12-10 00:00:00,2016,12,Dec,506,2567.5,321910,4,West
3302,3521,2016-12-30 00:00:00,2016,12,Dec,195,1003.05,321920,4,West
3303,3531,2015-06-03 00:00:00,2015,6,Jun,305,1925.12,321930,4,West
3304,3531,2015-07-02 00:00:00,2015,7,Jul,176,940.13,321930,4,West
3305,3531,2015-07-31 00:00:00,2015,7,Jul,246,1466.01,321930,4,West
3306,3531,2015-08-30 00:00:00,2015,8,Aug,228,1302.31,321930,4,West
3307,3531,2015-09-28 00:00:00,2015,9,Sep,165,888.35,321930,4,West
3308,3531,2015-10-28 00:00:00,2015,10,Oct,185,952.54,321930,4,West
3309,3531,2015-11-26 00:00:00,2015,11,Nov,948,4868.2,321930,4,West
3310,3531,2015-12-25 00:00:00,2015,12,Dec,218,1237.35,321930,4,West
3311,3531,2016-02-22 00:00:00,2016,2,Feb,159,853.41,321930,4,West
3312,3531,2016-03-23 00:00:00,2016,3,Mar,132,658.68,321930,4,West
3313,3531,2016-04-21 00:00:00,2016,4,Apr,180,1010.88,321930,4,West
3314,3531,2016-05-21 00:00:00,2016,5,May,191,1037.6,321930,4,West
3315,3531,2016-07-19 00:00:00,2016,7,Jul,185,986.32,321930,4,West
3316,3531,2016-08-18 00:00:00,2016,8,Aug,251,1522.49,321930,4,West
3317,3531,2016-09-17 00:00:00,2016,9,Sep,139,718.61,321930,4,West
3318,3531,2016-10-16 00:00:00,2016,10,Oct,186,998.16,321930,4,West
3319,3531,2016-11-15 00:00:00,2016,11,Nov,102,562.19,321930,4,West
3320,3531,2016-12-15 00:00:00,2016,12,Dec,202,1100.6,321930,4,West
3321,3541,2016-04-07 00:00:00,2016,4,Apr,793,3999.57,321940,4,West
3322,3541,2016-05-07 00:00:00,2016,5,May,600,3236.66,321940,4,West
3323,3541,2016-06-05 00:00:00,2016,6,Jun,428,2158.22,321940,4,West
3324,3541,2016-07-04 00:00:00,2016,7,Jul,577,3093.9,321940,4,West
3325,3541,2016-08-02 00:00:00,2016,8,Aug,555,2911.48,321940,4,West
3326,3541,2016-09-01 00:00:00,2016,9,Sep,536,2730.92,321940,4,West
3327,3541,2016-10-01 00:00:00,2016,10,Oct,486,2515.89,321940,4,West
3328,3541,2016-10-31 00:00:00,2016,10,Oct,521,2636.09,321940,4,West
3329,3541,2016-11-30 00:00:00,2016,11,Nov,493,2527,321940,4,West
3330,3541,2016-12-29 00:00:00,2016,12,Dec,1173,8006.71,321940,4,West
3331,3551,2015-04-30 00:00:00,2015,4,Apr,564,2916.96,321950,4,West
3332,3551,2015-05-30 00:00:00,2015,5,May,546,2829.56,321950,4,West
3333,3551,2015-06-28 00:00:00,2015,6,Jun,692,3940.58,321950,4,West
3334,3551,2015-07-28 00:00:00,2015,7,Jul,538,2737.16,321950,4,West
3335,3551,2015-08-26 00:00:00,2015,8,Aug,509,2578.08,321950,4,West
3336,3551,2015-09-24 00:00:00,2015,9,Sep,525,2649.77,321950,4,West
3337,3551,2015-10-24 00:00:00,2015,10,Oct,503,2552.47,321950,4,West
3338,3551,2015-11-23 00:00:00,2015,11,Nov,600,3159.89,321950,4,West
3339,3551,2015-12-22 00:00:00,2015,12,Dec,597,3265.98,321950,4,West
3340,3551,2016-01-20 00:00:00,2016,1,Jan,538,2807.89,321950,4,West
3341,3551,2016-02-19 00:00:00,2016,2,Feb,512,2604.96,321950,4,West
3342,3551,2016-03-19 00:00:00,2016,3,Mar,506,2541.2,321950,4,West
3343,3551,2016-04-17 00:00:00,2016,4,Apr,543,2830.85,321950,4,West
3344,3551,2016-05-16 00:00:00,2016,5,May,520,2676.1,321950,4,West
3345,3551,2016-06-15 00:00:00,2016,6,Jun,538,2802.26,321950,4,West
3346,3551,2016-07-14 00:00:00,2016,7,Jul,491,2512.69,321950,4,West
3347,3551,2016-08-12 00:00:00,2016,8,Aug,522,2726.85,321950,4,West
3348,3551,2016-09-11 00:00:00,2016,9,Sep,539,2809.71,321950,4,West
3349,3551,2016-10-10 00:00:00,2016,10,Oct,531,2725.42,321950,4,West
3350,3551,2016-11-08 00:00:00,2016,11,Nov,520,2665.49,321950,4,West
3351,3551,2016-12-07 00:00:00,2016,12,Dec,572,3062.53,321950,4,West
3352,3561,2016-07-02 00:00:00,2016,7,Jul,531,2649.69,321960,4,West
3353,3561,2016-07-31 00:00:00,2016,7,Jul,483,2446.45,321960,4,West
3354,3561,2016-08-30 00:00:00,2016,8,Aug,574,3061.23,321960,4,West
3355,3561,2016-09-28 00:00:00,2016,9,Sep,1364,8963.31,321960,4,West
3356,3561,2016-10-28 00:00:00,2016,10,Oct,481,2473.38,321960,4,West
3357,3571,2016-06-21 00:00:00,2016,6,Jun,526,2659.17,321970,4,West
3358,3571,2016-07-21 00:00:00,2016,7,Jul,523,2622.29,321970,4,West
3359,3571,2016-08-19 00:00:00,2016,8,Aug,467,2355.37,321970,4,West
3360,3571,2016-09-18 00:00:00,2016,9,Sep,560,2874.48,321970,4,West
3361,3571,2016-10-17 00:00:00,2016,10,Oct,457,2304.84,321970,4,West
3362,3571,2016-11-16 00:00:00,2016,11,Nov,524,2692.28,321970,4,West
3363,3571,2016-12-16 00:00:00,2016,12,Dec,549,2900.91,321970,4,West
3364,3581,2016-12-28 00:00:00,2016,12,Dec,353,1922.16,321980,4,West
3365,3591,2015-12-03 00:00:00,2015,12,Dec,341,1771.59,321990,4,West
3366,3591,2016-01-01 00:00:00,2016,1,Jan,358,1933.98,321990,4,West
3367,3591,2016-01-30 00:00:00,2016,1,Jan,350,1870.36,321990,4,West
3368,3591,2016-02-28 00:00:00,2016,2,Feb,421,2422.84,321990,4,West
3369,3591,2016-03-28 00:00:00,2016,3,Mar,339,1781.08,321990,4,West
3370,3591,2016-04-27 00:00:00,2016,4,Apr,343,1884.07,321990,4,West
3371,3591,2016-05-27 00:00:00,2016,5,May,258,1383.76,321990,4,West
3372,3591,2016-06-26 00:00:00,2016,6,Jun,349,1856.51,321990,4,West
3373,3591,2016-07-26 00:00:00,2016,7,Jul,363,1965.86,321990,4,West
3374,3591,2016-08-25 00:00:00,2016,8,Aug,321,1641.79,321990,4,West
3375,3591,2016-09-24 00:00:00,2016,9,Sep,464,2757.41,321990,4,West
3376,3591,2016-10-24 00:00:00,2016,10,Oct,36,274.68,321990,4,West
3377,3591,2016-11-23 00:00:00,2016,11,Nov,367,2016.53,321990,4,West
3378,3591,2016-12-23 00:00:00,2016,12,Dec,379,2092.06,321990,4,West
3379,3601,2016-08-21 00:00:00,2016,8,Aug,360,1928.39,321900,4,West
3380,3601,2016-09-19 00:00:00,2016,9,Sep,359,1881.51,321900,4,West
3381,3601,2016-10-18 00:00:00,2016,10,Oct,329,1709.21,321900,4,West
3382,3601,2016-11-17 00:00:00,2016,11,Nov,407,2275.93,321900,4,West
3383,3601,2016-12-16 00:00:00,2016,12,Dec,374,2022.58,321900,4,West
3384,3611,2016-09-19 00:00:00,2016,9,Sep,571,2902.5,321910,4,West
3385,3611,2016-10-19 00:00:00,2016,10,Oct,509,2600.6,321910,4,West
3386,3611,2016-11-17 00:00:00,2016,11,Nov,1861,9393.93,321910,4,West
3387,3611,2016-12-17 00:00:00,2016,12,Dec,523,2619.16,321910,4,West
3388,3621,2016-10-25 00:00:00,2016,10,Oct,287,1521.54,321920,4,West
3389,3621,2016-11-23 00:00:00,2016,11,Nov,347,1875.41,321920,4,West
3390,3621,2016-12-23 00:00:00,2016,12,Dec,357,1928.44,321920,4,West
3391,3631,2015-08-23 00:00:00,2015,8,Aug,366,1962.68,321930,4,West
3392,3631,2015-09-21 00:00:00,2015,9,Sep,300,1625.33,321930,4,West
3393,3631,2015-10-21 00:00:00,2015,10,Oct,387,2210.86,321930,4,West
3394,3631,2015-11-20 00:00:00,2015,11,Nov,453,2729.14,321930,4,West
3395,3631,2015-12-20 00:00:00,2015,12,Dec,299,1526.44,321930,4,West
3396,3631,2016-01-19 00:00:00,2016,1,Jan,396,2248.84,321930,4,West
3397,3631,2016-02-18 00:00:00,2016,2,Feb,440,2582.36,321930,4,West
3398,3631,2016-03-18 00:00:00,2016,3,Mar,353,1837.75,321930,4,West
3399,3631,2016-04-17 00:00:00,2016,4,Apr,816,4225.09,321930,4,West
3400,3631,2016-05-17 00:00:00,2016,5,May,318,1674.46,321930,4,West
3401,3631,2016-06-16 00:00:00,2016,6,Jun,345,1777.89,321930,4,West
3402,3631,2016-07-16 00:00:00,2016,7,Jul,324,1679.26,321930,4,West
3403,3631,2016-08-15 00:00:00,2016,8,Aug,378,2107.68,321930,4,West
3404,3631,2016-09-13 00:00:00,2016,9,Sep,390,2199.53,321930,4,West
3405,3631,2016-10-12 00:00:00,2016,10,Oct,380,2023.21,321930,4,West
3406,3631,2016-11-10 00:00:00,2016,11,Nov,359,1974.03,321930,4,West
3407,3631,2016-12-10 00:00:00,2016,12,Dec,318,1686.27,321930,4,West
3408,3641,2016-08-03 00:00:00,2016,8,Aug,520,2670.47,321940,4,West
3409,3641,2016-09-01 00:00:00,2016,9,Sep,525,2697.29,321940,4,West
3410,3641,2016-10-01 00:00:00,2016,10,Oct,937,5794.43,321940,4,West
3411,3641,2016-10-31 00:00:00,2016,10,Oct,592,3044.79,321940,4,West
3412,3641,2016-11-29 00:00:00,2016,11,Nov,533,2690.97,321940,4,West
3413,3641,2016-12-28 00:00:00,2016,12,Dec,566,3040.31,321940,4,West
3414,3651,2015-09-23 00:00:00,2015,9,Sep,579,3096.99,321950,4,West
3415,3651,2015-10-22 00:00:00,2015,10,Oct,532,2738.5,321950,4,West
3416,3651,2015-11-21 00:00:00,2015,11,Nov,596,3192.84,321950,4,West
3417,3651,2015-12-21 00:00:00,2015,12,Dec,512,2603.64,321950,4,West
3418,3651,2016-01-20 00:00:00,2016,1,Jan,738,4408.78,321950,4,West
3419,3651,2016-02-19 00:00:00,2016,2,Feb,633,3288.67,321950,4,West
3420,3651,2016-03-20 00:00:00,2016,3,Mar,612,3185.87,321950,4,West
3421,3651,2016-04-19 00:00:00,2016,4,Apr,541,2699.59,321950,4,West
3422,3651,2016-06-17 00:00:00,2016,6,Jun,636,3254.33,321950,4,West
3423,3651,2016-07-17 00:00:00,2016,7,Jul,525,2723.53,321950,4,West
3424,3651,2016-08-16 00:00:00,2016,8,Aug,526,2637.24,321950,4,West
3425,3651,2016-09-15 00:00:00,2016,9,Sep,515,2569.85,321950,4,West
3426,3651,2016-10-15 00:00:00,2016,10,Oct,654,3275.35,321950,4,West
3427,3651,2016-11-13 00:00:00,2016,11,Nov,466,2345.34,321950,4,West
3428,3651,2016-12-13 00:00:00,2016,12,Dec,534,2795.45,321950,4,West
3429,3661,2016-04-16 00:00:00,2016,4,Apr,504,2539.96,321960,4,West
3430,3661,2016-05-15 00:00:00,2016,5,May,501,2514.99,321960,4,West
3431,3661,2016-06-14 00:00:00,2016,6,Jun,498,2495.02,321960,4,West
3432,3661,2016-07-13 00:00:00,2016,7,Jul,523,2739.85,321960,4,West
3433,3661,2016-08-12 00:00:00,2016,8,Aug,495,2501.35,321960,4,West
3434,3661,2016-09-10 00:00:00,2016,9,Sep,518,2614.82,321960,4,West
3435,3661,2016-10-10 00:00:00,2016,10,Oct,387,2002.41,321960,4,West
3436,3661,2016-11-09 00:00:00,2016,11,Nov,520,2627.3,321960,4,West
3437,3661,2016-12-08 00:00:00,2016,12,Dec,559,2895.67,321960,4,West
3438,3671,2016-09-23 00:00:00,2016,9,Sep,346,1872.31,321970,4,West
3439,3671,2016-10-23 00:00:00,2016,10,Oct,394,2109.86,321970,4,West
3440,3671,2016-11-21 00:00:00,2016,11,Nov,340,1810.4,321970,4,West
3441,3671,2016-12-20 00:00:00,2016,12,Dec,352,1889.06,321970,4,West
3442,3681,2016-10-20 00:00:00,2016,10,Oct,525,2686.68,321980,4,West
3443,3681,2016-11-19 00:00:00,2016,11,Nov,526,2659.17,321980,4,West
3444,3681,2016-12-19 00:00:00,2016,12,Dec,552,2761.98,321980,4,West
3445,3691,2016-06-19 00:00:00,2016,6,Jun,597,3225.94,321990,4,West
3446,3691,2016-07-19 00:00:00,2016,7,Jul,562,2834.38,321990,4,West
3447,3691,2016-08-18 00:00:00,2016,8,Aug,501,2499.99,321990,4,West
3448,3691,2016-09-17 00:00:00,2016,9,Sep,474,2399.65,321990,4,West
3449,3691,2016-10-16 00:00:00,2016,10,Oct,901,5260.5,321990,4,West
3450,3691,2016-11-15 00:00:00,2016,11,Nov,12,94.31,321990,4,West
3451,3691,2016-12-14 00:00:00,2016,12,Dec,522,2686.16,321990,4,West
3452,3701,2016-09-25 00:00:00,2016,9,Sep,511,2596.8,321900,4,West
3453,3701,2016-11-22 00:00:00,2016,11,Nov,514,2634.27,321900,4,West
3454,3701,2016-12-22 00:00:00,2016,12,Dec,696,3642.47,321900,4,West
3455,3711,2016-06-27 00:00:00,2016,6,Jun,299,1572.01,321910,4,West
3456,3711,2016-07-27 00:00:00,2016,7,Jul,344,1893.53,321910,4,West
3457,3711,2016-08-25 00:00:00,2016,8,Aug,344,1811.56,321910,4,West
3458,3711,2016-09-23 00:00:00,2016,9,Sep,344,1825.4,321910,4,West
3459,3711,2016-10-22 00:00:00,2016,10,Oct,394,2189.39,321910,4,West
3460,3711,2016-11-20 00:00:00,2016,11,Nov,291,1482.09,321910,4,West
3461,3711,2016-12-20 00:00:00,2016,12,Dec,1354,9394.59,321910,4,West
3462,3721,2015-11-30 00:00:00,2015,11,Nov,307,1531.93,321920,4,West
3463,3721,2015-12-30 00:00:00,2015,12,Dec,362,1897.7,321920,4,West
3464,3721,2016-01-29 00:00:00,2016,1,Jan,339,1778.52,321920,4,West
3465,3721,2016-02-28 00:00:00,2016,2,Feb,361,1946.41,321920,4,West
3466,3721,2016-03-29 00:00:00,2016,3,Mar,357,1881.43,321920,4,West
3467,3721,2016-04-28 00:00:00,2016,4,Apr,382,2120.59,321920,4,West
3468,3721,2016-05-27 00:00:00,2016,5,May,307,1676.4,321920,4,West
3469,3721,2016-06-26 00:00:00,2016,6,Jun,375,2150.37,321920,4,West
3470,3721,2016-07-26 00:00:00,2016,7,Jul,476,2828.99,321920,4,West
3471,3721,2016-08-25 00:00:00,2016,8,Aug,1113,8079.78,321920,4,West
3472,3721,2016-09-23 00:00:00,2016,9,Sep,4484,22694.65,321920,4,West
3473,3721,2016-10-23 00:00:00,2016,10,Oct,336,1772.33,321920,4,West
3474,3721,2016-11-22 00:00:00,2016,11,Nov,339,1810.47,321920,4,West
3475,3721,2016-12-22 00:00:00,2016,12,Dec,347,1879.09,321920,4,West
3476,3731,2016-09-13 00:00:00,2016,9,Sep,508,2582.42,321930,4,West
3477,3731,2016-10-12 00:00:00,2016,10,Oct,523,2656.72,321930,4,West
3478,3731,2016-11-11 00:00:00,2016,11,Nov,499,2510.01,321930,4,West
3479,3731,2016-12-11 00:00:00,2016,12,Dec,503,2560.66,321930,4,West
3480,3741,2016-12-09 00:00:00,2016,12,Dec,199,1235.81,321940,4,West
3481,3751,2015-06-14 00:00:00,2015,6,Jun,511,2583.69,321950,4,West
3482,3751,2015-07-14 00:00:00,2015,7,Jul,522,2657.99,321950,4,West
3483,3751,2015-08-12 00:00:00,2015,8,Aug,503,2529.97,321950,4,West
3484,3751,2015-09-10 00:00:00,2015,9,Sep,548,2781.47,321950,4,West
3485,3751,2015-10-09 00:00:00,2015,10,Oct,523,2642.29,321950,4,West
3486,3751,2015-11-08 00:00:00,2015,11,Nov,498,2549.43,321950,4,West
3487,3751,2015-12-07 00:00:00,2015,12,Dec,545,2803.39,321950,4,West
3488,3751,2016-01-06 00:00:00,2016,1,Jan,516,2614.84,321950,4,West
3489,3751,2016-02-05 00:00:00,2016,2,Feb,540,2944.86,321950,4,West
3490,3751,2016-03-05 00:00:00,2016,3,Mar,683,3455.67,321950,4,West
3491,3751,2016-04-04 00:00:00,2016,4,Apr,528,2694.74,321950,4,West
3492,3751,2016-05-04 00:00:00,2016,5,May,516,2695.59,321950,4,West
3493,3751,2016-06-02 00:00:00,2016,6,Jun,519,2674.26,321950,4,West
3494,3751,2016-07-01 00:00:00,2016,7,Jul,500,2537.5,321950,4,West
3495,3751,2016-07-31 00:00:00,2016,7,Jul,507,2588.1,321950,4,West
3496,3751,2016-08-29 00:00:00,2016,8,Aug,503,2587.47,321950,4,West
3497,3751,2016-09-28 00:00:00,2016,9,Sep,564,2968.89,321950,4,West
3498,3751,2016-10-28 00:00:00,2016,10,Oct,437,2266.36,321950,4,West
3499,3751,2016-11-27 00:00:00,2016,11,Nov,554,2899.66,321950,4,West
3500,3751,2016-12-26 00:00:00,2016,12,Dec,531,2747.96,321950,4,West
3501,3761,2016-10-08 00:00:00,2016,10,Oct,508,2556.83,321960,4,West
3502,3761,2016-11-07 00:00:00,2016,11,Nov,520,2624.19,321960,4,West
3503,3761,2016-12-06 00:00:00,2016,12,Dec,1626,11485.54,321960,4,West
3504,3771,2016-01-26 00:00:00,2016,1,Jan,348,1909.14,321970,4,West
3505,3771,2016-02-25 00:00:00,2016,2,Feb,310,1735.9,321970,4,West
3506,3771,2016-03-25 00:00:00,2016,3,Mar,374,2072.03,321970,4,West
3507,3771,2016-04-23 00:00:00,2016,4,Apr,330,1690.52,321970,4,West
3508,3771,2016-05-22 00:00:00,2016,5,May,357,1971.63,321970,4,West
3509,3771,2016-06-21 00:00:00,2016,6,Jun,265,1400.56,321970,4,West
3510,3781,2016-09-20 00:00:00,2016,9,Sep,750,4766.4,321980,4,West
3511,3781,2016-10-20 00:00:00,2016,10,Oct,349,1869.76,321980,4,West
3512,3781,2016-11-19 00:00:00,2016,11,Nov,349,1900.49,321980,4,West
3513,3781,2016-12-19 00:00:00,2016,12,Dec,300,1497,321980,4,West
3514,3791,2016-04-18 00:00:00,2016,4,Apr,344,1844.77,321990,4,West
3515,3791,2016-05-17 00:00:00,2016,5,May,375,2036.98,321990,4,West
3516,3791,2016-06-15 00:00:00,2016,6,Jun,333,1751.67,321990,4,West
3517,3791,2016-07-15 00:00:00,2016,7,Jul,382,2163.35,321990,4,West
3518,3791,2016-08-14 00:00:00,2016,8,Aug,295,1514.61,321990,4,West
3519,3791,2016-09-13 00:00:00,2016,9,Sep,358,1944.04,321990,4,West
3520,3791,2016-10-12 00:00:00,2016,10,Oct,532,3076.69,321990,4,West
3521,3791,2016-11-11 00:00:00,2016,11,Nov,342,1790.38,321990,4,West
3522,3791,2016-12-11 00:00:00,2016,12,Dec,351,1917.77,321990,4,West
3523,3801,2016-07-10 00:00:00,2016,7,Jul,540,2774.6,321900,4,West
3524,3801,2016-08-09 00:00:00,2016,8,Aug,515,2569.85,321900,4,West
3525,3801,2016-09-08 00:00:00,2016,9,Sep,887,5624.25,321900,4,West
3526,3801,2016-10-08 00:00:00,2016,10,Oct,532,2770.49,321900,4,West
3527,3801,2016-11-06 00:00:00,2016,11,Nov,538,2794.78,321900,4,West
3528,3801,2016-12-06 00:00:00,2016,12,Dec,727,4142.8,321900,4,West
3529,3811,2016-08-08 00:00:00,2016,8,Aug,338,1771.62,321910,4,West
3530,3811,2016-09-05 00:00:00,2016,9,Sep,356,1895.3,321910,4,West
3531,3811,2016-10-05 00:00:00,2016,10,Oct,497,2901.26,321910,4,West
3532,3811,2016-11-03 00:00:00,2016,11,Nov,418,2458.97,321910,4,West
3533,3811,2016-12-03 00:00:00,2016,12,Dec,377,2031.98,321910,4,West
3534,3821,2016-03-27 00:00:00,2016,3,Mar,333,1734.8,321920,4,West
3535,3821,2016-04-26 00:00:00,2016,4,Apr,335,1826.75,321920,4,West
3536,3821,2016-05-26 00:00:00,2016,5,May,350,1849.79,321920,4,West
3537,3821,2016-06-23 00:00:00,2016,6,Jun,370,2000.24,321920,4,West
3538,3821,2016-07-22 00:00:00,2016,7,Jul,372,2009.51,321920,4,West
3539,3821,2016-08-20 00:00:00,2016,8,Aug,371,2031.96,321920,4,West
3540,3821,2016-09-19 00:00:00,2016,9,Sep,365,2022.14,321920,4,West
3541,3821,2016-10-18 00:00:00,2016,10,Oct,358,1898.94,321920,4,West
3542,3821,2016-11-17 00:00:00,2016,11,Nov,450,2638.12,321920,4,West
3543,3821,2016-12-17 00:00:00,2016,12,Dec,354,1937.19,321920,4,West
3544,3831,2016-11-24 00:00:00,2016,11,Nov,502,2571.26,321930,4,West
3545,3831,2016-12-24 00:00:00,2016,12,Dec,562,3055.15,321930,4,West
3546,3841,2017-01-01 00:00:00,2017,1,Jan,353,1932.85,321940,4,West
3547,3851,2016-06-09 00:00:00,2016,6,Jun,505,2519.95,321950,4,West
3548,3851,2016-07-08 00:00:00,2016,7,Jul,891,5597.12,321950,4,West
3549,3851,2016-08-06 00:00:00,2016,8,Aug,515,2592.98,321950,4,West
3550,3851,2016-09-05 00:00:00,2016,9,Sep,530,2682.26,321950,4,West
3551,3851,2016-10-05 00:00:00,2016,10,Oct,503,2509.97,321950,4,West
3552,3851,2016-11-03 00:00:00,2016,11,Nov,462,2321.03,321950,4,West
3553,3851,2016-12-03 00:00:00,2016,12,Dec,563,2896.95,321950,4,West
3554,3861,2017-01-01 00:00:00,2017,1,Jan,520,2666.79,321960,4,West
3555,3871,2016-10-20 00:00:00,2016,10,Oct,138,774.98,321970,4,West
3556,3871,2016-11-18 00:00:00,2016,11,Nov,134,770.06,321970,4,West
3557,3871,2016-12-18 00:00:00,2016,12,Dec,201,1235.69,321970,4,West
3558,3881,2013-12-15 00:00:00,2013,12,Dec,500,2522.5,321980,4,West
3559,3881,2014-01-14 00:00:00,2014,1,Jan,484,2482.07,321980,4,West
3560,3881,2014-02-13 00:00:00,2014,2,Feb,505,2538.08,321980,4,West
3561,3881,2014-03-14 00:00:00,2014,3,Mar,512,2604.88,321980,4,West
3562,3881,2014-04-12 00:00:00,2014,4,Apr,551,2840.18,321980,4,West
3563,3881,2014-05-12 00:00:00,2014,5,May,494,2535.77,321980,4,West
3564,3881,2014-06-11 00:00:00,2014,6,Jun,608,3321.42,321980,4,West
3565,3881,2014-07-11 00:00:00,2014,7,Jul,509,2539.91,321980,4,West
3566,3881,2014-08-09 00:00:00,2014,8,Aug,565,2982.52,321980,4,West
3567,3881,2014-09-07 00:00:00,2014,9,Sep,429,2181.38,321980,4,West
3568,3881,2014-10-06 00:00:00,2014,10,Oct,537,2724.63,321980,4,West
3569,3881,2014-11-05 00:00:00,2014,11,Nov,493,2460.07,321980,4,West
3570,3881,2015-01-03 00:00:00,2015,1,Jan,672,3390.84,321980,4,West
3571,3881,2015-02-02 00:00:00,2015,2,Feb,506,2540.59,321980,4,West
3572,3881,2015-03-03 00:00:00,2015,3,Mar,511,2602.39,321980,4,West
3573,3881,2015-04-02 00:00:00,2015,4,Apr,562,2821.88,321980,4,West
3574,3881,2015-05-01 00:00:00,2015,5,May,421,2170.26,321980,4,West
3575,3881,2015-05-30 00:00:00,2015,5,May,515,2569.85,321980,4,West
3576,3881,2015-06-28 00:00:00,2015,6,Jun,558,2947.1,321980,4,West
3577,3881,2015-07-27 00:00:00,2015,7,Jul,577,3061.73,321980,4,West
3578,3881,2015-09-24 00:00:00,2015,9,Sep,684,3965.2,321980,4,West
3579,3881,2015-10-24 00:00:00,2015,10,Oct,2388,16631.12,321980,4,West
3580,3881,2015-11-23 00:00:00,2015,11,Nov,601,3282.52,321980,4,West
3581,3881,2015-12-22 00:00:00,2015,12,Dec,555,2938.25,321980,4,West
3582,3881,2016-01-20 00:00:00,2016,1,Jan,473,2463.56,321980,4,West
3583,3881,2016-02-18 00:00:00,2016,2,Feb,504,2518.09,321980,4,West
3584,3881,2016-03-18 00:00:00,2016,3,Mar,539,2689.61,321980,4,West
3585,3891,2016-12-02 00:00:00,2016,12,Dec,563,2844.37,321990,4,West
3586,3891,2016-12-31 00:00:00,2016,12,Dec,486,2425.14,321990,4,West
3587,3901,2016-07-06 00:00:00,2016,7,Jul,169,863.31,321900,4,West
3588,3901,2016-08-05 00:00:00,2016,8,Aug,193,1096.97,321900,4,West
3589,3901,2016-09-03 00:00:00,2016,9,Sep,163,850.93,321900,4,West
3590,3901,2016-10-03 00:00:00,2016,10,Oct,154,783.46,321900,4,West
3591,3901,2016-11-02 00:00:00,2016,11,Nov,169,912.15,321900,4,West
3592,3901,2017-01-01 00:00:00,2017,1,Jan,224,1402.59,321900,4,West
3593,3911,2014-01-01 00:00:00,2014,1,Jan,512,2620.61,321910,4,West
3594,3911,2014-01-30 00:00:00,2014,1,Jan,529,2639.71,321910,4,West
3595,3911,2014-02-28 00:00:00,2014,2,Feb,569,3050.85,321910,4,West
3596,3911,2014-03-29 00:00:00,2014,3,Mar,516,2663.62,321910,4,West
3597,3911,2014-04-27 00:00:00,2014,4,Apr,482,2515.93,321910,4,West
3598,3911,2014-05-27 00:00:00,2014,5,May,529,2707.31,321910,4,West
3599,3911,2014-06-25 00:00:00,2014,6,Jun,558,2844.5,321910,4,West
3600,3911,2014-07-24 00:00:00,2014,7,Jul,603,3401.4,321910,4,West
3601,3911,2014-08-23 00:00:00,2014,8,Aug,510,2582.46,321910,4,West
3602,3911,2014-10-21 00:00:00,2014,10,Oct,1639,11761.04,321910,4,West
3603,3911,2014-11-19 00:00:00,2014,11,Nov,503,2509.97,321910,4,West
3604,3911,2014-12-18 00:00:00,2014,12,Dec,531,2724.75,321910,4,West
3605,3911,2015-01-16 00:00:00,2015,1,Jan,551,2875.91,321910,4,West
3606,3911,2015-02-14 00:00:00,2015,2,Feb,414,2123.44,321910,4,West
3607,3911,2015-03-16 00:00:00,2015,3,Mar,494,2468.19,321910,4,West
3608,3911,2015-04-14 00:00:00,2015,4,Apr,493,2470.07,321910,4,West
3609,3911,2015-05-13 00:00:00,2015,5,May,517,2638.67,321910,4,West
3610,3911,2015-06-11 00:00:00,2015,6,Jun,537,2777.13,321910,4,West
3611,3911,2015-07-11 00:00:00,2015,7,Jul,521,2621.7,321910,4,West
3612,3911,2015-08-09 00:00:00,2015,8,Aug,527,2686.68,321910,4,West
3613,3911,2015-09-08 00:00:00,2015,9,Sep,480,2425.2,321910,4,West
3614,3911,2015-10-08 00:00:00,2015,10,Oct,543,2830.89,321910,4,West
3615,3911,2015-11-07 00:00:00,2015,11,Nov,576,3086.74,321910,4,West
3616,3911,2015-12-06 00:00:00,2015,12,Dec,571,2969.39,321910,4,West
3617,3911,2016-01-05 00:00:00,2016,1,Jan,509,2564.3,321910,4,West
3618,3911,2016-02-03 00:00:00,2016,2,Feb,526,2704.15,321910,4,West
3619,3911,2016-03-03 00:00:00,2016,3,Mar,517,2642.35,321910,4,West
3620,3911,2016-04-02 00:00:00,2016,4,Apr,537,2709.02,321910,4,West
3621,3911,2016-05-01 00:00:00,2016,5,May,489,2460.11,321910,4,West
3622,3911,2016-05-30 00:00:00,2016,5,May,526,2669.74,321910,4,West
3623,3911,2016-06-29 00:00:00,2016,6,Jun,605,3540.38,321910,4,West
3624,3911,2016-07-28 00:00:00,2016,7,Jul,481,2400.19,321910,4,West
3625,3911,2016-08-26 00:00:00,2016,8,Aug,539,2784.02,321910,4,West
3626,3911,2016-09-24 00:00:00,2016,9,Sep,481,2441.47,321910,4,West
3627,3911,2016-10-24 00:00:00,2016,10,Oct,684,3669.13,321910,4,West
3628,3911,2016-11-22 00:00:00,2016,11,Nov,508,2549.92,321910,4,West
3629,3911,2016-12-21 00:00:00,2016,12,Dec,504,2542.5,321910,4,West
3630,3921,2016-09-14 00:00:00,2016,9,Sep,322,1669.38,321920,4,West
3631,3921,2016-10-14 00:00:00,2016,10,Oct,355,1928.46,321920,4,West
3632,3921,2016-11-12 00:00:00,2016,11,Nov,309,1614.41,321920,4,West
3633,3921,2016-12-11 00:00:00,2016,12,Dec,300,1749.82,321920,4,West
3634,3931,2016-11-03 00:00:00,2016,11,Nov,172,1074.76,321930,4,West
3635,3931,2016-12-03 00:00:00,2016,12,Dec,219,1374.98,321930,4,West
3636,3941,2016-12-10 00:00:00,2016,12,Dec,130,710,321940,4,West
3637,3951,2016-10-22 00:00:00,2016,10,Oct,165,1041.56,321950,4,West
3638,3951,2016-11-20 00:00:00,2016,11,Nov,85,601.75,321950,4,West
3639,3951,2016-12-19 00:00:00,2016,12,Dec,192,1146.37,321950,4,West
3640,3961,2016-11-16 00:00:00,2016,11,Nov,537,2707.8,321960,4,West
3641,3961,2016-12-15 00:00:00,2016,12,Dec,538,2787.83,321960,4,West
3642,3971,2016-10-03 00:00:00,2016,10,Oct,130,808.25,321970,4,West
3643,3971,2016-11-01 00:00:00,2016,11,Nov,169,1068.67,321970,4,West
3644,3971,2016-12-01 00:00:00,2016,12,Dec,145,844.91,321970,4,West
3645,3971,2016-12-31 00:00:00,2016,12,Dec,114,628.33,321970,4,West
3646,3981,2014-04-22 00:00:00,2014,4,Apr,519,2657.37,321980,4,West
3647,3981,2014-05-22 00:00:00,2014,5,May,481,2405.19,321980,4,West
3648,3981,2014-06-20 00:00:00,2014,6,Jun,621,3159.46,321980,4,West
3649,3981,2014-07-20 00:00:00,2014,7,Jul,535,2715.34,321980,4,West
3650,3981,2014-08-19 00:00:00,2014,8,Aug,549,2873.31,321980,4,West
3651,3981,2014-09-18 00:00:00,2014,9,Sep,538,2775.35,321980,4,West
3652,3981,2014-10-18 00:00:00,2014,10,Oct,508,2603.78,321980,4,West
3653,3981,2014-11-16 00:00:00,2014,11,Nov,539,2795.24,321980,4,West
3654,3981,2014-12-16 00:00:00,2014,12,Dec,521,2654.83,321980,4,West
3655,3981,2015-01-15 00:00:00,2015,1,Jan,560,2990.82,321980,4,West
3656,3981,2015-02-14 00:00:00,2015,2,Feb,639,3540.52,321980,4,West
3657,3981,2015-03-15 00:00:00,2015,3,Mar,358,1816.46,321980,4,West
3658,3981,2015-04-13 00:00:00,2015,4,Apr,561,2799.39,321980,4,West
3659,3981,2015-05-13 00:00:00,2015,5,May,483,2410.17,321980,4,West
3660,3981,2015-06-11 00:00:00,2015,6,Jun,604,3327.76,321980,4,West
3661,3981,2015-07-10 00:00:00,2015,7,Jul,509,2558.69,321980,4,West
3662,3981,2015-08-08 00:00:00,2015,8,Aug,794,4980.53,321980,4,West
3663,3981,2015-09-06 00:00:00,2015,9,Sep,514,2651.14,321980,4,West
3664,3981,2015-10-06 00:00:00,2015,10,Oct,512,2655.57,321980,4,West
3665,3981,2015-11-04 00:00:00,2015,11,Nov,489,2440.11,321980,4,West
3666,3981,2015-12-03 00:00:00,2015,12,Dec,889,5413.85,321980,4,West
3667,3981,2016-01-02 00:00:00,2016,1,Jan,545,2885.93,321980,4,West
3668,3981,2016-02-01 00:00:00,2016,2,Feb,514,2608.64,321980,4,West
3669,3981,2016-03-01 00:00:00,2016,3,Mar,573,2940.65,321980,4,West
3670,3981,2016-03-31 00:00:00,2016,3,Mar,522,2667.95,321980,4,West
3671,3981,2016-04-30 00:00:00,2016,4,Apr,551,2896.6,321980,4,West
3672,3981,2016-05-30 00:00:00,2016,5,May,493,2517.59,321980,4,West
3673,3981,2016-06-28 00:00:00,2016,6,Jun,613,3157.1,321980,4,West
3674,3981,2016-07-27 00:00:00,2016,7,Jul,399,2001.01,321980,4,West
3675,3981,2016-08-26 00:00:00,2016,8,Aug,565,3030.06,321980,4,West
3676,3981,2016-09-24 00:00:00,2016,9,Sep,526,2699.82,321980,4,West
3677,3981,2016-10-23 00:00:00,2016,10,Oct,747,5120.32,321980,4,West
3678,3981,2016-11-21 00:00:00,2016,11,Nov,477,2380.23,321980,4,West
3679,3981,2016-12-21 00:00:00,2016,12,Dec,541,2734.02,321980,4,West
3680,3991,2015-02-09 00:00:00,2015,2,Feb,499,2549.48,321990,4,West
3681,3991,2015-03-11 00:00:00,2015,3,Mar,487,2485.13,321990,4,West
3682,3991,2015-04-10 00:00:00,2015,4,Apr,510,2598.7,321990,4,West
3683,3991,2015-05-10 00:00:00,2015,5,May,519,2633.63,321990,4,West
3684,3991,2015-06-08 00:00:00,2015,6,Jun,405,2111.72,321990,4,West
3685,3991,2015-07-07 00:00:00,2015,7,Jul,549,2885.34,321990,4,West
3686,3991,2015-08-06 00:00:00,2015,8,Aug,518,2664.82,321990,4,West
3687,3991,2015-09-05 00:00:00,2015,9,Sep,525,2679.75,321990,4,West
3688,3991,2015-10-04 00:00:00,2015,10,Oct,608,3278.37,321990,4,West
3689,3991,2015-11-03 00:00:00,2015,11,Nov,539,2777.25,321990,4,West
3690,3991,2015-12-02 00:00:00,2015,12,Dec,550,2880.88,321990,4,West
3691,3991,2015-12-31 00:00:00,2015,12,Dec,506,2581.28,321990,4,West
3692,3991,2016-01-29 00:00:00,2016,1,Jan,531,2707.19,321990,4,West
3693,3991,2016-02-27 00:00:00,2016,2,Feb,573,3068.98,321990,4,West
3694,3991,2016-03-27 00:00:00,2016,3,Mar,567,2993.92,321990,4,West
3695,3991,2016-04-25 00:00:00,2016,4,Apr,502,2507.48,321990,4,West
3696,3991,2016-05-24 00:00:00,2016,5,May,483,2466.45,321990,4,West
3697,3991,2016-06-23 00:00:00,2016,6,Jun,1333,6697.34,321990,4,West
3698,3991,2016-07-22 00:00:00,2016,7,Jul,526,2671.69,321990,4,West
3699,3991,2016-08-21 00:00:00,2016,8,Aug,556,2922.61,321990,4,West
3700,3991,2016-09-20 00:00:00,2016,9,Sep,523,2662.92,321990,4,West
3701,3991,2016-10-19 00:00:00,2016,10,Oct,597,3200.94,321990,4,West
3702,3991,2016-11-17 00:00:00,2016,11,Nov,530,2724.13,321990,4,West
3703,3991,2016-12-17 00:00:00,2016,12,Dec,1467,10534.15,321990,4,West
3704,4001,2016-12-28 00:00:00,2016,12,Dec,529,2670.97,321900,4,West
3705,4011,2016-06-05 00:00:00,2016,6,Jun,501,2532.49,321910,4,West
3706,4011,2016-07-04 00:00:00,2016,7,Jul,760,4444.29,321910,4,West
3707,4011,2016-08-02 00:00:00,2016,8,Aug,513,2606.82,321910,4,West
3708,4011,2016-09-01 00:00:00,2016,9,Sep,459,2290.41,321910,4,West
3709,4011,2016-09-30 00:00:00,2016,9,Sep,2287,15914.71,321910,4,West
3710,4011,2016-10-29 00:00:00,2016,10,Oct,521,2664.79,321910,4,West
3711,4011,2016-11-28 00:00:00,2016,11,Nov,516,2648.66,321910,4,West
3712,4011,2016-12-27 00:00:00,2016,12,Dec,492,2502.58,321910,4,West
3713,4021,2016-12-19 00:00:00,2016,12,Dec,298,1721.49,321920,4,West
3714,4031,2015-10-18 00:00:00,2015,10,Oct,311,1551.89,321930,4,West
3715,4031,2015-11-17 00:00:00,2015,11,Nov,307,1622.66,321930,4,West
3716,4031,2015-12-16 00:00:00,2015,12,Dec,537,3367.9,321930,4,West
3717,4031,2016-01-15 00:00:00,2016,1,Jan,312,1621.88,321930,4,West
3718,4031,2016-02-13 00:00:00,2016,2,Feb,340,1808.55,321930,4,West
3719,4031,2016-03-13 00:00:00,2016,3,Mar,264,1470,321930,4,West
3720,4031,2016-05-10 00:00:00,2016,5,May,310,1546.9,321930,4,West
3721,4031,2016-06-08 00:00:00,2016,6,Jun,360,1965.91,321930,4,West
3722,4031,2016-07-07 00:00:00,2016,7,Jul,304,1570.17,321930,4,West
3723,4031,2016-08-05 00:00:00,2016,8,Aug,371,2048.91,321930,4,West
3724,4031,2016-09-04 00:00:00,2016,9,Sep,371,1991.51,321930,4,West
3725,4031,2016-10-04 00:00:00,2016,10,Oct,307,1619.57,321930,4,West
3726,4031,2016-11-02 00:00:00,2016,11,Nov,322,1675.58,321930,4,West
3727,4031,2016-12-01 00:00:00,2016,12,Dec,355,1935.33,321930,4,West
3728,4031,2016-12-31 00:00:00,2016,12,Dec,405,2288.75,321930,4,West
3729,4041,2015-10-08 00:00:00,2015,10,Oct,366,1903.84,321940,4,West
3730,4041,2015-11-06 00:00:00,2015,11,Nov,333,1786.77,321940,4,West
3731,4041,2015-12-06 00:00:00,2015,12,Dec,352,1870.34,321940,4,West
3732,4041,2016-01-04 00:00:00,2016,1,Jan,347,1839.7,321940,4,West
3733,4041,2016-02-02 00:00:00,2016,2,Feb,410,2148.4,321940,4,West
3734,4041,2016-03-03 00:00:00,2016,3,Mar,354,1900.32,321940,4,West
3735,4041,2016-05-02 00:00:00,2016,5,May,307,1560.1,321940,4,West
3736,4041,2016-06-01 00:00:00,2016,6,Jun,362,2143.04,321940,4,West
3737,4041,2016-07-01 00:00:00,2016,7,Jul,367,2002.71,321940,4,West
3738,4041,2016-07-31 00:00:00,2016,7,Jul,530,3347.63,321940,4,West
3739,4041,2016-08-30 00:00:00,2016,8,Aug,372,2126.03,321940,4,West
3740,4041,2016-09-29 00:00:00,2016,9,Sep,390,2177.46,321940,4,West
3741,4041,2016-10-29 00:00:00,2016,10,Oct,519,2714.3,321940,4,West
3742,4041,2016-11-27 00:00:00,2016,11,Nov,594,3744.12,321940,4,West
3743,4041,2016-12-26 00:00:00,2016,12,Dec,333,1854.92,321940,4,West
3744,4051,2016-12-03 00:00:00,2016,12,Dec,555,2927.13,321950,4,West
3745,4051,2017-01-01 00:00:00,2017,1,Jan,510,2582.4,321950,4,West
3746,4061,2014-12-16 00:00:00,2014,12,Dec,530,2647.83,321960,4,West
3747,4061,2015-01-15 00:00:00,2015,1,Jan,524,2668.58,321960,4,West
3748,4061,2015-02-14 00:00:00,2015,2,Feb,355,1780.84,321960,4,West
3749,4061,2015-03-16 00:00:00,2015,3,Mar,563,3066.01,321960,4,West
3750,4061,2015-04-15 00:00:00,2015,4,Apr,574,3025.13,321960,4,West
3751,4061,2015-05-15 00:00:00,2015,5,May,568,2877.45,321960,4,West
3752,4061,2015-06-13 00:00:00,2015,6,Jun,514,2593.03,321960,4,West
3753,4061,2015-07-13 00:00:00,2015,7,Jul,543,2824.69,321960,4,West
3754,4061,2015-08-12 00:00:00,2015,8,Aug,333,1739.25,321960,4,West
3755,4061,2015-09-11 00:00:00,2015,9,Sep,493,2460.07,321960,4,West
3756,4061,2015-10-10 00:00:00,2015,10,Oct,530,2660.35,321960,4,West
3757,4061,2015-11-08 00:00:00,2015,11,Nov,562,2936.41,321960,4,West
3758,4061,2015-12-07 00:00:00,2015,12,Dec,503,2542.47,321960,4,West
3759,4061,2016-01-06 00:00:00,2016,1,Jan,640,3244.25,321960,4,West
3760,4061,2016-02-05 00:00:00,2016,2,Feb,532,2764.23,321960,4,West
3761,4061,2016-03-06 00:00:00,2016,3,Mar,523,2656.72,321960,4,West
3762,4061,2016-04-05 00:00:00,2016,4,Apr,499,2527.57,321960,4,West
3763,4061,2016-05-04 00:00:00,2016,5,May,504,2514.96,321960,4,West
3764,4061,2016-06-03 00:00:00,2016,6,Jun,525,2706.74,321960,4,West
3765,4061,2016-07-03 00:00:00,2016,7,Jul,452,2307.41,321960,4,West
3766,4061,2016-08-01 00:00:00,2016,8,Aug,519,2645.46,321960,4,West
3767,4061,2016-08-30 00:00:00,2016,8,Aug,504,2533.74,321960,4,West
3768,4061,2016-09-29 00:00:00,2016,9,Sep,538,2817.12,321960,4,West
3769,4061,2016-10-29 00:00:00,2016,10,Oct,839,5219.51,321960,4,West
3770,4061,2016-11-28 00:00:00,2016,11,Nov,534,2787.22,321960,4,West
3771,4061,2016-12-28 00:00:00,2016,12,Dec,485,2486.43,321960,4,West
3772,4071,2016-12-10 00:00:00,2016,12,Dec,399,2129.24,321970,4,West
3773,4081,2016-11-23 00:00:00,2016,11,Nov,305,1565.77,321980,4,West
3774,4081,2016-12-23 00:00:00,2016,12,Dec,409,2290.4,321980,4,West
3775,4091,2016-11-22 00:00:00,2016,11,Nov,407,2264.91,321990,4,West
3776,4091,2016-12-21 00:00:00,2016,12,Dec,328,1706.72,321990,4,West
3777,4101,2016-06-18 00:00:00,2016,6,Jun,290,1504.66,321900,4,West
3778,4101,2016-07-17 00:00:00,2016,7,Jul,11704,93547.84,321900,4,West
3779,4101,2016-08-16 00:00:00,2016,8,Aug,524,2676.71,321900,4,West
3780,4101,2016-09-15 00:00:00,2016,9,Sep,488,2435.12,321900,4,West
3781,4101,2016-10-15 00:00:00,2016,10,Oct,486,2459.57,321900,4,West
3782,4101,2016-11-14 00:00:00,2016,11,Nov,540,2776.59,321900,4,West
3783,4101,2016-12-13 00:00:00,2016,12,Dec,619,3451.24,321900,4,West
3784,4111,2013-12-25 00:00:00,2013,12,Dec,354,1906.58,321910,4,West
3785,4111,2014-01-24 00:00:00,2014,1,Jan,343,1891.06,321910,4,West
3786,4111,2014-02-23 00:00:00,2014,2,Feb,325,1689.25,321910,4,West
3787,4111,2014-03-25 00:00:00,2014,3,Mar,19,154.28,321910,4,West
3788,4111,2014-04-24 00:00:00,2014,4,Apr,328,1727.49,321910,4,West
3789,4111,2014-05-23 00:00:00,2014,5,May,355,1930.94,321910,4,West
3790,4111,2014-06-22 00:00:00,2014,6,Jun,369,2035.25,321910,4,West
3791,4111,2014-07-21 00:00:00,2014,7,Jul,377,2080.82,321910,4,West
3792,4111,2014-08-19 00:00:00,2014,8,Aug,329,1815.55,321910,4,West
3793,4111,2014-09-18 00:00:00,2014,9,Sep,371,2080.72,321910,4,West
3794,4111,2014-10-17 00:00:00,2014,10,Oct,372,2046.34,321910,4,West
3795,4111,2014-11-16 00:00:00,2014,11,Nov,333,1739.17,321910,4,West
3796,4111,2014-12-16 00:00:00,2014,12,Dec,316,1626.92,321910,4,West
3797,4111,2015-01-15 00:00:00,2015,1,Jan,299,1545.22,321910,4,West
3798,4111,2015-02-14 00:00:00,2015,2,Feb,331,1724.19,321910,4,West
3799,4111,2015-03-15 00:00:00,2015,3,Mar,371,2164.17,321910,4,West
3800,4111,2015-04-14 00:00:00,2015,4,Apr,362,1950.26,321910,4,West
3801,4111,2015-05-13 00:00:00,2015,5,May,363,1975.29,321910,4,West
3802,4111,2015-06-12 00:00:00,2015,6,Jun,352,1869.08,321910,4,West
3803,4111,2015-07-12 00:00:00,2015,7,Jul,292,1519.58,321910,4,West
3804,4111,2015-08-10 00:00:00,2015,8,Aug,399,2263.63,321910,4,West
3805,4111,2015-09-08 00:00:00,2015,9,Sep,408,2310.47,321910,4,West
3806,4111,2015-10-08 00:00:00,2015,10,Oct,335,1784.21,321910,4,West
3807,4111,2015-11-07 00:00:00,2015,11,Nov,317,1641.83,321910,4,West
3808,4111,2015-12-07 00:00:00,2015,12,Dec,338,1764.12,321910,4,West
3809,4111,2016-01-05 00:00:00,2016,1,Jan,319,1655.63,321910,4,West
3810,4111,2016-02-04 00:00:00,2016,2,Feb,371,2061.47,321910,4,West
3811,4111,2016-03-04 00:00:00,2016,3,Mar,412,2310.41,321910,4,West
3812,4111,2016-04-03 00:00:00,2016,4,Apr,381,2241.29,321910,4,West
3813,4111,2016-05-03 00:00:00,2016,5,May,367,2004.6,321910,4,West
3814,4121,2016-10-22 00:00:00,2016,10,Oct,184,935.66,321920,4,West
3815,4121,2016-11-20 00:00:00,2016,11,Nov,132,680.59,321920,4,West
3816,4121,2016-12-20 00:00:00,2016,12,Dec,168,908.42,321920,4,West
3817,4131,2016-11-12 00:00:00,2016,11,Nov,166,1038.5,321930,4,West
3818,4131,2016-12-12 00:00:00,2016,12,Dec,173,1089.08,321930,4,West
3819,4141,2016-09-02 00:00:00,2016,9,Sep,510,2549.9,321940,4,West
3820,4141,2016-10-01 00:00:00,2016,10,Oct,505,2544.99,321940,4,West
3821,4141,2016-10-30 00:00:00,2016,10,Oct,526,2699.8,321940,4,West
3822,4141,2016-11-29 00:00:00,2016,11,Nov,523,2729.32,321940,4,West
3823,4141,2016-12-28 00:00:00,2016,12,Dec,620,3446.13,321940,4,West
3824,4151,2013-12-22 00:00:00,2013,12,Dec,363,1972.12,321950,4,West
3825,4151,2014-02-18 00:00:00,2014,2,Feb,369,1942.61,321950,4,West
3826,4151,2014-03-20 00:00:00,2014,3,Mar,350,1878.45,321950,4,West
3827,4151,2014-04-18 00:00:00,2014,4,Apr,315,1632.48,321950,4,West
3828,4151,2014-05-17 00:00:00,2014,5,May,334,1761.05,321950,4,West
3829,4151,2014-06-16 00:00:00,2014,6,Jun,377,2063.2,321950,4,West
3830,4151,2014-07-15 00:00:00,2014,7,Jul,484,2977.16,321950,4,West
3831,4151,2014-08-14 00:00:00,2014,8,Aug,454,2651.17,321950,4,West
3832,4151,2014-09-12 00:00:00,2014,9,Sep,361,1942.71,321950,4,West
3833,4151,2014-10-12 00:00:00,2014,10,Oct,316,1664.34,321950,4,West
3834,4151,2014-11-11 00:00:00,2014,11,Nov,345,1794.09,321950,4,West
3835,4151,2014-12-10 00:00:00,2014,12,Dec,322,1651.78,321950,4,West
3836,4151,2015-01-08 00:00:00,2015,1,Jan,365,2000.23,321950,4,West
3837,4151,2015-02-07 00:00:00,2015,2,Feb,811,4226.99,321950,4,West
3838,4151,2015-03-08 00:00:00,2015,3,Mar,356,1909.04,321950,4,West
3839,4151,2015-04-06 00:00:00,2015,4,Apr,371,2049.54,321950,4,West
3840,4151,2015-05-05 00:00:00,2015,5,May,356,1960.34,321950,4,West
3841,4151,2015-06-04 00:00:00,2015,6,Jun,333,1792.4,321950,4,West
3842,4151,2015-07-04 00:00:00,2015,7,Jul,370,2047.74,321950,4,West
3843,4151,2015-08-02 00:00:00,2015,8,Aug,368,1978.31,321950,4,West
3844,4151,2015-09-01 00:00:00,2015,9,Sep,355,1924.72,321950,4,West
3845,4151,2015-10-01 00:00:00,2015,10,Oct,336,1794.24,321950,4,West
3846,4151,2015-10-30 00:00:00,2015,10,Oct,307,1574.43,321950,4,West
3847,4151,2015-11-29 00:00:00,2015,11,Nov,369,2050.82,321950,4,West
3848,4151,2015-12-28 00:00:00,2015,12,Dec,211,1087.89,321950,4,West
3849,4151,2016-01-28 00:00:00,2016,1,Jan,412,2162.83,321950,4,West
3850,4151,2016-02-25 00:00:00,2016,2,Feb,396,2198.54,321950,4,West
3851,4151,2016-03-26 00:00:00,2016,3,Mar,357,1954.01,321950,4,West
3852,4151,2016-04-25 00:00:00,2016,4,Apr,329,1729.25,321950,4,West
3853,4151,2016-05-24 00:00:00,2016,5,May,320,1718.87,321950,4,West
3854,4151,2016-06-23 00:00:00,2016,6,Jun,339,1819.82,321950,4,West
3855,4151,2016-07-22 00:00:00,2016,7,Jul,656,3363.44,321950,4,West
3856,4151,2016-08-20 00:00:00,2016,8,Aug,560,3450.8,321950,4,West
3857,4151,2016-09-19 00:00:00,2016,9,Sep,356,1947.94,321950,4,West
3858,4151,2016-10-19 00:00:00,2016,10,Oct,10186,82163.71,321950,4,West
3859,4151,2016-11-18 00:00:00,2016,11,Nov,338,1802.92,321950,4,West
3860,4151,2016-12-18 00:00:00,2016,12,Dec,356,1845.3,321950,4,West
3861,4161,2013-12-21 00:00:00,2013,12,Dec,518,2619.82,321960,4,West
3862,4161,2014-01-20 00:00:00,2014,1,Jan,913,4662.29,321960,4,West
3863,4161,2014-02-19 00:00:00,2014,2,Feb,521,2687.98,321960,4,West
3864,4161,2014-03-21 00:00:00,2014,3,Mar,511,2565.54,321960,4,West
3865,4161,2014-04-20 00:00:00,2014,4,Apr,534,2724.11,321960,4,West
3866,4161,2014-05-19 00:00:00,2014,5,May,513,2563,321960,4,West
3867,4161,2014-06-17 00:00:00,2014,6,Jun,595,3126.55,321960,4,West
3868,4161,2014-07-17 00:00:00,2014,7,Jul,517,2667.47,321960,4,West
3869,4161,2014-08-16 00:00:00,2014,8,Aug,515,2632.45,321960,4,West
3870,4161,2014-09-14 00:00:00,2014,9,Sep,629,3369.38,321960,4,West
3871,4161,2014-10-14 00:00:00,2014,10,Oct,500,2512.52,321960,4,West
3872,4161,2014-11-12 00:00:00,2014,11,Nov,541,2788.37,321960,4,West
3873,4161,2014-12-11 00:00:00,2014,12,Dec,516,2583.6,321960,4,West
3874,4161,2015-01-10 00:00:00,2015,1,Jan,512,2598.7,321960,4,West
3875,4161,2015-02-08 00:00:00,2015,2,Feb,544,2862.75,321960,4,West
3876,4161,2015-03-10 00:00:00,2015,3,Mar,567,3029.65,321960,4,West
3877,4161,2015-04-09 00:00:00,2015,4,Apr,498,2485.02,321960,4,West
3878,4161,2015-05-08 00:00:00,2015,5,May,519,2622.33,321960,4,West
3879,4161,2015-06-07 00:00:00,2015,6,Jun,535,2768.53,321960,4,West
3880,4161,2015-07-07 00:00:00,2015,7,Jul,524,2684.17,321960,4,West
3881,4161,2015-08-05 00:00:00,2015,8,Aug,524,2680.45,321960,4,West
3882,4161,2015-09-03 00:00:00,2015,9,Sep,550,2843.4,321960,4,West
3883,4161,2015-10-03 00:00:00,2015,10,Oct,527,2698.59,321960,4,West
3884,4161,2015-11-01 00:00:00,2015,11,Nov,514,2636.85,321960,4,West
3885,4161,2015-11-30 00:00:00,2015,11,Nov,563,2908.15,321960,4,West
3886,4161,2015-12-30 00:00:00,2015,12,Dec,527,2689.79,321960,4,West
3887,4161,2016-01-28 00:00:00,2016,1,Jan,580,2944.28,321960,4,West
3888,4161,2016-02-26 00:00:00,2016,2,Feb,586,3173.18,321960,4,West
3889,4161,2016-03-27 00:00:00,2016,3,Mar,571,3042.72,321960,4,West
3890,4161,2016-04-26 00:00:00,2016,4,Apr,515,2609.87,321960,4,West
3891,4161,2016-05-26 00:00:00,2016,5,May,503,2543.12,321960,4,West
3892,4161,2016-06-24 00:00:00,2016,6,Jun,22610,112875.18,321960,4,West
3893,4161,2016-07-23 00:00:00,2016,7,Jul,509,2543.04,321960,4,West
3894,4161,2016-08-22 00:00:00,2016,8,Aug,499,2519.4,321960,4,West
3895,4161,2016-09-21 00:00:00,2016,9,Sep,158,788.42,321960,4,West
3896,4161,2016-10-20 00:00:00,2016,10,Oct,518,2641.14,321960,4,West
3897,4161,2016-11-19 00:00:00,2016,11,Nov,510,2618.11,321960,4,West
3898,4161,2016-12-19 00:00:00,2016,12,Dec,506,2541.83,321960,4,West
3899,4171,2016-01-31 00:00:00,2016,1,Jan,611,3304.9,321970,4,West
3900,4171,2016-03-01 00:00:00,2016,3,Mar,534,2769.72,321970,4,West
3901,4171,2016-03-30 00:00:00,2016,3,Mar,179,938.88,321970,4,West
3902,4171,2016-04-29 00:00:00,2016,4,Apr,534,2750.33,321970,4,West
3903,4171,2016-05-29 00:00:00,2016,5,May,521,2652.33,321970,4,West
3904,4171,2016-06-28 00:00:00,2016,6,Jun,484,2472.66,321970,4,West
3905,4171,2016-07-27 00:00:00,2016,7,Jul,487,2460.13,321970,4,West
3906,4171,2016-08-26 00:00:00,2016,8,Aug,495,2496.96,321970,4,West
3907,4171,2016-09-25 00:00:00,2016,9,Sep,573,2916.22,321970,4,West
3908,4171,2016-10-24 00:00:00,2016,10,Oct,540,2882.4,321970,4,West
3909,4171,2016-11-22 00:00:00,2016,11,Nov,555,2894.65,321970,4,West
3910,4171,2016-12-22 00:00:00,2016,12,Dec,519,2621.72,321970,4,West
3911,4181,2015-05-09 00:00:00,2015,5,May,537,2784.73,321980,4,West
3912,4181,2015-06-07 00:00:00,2015,6,Jun,518,2617.32,321980,4,West
3913,4181,2015-07-07 00:00:00,2015,7,Jul,449,2333.07,321980,4,West
3914,4181,2015-08-05 00:00:00,2015,8,Aug,513,2634.36,321980,4,West
3915,4181,2015-09-04 00:00:00,2015,9,Sep,551,2845.83,321980,4,West
3916,4181,2015-10-04 00:00:00,2015,10,Oct,501,2559.46,321980,4,West
3917,4181,2015-11-03 00:00:00,2015,11,Nov,642,3533.58,321980,4,West
3918,4181,2015-12-02 00:00:00,2015,12,Dec,567,2889.39,321980,4,West
3919,4181,2015-12-31 00:00:00,2015,12,Dec,513,2626.82,321980,4,West
3920,4181,2016-01-29 00:00:00,2016,1,Jan,505,2567.45,321980,4,West
3921,4181,2016-02-27 00:00:00,2016,2,Feb,512,2606.16,321980,4,West
3922,4181,2016-03-27 00:00:00,2016,3,Mar,811,4213.39,321980,4,West
3923,4181,2016-04-25 00:00:00,2016,4,Apr,665,3645.85,321980,4,West
3924,4181,2016-05-25 00:00:00,2016,5,May,576,3091.17,321980,4,West
3925,4181,2016-06-24 00:00:00,2016,6,Jun,525,2676.07,321980,4,West
3926,4181,2016-07-23 00:00:00,2016,7,Jul,523,2647.33,321980,4,West
3927,4181,2016-08-22 00:00:00,2016,8,Aug,540,2756.53,321980,4,West
3928,4181,2016-09-21 00:00:00,2016,9,Sep,528,2702.22,321980,4,West
3929,4181,2016-10-21 00:00:00,2016,10,Oct,599,3143.58,321980,4,West
3930,4181,2016-11-19 00:00:00,2016,11,Nov,633,3325.7,321980,4,West
3931,4181,2016-12-19 00:00:00,2016,12,Dec,517,2648.02,321980,4,West
3932,4191,2015-12-10 00:00:00,2015,12,Dec,258,1707.01,321990,4,West
3933,4191,2016-01-08 00:00:00,2016,1,Jan,124,767.64,321990,4,West
3934,4191,2016-02-07 00:00:00,2016,2,Feb,165,1004.75,321990,4,West
3935,4191,2016-03-07 00:00:00,2016,3,Mar,617,3188.3,321990,4,West
3936,4191,2016-04-05 00:00:00,2016,4,Apr,135,771.15,321990,4,West
3937,4191,2016-05-04 00:00:00,2016,5,May,47,297.68,321990,4,West
3938,4191,2016-06-03 00:00:00,2016,6,Jun,223,1327.34,321990,4,West
3939,4201,2016-04-25 00:00:00,2016,4,Apr,144,849.33,321930,4,West
3940,4201,2016-05-25 00:00:00,2016,5,May,73,470,321930,4,West
3941,4201,2016-06-23 00:00:00,2016,6,Jun,120,661.4,321930,4,West
3942,4201,2016-07-23 00:00:00,2016,7,Jul,1639,12053.77,321930,4,West
3943,4201,2016-08-21 00:00:00,2016,8,Aug,173,1086.01,321930,4,West
3944,4201,2016-09-20 00:00:00,2016,9,Sep,176,1116.59,321930,4,West
3945,4201,2016-10-20 00:00:00,2016,10,Oct,229,1333.52,321930,4,West
3946,4201,2016-11-18 00:00:00,2016,11,Nov,151,890.46,321930,4,West
3947,4211,2013-12-12 00:00:00,2013,12,Dec,127,733.89,321940,4,West
3948,4211,2014-01-11 00:00:00,2014,1,Jan,220,1388.73,321940,4,West
3949,4211,2014-02-09 00:00:00,2014,2,Feb,224,1421.88,321940,4,West
3950,4211,2014-03-10 00:00:00,2014,3,Mar,136,840.02,321940,4,West
3951,4211,2014-04-09 00:00:00,2014,4,Apr,161,988.57,321940,4,West
3952,4211,2014-05-09 00:00:00,2014,5,May,168,997.2,321940,4,West
3953,4211,2014-06-07 00:00:00,2014,6,Jun,173,1030.32,321940,4,West
3954,4211,2014-07-06 00:00:00,2014,7,Jul,289,1897.43,321940,4,West
3955,4211,2014-08-04 00:00:00,2014,8,Aug,117,693.38,321940,4,West
3956,4211,2014-09-02 00:00:00,2014,9,Sep,202,1199.99,321940,4,West
3957,4211,2014-10-01 00:00:00,2014,10,Oct,101,618.52,321940,4,West
3958,4211,2014-10-31 00:00:00,2014,10,Oct,145,848.71,321940,4,West
3959,4211,2014-11-29 00:00:00,2014,11,Nov,142,827.46,321940,4,West
3960,4211,2014-12-29 00:00:00,2014,12,Dec,131,751.27,321940,4,West
3961,4211,2015-01-28 00:00:00,2015,1,Jan,169,1084.18,321940,4,West
3962,4211,2015-02-27 00:00:00,2015,2,Feb,141,854.36,321940,4,West
3963,4211,2015-03-30 00:00:00,2015,3,Mar,14395,107533.55,321940,4,West
3964,4211,2015-04-28 00:00:00,2015,4,Apr,150,836,321940,4,West
3965,4211,2015-05-28 00:00:00,2015,5,May,174,1050.29,321940,4,West
3966,4211,2015-06-27 00:00:00,2015,6,Jun,321,2272.2,321940,4,West
3967,4211,2015-07-26 00:00:00,2015,7,Jul,309,2063.86,321940,4,West
3968,4211,2015-08-25 00:00:00,2015,8,Aug,176,1064.66,321940,4,West
3969,4211,2015-09-24 00:00:00,2015,9,Sep,163,967.29,321940,4,West
3970,4211,2015-10-24 00:00:00,2015,10,Oct,101,588.99,321940,4,West
3971,4211,2015-11-22 00:00:00,2015,11,Nov,153,919.93,321940,4,West
3972,4211,2015-12-21 00:00:00,2015,12,Dec,157,992.31,321940,4,West
3973,4211,2016-02-18 00:00:00,2016,2,Feb,179,1067.07,321940,4,West
3974,4211,2016-03-19 00:00:00,2016,3,Mar,228,1479.89,321940,4,West
3975,4211,2016-05-17 00:00:00,2016,5,May,130,716.2,321940,4,West
3976,4211,2016-06-15 00:00:00,2016,6,Jun,157,959.22,321940,4,West
3977,4211,2016-07-14 00:00:00,2016,7,Jul,164,985.37,321940,4,West
3978,4211,2016-08-13 00:00:00,2016,8,Aug,226,1446.07,321940,4,West
3979,4211,2016-09-12 00:00:00,2016,9,Sep,100,529,321940,4,West
3980,4221,2016-11-03 00:00:00,2016,11,Nov,120,598.8,321950,4,West
3981,4221,2016-12-02 00:00:00,2016,12,Dec,171,922.15,321950,4,West
3982,4221,2016-12-31 00:00:00,2016,12,Dec,165,835.85,321950,4,West
3983,4231,2015-09-08 00:00:00,2015,9,Sep,92,719.32,321970,4,West
3984,4231,2015-10-08 00:00:00,2015,10,Oct,330,1759.22,321970,4,West
3985,4231,2015-11-06 00:00:00,2015,11,Nov,337,1741.65,321970,4,West
3986,4231,2015-12-05 00:00:00,2015,12,Dec,300,1559.6,321970,4,West
3987,4231,2016-01-04 00:00:00,2016,1,Jan,234,1222.66,321970,4,West
3988,4231,2016-02-01 00:00:00,2016,2,Feb,371,2015.7,321970,4,West
3989,4231,2016-03-02 00:00:00,2016,3,Mar,320,1639.3,321970,4,West
3990,4231,2016-04-01 00:00:00,2016,4,Apr,356,1921.54,321970,4,West
3991,4231,2016-04-30 00:00:00,2016,4,Apr,366,2115.83,321970,4,West
3992,4231,2016-05-30 00:00:00,2016,5,May,30,238.56,321970,4,West
3993,4231,2016-06-29 00:00:00,2016,6,Jun,394,2251.42,321970,4,West
3994,4231,2016-07-29 00:00:00,2016,7,Jul,340,1803.53,321970,4,West
3995,4231,2016-08-28 00:00:00,2016,8,Aug,379,2074.5,321970,4,West
3996,4231,2016-09-27 00:00:00,2016,9,Sep,328,1746.17,321970,4,West
3997,4231,2016-10-27 00:00:00,2016,10,Oct,361,1938.36,321970,4,West
3998,4231,2016-11-25 00:00:00,2016,11,Nov,308,1579.42,321970,4,West
3999,4231,2016-12-25 00:00:00,2016,12,Dec,353,1932.87,321970,4,West
4000,4241,2014-06-26 00:00:00,2014,6,Jun,499,2490.01,321980,4,West
4001,4241,2014-07-25 00:00:00,2014,7,Jul,497,2480.03,321980,4,West
4002,4241,2014-08-23 00:00:00,2014,8,Aug,495,2483.81,321980,4,West
4003,4241,2014-09-21 00:00:00,2014,9,Sep,470,2345.3,321980,4,West
4004,4241,2014-10-21 00:00:00,2014,10,Oct,499,2492.51,321980,4,West
4005,4241,2014-11-20 00:00:00,2014,11,Nov,644,3568.56,321980,4,West
4006,4241,2014-12-20 00:00:00,2014,12,Dec,533,2725.4,321980,4,West
4007,4241,2015-01-18 00:00:00,2015,1,Jan,513,2577.37,321980,4,West
4008,4241,2015-02-17 00:00:00,2015,2,Feb,533,2699.08,321980,4,West
4009,4251,2016-06-05 00:00:00,2016,6,Jun,641,3236.09,321990,4,West
4010,4251,2016-07-04 00:00:00,2016,7,Jul,506,2546.2,321990,4,West
4011,4251,2016-08-02 00:00:00,2016,8,Aug,720,3698.45,321990,4,West
4012,4251,2016-09-01 00:00:00,2016,9,Sep,548,2867.18,321990,4,West
4013,4251,2016-09-30 00:00:00,2016,9,Sep,542,2802.08,321990,4,West
4014,4251,2016-10-29 00:00:00,2016,10,Oct,495,2500.05,321990,4,West
4015,4251,2016-11-27 00:00:00,2016,11,Nov,548,2808.93,321990,4,West
4016,4251,2016-12-26 00:00:00,2016,12,Dec,28799,232207.07,321990,4,West
4017,4261,2016-08-04 00:00:00,2016,8,Aug,327,1696.73,321960,4,West
4018,4261,2016-09-03 00:00:00,2016,9,Sep,383,2119.42,321960,4,West
4019,4261,2016-10-03 00:00:00,2016,10,Oct,364,1968.25,321960,4,West
4020,4261,2016-11-02 00:00:00,2016,11,Nov,316,1762.59,321960,4,West
4021,4261,2016-12-02 00:00:00,2016,12,Dec,388,2128.68,321960,4,West
4022,4261,2016-12-31 00:00:00,2016,12,Dec,369,1975.21,321960,4,West
4023,4271,2014-12-14 00:00:00,2014,12,Dec,555,2957.11,321970,4,West
4024,4271,2015-01-13 00:00:00,2015,1,Jan,336,1850.66,321970,4,West
4025,4271,2015-02-12 00:00:00,2015,2,Feb,313,1636.87,321970,4,West
4026,4271,2015-03-14 00:00:00,2015,3,Mar,349,1847.22,321970,4,West
4027,4271,2015-04-12 00:00:00,2015,4,Apr,338,1909.91,321970,4,West
4028,4271,2015-05-11 00:00:00,2015,5,May,28,225.47,321970,4,West
4029,4271,2015-06-10 00:00:00,2015,6,Jun,1512,10124.88,321970,4,West
4030,4271,2015-07-10 00:00:00,2015,7,Jul,375,1936.25,321970,4,West
4031,4271,2015-08-09 00:00:00,2015,8,Aug,334,1794.85,321970,4,West
4032,4271,2015-09-08 00:00:00,2015,9,Sep,350,1892.25,321970,4,West
4033,4271,2015-10-07 00:00:00,2015,10,Oct,353,1949.17,321970,4,West
4034,4271,2015-11-05 00:00:00,2015,11,Nov,378,1979.39,321970,4,West
4035,4271,2015-12-05 00:00:00,2015,12,Dec,284,1502.24,321970,4,West
4036,4271,2016-01-04 00:00:00,2016,1,Jan,340,1794.1,321970,4,West
4037,4271,2016-02-02 00:00:00,2016,2,Feb,413,2378.1,321970,4,West
4038,4271,2016-03-03 00:00:00,2016,3,Mar,313,1636.99,321970,4,West
4039,4271,2016-04-01 00:00:00,2016,4,Apr,344,1842.31,321970,4,West
4040,4271,2016-05-01 00:00:00,2016,5,May,393,2188.14,321970,4,West
4041,4271,2016-05-30 00:00:00,2016,5,May,339,1898.09,321970,4,West
4042,4271,2016-06-28 00:00:00,2016,6,Jun,366,1951.42,321970,4,West
4043,4271,2016-07-27 00:00:00,2016,7,Jul,331,1751.18,321970,4,West
4044,4271,2016-08-25 00:00:00,2016,8,Aug,353,1905.96,321970,4,West
4045,4271,2016-09-23 00:00:00,2016,9,Sep,345,1852.89,321970,4,West
4046,4271,2016-10-22 00:00:00,2016,10,Oct,466,2387.94,321970,4,West
4047,4271,2016-11-20 00:00:00,2016,11,Nov,320,1652.43,321970,4,West
4048,4271,2016-12-20 00:00:00,2016,12,Dec,293,1514.57,321970,4,West
4049,4281,2016-01-04 00:00:00,2016,1,Jan,305,1581.42,321930,4,West
4050,4281,2016-02-02 00:00:00,2016,2,Feb,476,2817.21,321930,4,West
