Rep_ID,Region_ID,Region_Name,Month,Working_Days,Attendance_Days,Attendance_Rate,Planned_Visits,Completed_Visits,Visit_Completion_Rate,Visit_Gap,Merchandising_Compliance,Merchandising_Target,Merchandising_Gap,Product_Availability,Availability_Target,Availability_Gap,Actual_Sales,Target_Multiplier,Target,Sales_Achievement,Sales_Gap,Performance_Status,Data_Type
321500,1,Northeast,2015-01-01 00:00:00,26,23,0.884615384615385,480,413,0.860416666666667,-67,0.7299,0.9,-0.1701,0.7952,0.95,-0.1548,1967.79,1.05,4580.31525,0.429618900140116,-2612.52525,Critical,Simulated field-force metrics; Sales/Target = real+derived
321500,1,Northeast,2015-02-01 00:00:00,26,22,0.846153846153846,488,395,0.809426229508197,-93,0.7713,0.9,-0.1287,0.8649,0.95,-0.0851,1857.89,1.06,4623.9373,0.401798268328595,-2766.0473,Critical,Simulated field-force metrics; Sales/Target = real+derived
321500,1,Northeast,2015-03-01 00:00:00,26,22,0.846153846153846,496,433,0.872983870967742,-63,0.722,0.9,-0.178,0.7934,0.95,-0.1566,1857.85,1.07,4667.55935,0.398034574536262,-2809.70935,Critical,Simulated field-force metrics; Sales/Target = real+derived
321500,1,Northeast,2015-04-01 00:00:00,26,23,0.884615384615385,504,433,0.859126984126984,-71,0.8058,0.9,-0.0942000000000001,0.8455,0.95,-0.1045,1801.7,1.08,4711.1814,0.382430614962098,-2909.4814,Critical,Simulated field-force metrics; Sales/Target = real+derived
321500,1,Northeast,2015-05-01 00:00:00,26,22,0.846153846153846,480,392,0.816666666666667,-88,0.811,0.9,-0.089,0.8118,0.95,-0.1382,2189.39,1.09,4754.80345,0.460458570585079,-2565.41345,Critical,Simulated field-force metrics; Sales/Target = real+derived
321500,1,Northeast,2015-06-01 00:00:00,26,22,0.846153846153846,488,385,0.788934426229508,-103,0.7488,0.9,-0.1512,0.8266,0.95,-0.1234,1764.28,1.1,4798.4255,0.367678939685528,-3034.1455,Critical,Simulated field-force metrics; Sales/Target = real+derived
321500,1,Northeast,2015-07-01 00:00:00,26,23,0.884615384615385,496,428,0.862903225806452,-68,0.766,0.9,-0.134,0.8173,0.95,-0.1327,1884.17,1.11,4842.04755,0.389126703227026,-2957.87755,Critical,Simulated field-force metrics; Sales/Target = real+derived
321500,1,Northeast,2015-08-01 00:00:00,26,23,0.884615384615385,504,415,0.823412698412698,-89,0.7969,0.9,-0.1031,0.7932,0.95,-0.1568,1967.71,1.12,4885.6696,0.402751344462589,-2917.9596,Critical,Simulated field-force metrics; Sales/Target = real+derived
321500,1,Northeast,2015-09-01 00:00:00,26,22,0.846153846153846,480,393,0.81875,-87,0.7391,0.9,-0.1609,0.8248,0.95,-0.1252,1404.66,1.13,4929.29165,0.284961836250854,-3524.63165,Critical,Simulated field-force metrics; Sales/Target = real+derived
321500,1,Northeast,2015-10-01 00:00:00,26,22,0.846153846153846,488,408,0.836065573770492,-80,0.7978,0.9,-0.1022,0.8321,0.95,-0.1179,2440.49,1.14,4972.9137,0.490756555859797,-2532.4237,Critical,Simulated field-force metrics; Sales/Target = real+derived
321500,1,Northeast,2015-11-01 00:00:00,26,23,0.884615384615385,496,412,0.830645161290323,-84,0.7661,0.9,-0.1339,0.809,0.95,-0.141,2197.39,1.15,5016.53575,0.438029371165151,-2819.14575,Critical,Simulated field-force metrics; Sales/Target = real+derived
321500,1,Northeast,2015-12-01 00:00:00,26,21,0.807692307692308,504,392,0.777777777777778,-112,0.7346,0.9,-0.1654,0.7721,0.95,-0.1779,2481.71,1.05,4580.31525,0.54182078406066,-2098.60525,Critical,Simulated field-force metrics; Sales/Target = real+derived
321500,1,Northeast,2016-01-01 00:00:00,26,23,0.884615384615385,480,383,0.797916666666667,-97,0.7677,0.9,-0.1323,0.8575,0.95,-0.0924999999999999,5682.07,1.06,4623.9373,1.228838029443,1058.1327,At Risk,Simulated field-force metrics; Sales/Target = real+derived
321500,1,Northeast,2016-02-01 00:00:00,26,22,0.846153846153846,488,422,0.864754098360656,-66,0.7483,0.9,-0.1517,0.8019,0.95,-0.1481,5516.5,1.07,4667.55935,1.18188106167306,848.94065,At Risk,Simulated field-force metrics; Sales/Target = real+derived
321500,1,Northeast,2016-03-01 00:00:00,26,22,0.846153846153846,496,407,0.820564516129032,-89,0.8104,0.9,-0.0896,0.7579,0.95,-0.1921,5642.28,1.08,4711.1814,1.19763590508317,931.0986,Healthy,Simulated field-force metrics; Sales/Target = real+derived
321500,1,Northeast,2016-04-01 00:00:00,26,23,0.884615384615385,504,426,0.845238095238095,-78,0.7601,0.9,-0.1399,0.7603,0.95,-0.1897,6448.93,1.09,4754.80345,1.35629791384963,1694.12655,At Risk,Simulated field-force metrics; Sales/Target = real+derived
321500,1,Northeast,2016-05-01 00:00:00,26,23,0.884615384615385,480,391,0.814583333333333,-89,0.7891,0.9,-0.1109,0.816,0.95,-0.134,12428.29,1.1,4798.4255,2.59007668244511,7629.8645,At Risk,Simulated field-force metrics; Sales/Target = real+derived
321500,1,Northeast,2016-06-01 00:00:00,26,24,0.923076923076923,488,403,0.825819672131148,-85,0.7451,0.9,-0.1549,0.8149,0.95,-0.1351,13759.19,1.11,4842.04755,2.8416057169864,8917.14245,At Risk,Simulated field-force metrics; Sales/Target = real+derived
321500,1,Northeast,2016-07-01 00:00:00,26,23,0.884615384615385,496,441,0.889112903225807,-55,0.8102,0.9,-0.0898,0.8309,0.95,-0.1191,7925.14,1.12,4885.6696,1.62211951459018,3039.4704,Healthy,Simulated field-force metrics; Sales/Target = real+derived
321500,1,Northeast,2016-08-01 00:00:00,26,24,0.923076923076923,504,397,0.787698412698413,-107,0.7586,0.9,-0.1414,0.7782,0.95,-0.1718,9186.15,1.13,4929.29165,1.86358419266996,4256.85835,At Risk,Simulated field-force metrics; Sales/Target = real+derived
321500,1,Northeast,2016-09-01 00:00:00,26,22,0.846153846153846,480,374,0.779166666666667,-106,0.8032,0.9,-0.0968,0.8095,0.95,-0.1405,7989.47,1.14,4972.9137,1.60659735559055,3016.5563,Healthy,Simulated field-force metrics; Sales/Target = real+derived
321500,1,Northeast,2016-10-01 00:00:00,26,22,0.846153846153846,488,388,0.795081967213115,-100,0.7919,0.9,-0.1081,0.845,0.95,-0.105,9715.14,1.15,5016.53575,1.93662329626576,4698.60425,At Risk,Simulated field-force metrics; Sales/Target = real+derived
321500,1,Northeast,2016-11-01 00:00:00,26,24,0.923076923076923,496,472,0.951612903225807,-24,0.7954,0.9,-0.1046,0.7815,0.95,-0.1685,11330.68,1.05,4580.31525,2.47377732351501,6750.36475,At Risk,Simulated field-force metrics; Sales/Target = real+derived
321500,1,Northeast,2016-12-01 00:00:00,26,21,0.807692307692308,504,426,0.845238095238095,-78,0.7525,0.9,-0.1475,0.7952,0.95,-0.1548,14428.46,1.06,4623.9373,3.12038400693712,9804.5227,At Risk,Simulated field-force metrics; Sales/Target = real+derived
321500,1,Northeast,2017-01-01 00:00:00,26,22,0.846153846153846,480,398,0.829166666666667,-82,0.8183,0.9,-0.0817,0.8251,0.95,-0.1249,0,1.07,4667.55935,0,-4667.55935,Critical,Simulated field-force metrics; Sales/Target = real+derived
321510,1,Northeast,2015-01-01 00:00:00,26,19,0.730769230769231,492,271,0.550813008130081,-221,0.4534,0.9,-0.4466,0.5058,0.95,-0.4442,3736.05,1.08,3834.4746,0.974331659414304,-98.4246000000003,Critical,Simulated field-force metrics; Sales/Target = real+derived
321510,1,Northeast,2015-02-01 00:00:00,26,19,0.730769230769231,500,332,0.664,-168,0.5166,0.9,-0.3834,0.5667,0.95,-0.3833,4375.7,1.09,3869.97899444444,1.13067797171032,505.721005555555,Critical,Simulated field-force metrics; Sales/Target = real+derived
321510,1,Northeast,2015-03-01 00:00:00,26,19,0.730769230769231,508,279,0.549212598425197,-229,0.4782,0.9,-0.4218,0.5012,0.95,-0.4488,3861.13,1.1,3905.48338888889,0.988643303665028,-44.3533888888887,Critical,Simulated field-force metrics; Sales/Target = real+derived
321510,1,Northeast,2015-04-01 00:00:00,26,21,0.807692307692308,516,289,0.560077519379845,-227,0.5414,0.9,-0.3586,0.5044,0.95,-0.4456,3810.28,1.11,3940.98778333333,0.966833750694152,-130.707783333334,Critical,Simulated field-force metrics; Sales/Target = real+derived
321510,1,Northeast,2015-05-01 00:00:00,26,20,0.769230769230769,492,299,0.607723577235772,-193,0.5065,0.9,-0.3935,0.5294,0.95,-0.4206,2744.16,1.12,3976.49217777778,0.690095661531905,-1232.33217777778,Critical,Simulated field-force metrics; Sales/Target = real+derived
321510,1,Northeast,2015-06-01 00:00:00,26,19,0.730769230769231,500,305,0.61,-195,0.4961,0.9,-0.4039,0.4863,0.95,-0.4637,4296.07,1.13,4011.99657222222,1.07080599962239,284.073427777778,Critical,Simulated field-force metrics; Sales/Target = real+derived
321510,1,Northeast,2015-07-01 00:00:00,26,19,0.730769230769231,508,305,0.600393700787402,-203,0.5673,0.9,-0.3327,0.5455,0.95,-0.4045,3562.03,1.14,4047.50096666667,0.880056615016333,-485.470966666666,Critical,Simulated field-force metrics; Sales/Target = real+derived
321510,1,Northeast,2015-08-01 00:00:00,26,19,0.730769230769231,516,312,0.604651162790698,-204,0.5577,0.9,-0.3423,0.5461,0.95,-0.4039,3109.18,1.15,4083.00536111111,0.761492999645216,-973.825361111111,Critical,Simulated field-force metrics; Sales/Target = real+derived
321510,1,Northeast,2015-09-01 00:00:00,26,19,0.730769230769231,492,313,0.636178861788618,-179,0.527,0.9,-0.373,0.5876,0.95,-0.3624,3775.25,1.05,3727.96141666667,1.01268483711283,47.2885833333335,Critical,Simulated field-force metrics; Sales/Target = real+derived
321510,1,Northeast,2015-10-01 00:00:00,26,20,0.769230769230769,500,275,0.55,-225,0.4641,0.9,-0.4359,0.5822,0.95,-0.3678,3567.95,1.06,3763.46581111111,0.948049000329994,-195.515811111111,Critical,Simulated field-force metrics; Sales/Target = real+derived
321510,1,Northeast,2015-11-01 00:00:00,26,21,0.807692307692308,508,297,0.584645669291339,-211,0.4986,0.9,-0.4014,0.5807,0.95,-0.3693,2618.07,1.07,3798.97020555556,0.689152548806878,-1180.90020555556,Critical,Simulated field-force metrics; Sales/Target = real+derived
321510,1,Northeast,2015-12-01 00:00:00,26,19,0.730769230769231,516,287,0.556201550387597,-229,0.5345,0.9,-0.3655,0.5212,0.95,-0.4288,2909.17,1.08,3834.4746,0.758688035122204,-925.3046,Critical,Simulated field-force metrics; Sales/Target = real+derived
321510,1,Northeast,2016-01-01 00:00:00,26,19,0.730769230769231,492,288,0.585365853658537,-204,0.5238,0.9,-0.3762,0.5826,0.95,-0.3674,4605.07,1.09,3869.97899444444,1.18994702726057,735.091005555555,Critical,Simulated field-force metrics; Sales/Target = real+derived
321510,1,Northeast,2016-02-01 00:00:00,26,19,0.730769230769231,500,309,0.618,-191,0.4402,0.9,-0.4598,0.5191,0.95,-0.4309,13281.01,1.1,3905.48338888889,3.40060593722777,9375.52661111111,Critical,Simulated field-force metrics; Sales/Target = real+derived
321510,1,Northeast,2016-03-01 00:00:00,26,19,0.730769230769231,508,279,0.549212598425197,-229,0.4813,0.9,-0.4187,0.5153,0.95,-0.4347,4311.87,1.11,3940.98778333333,1.09410894858268,370.882216666666,Critical,Simulated field-force metrics; Sales/Target = real+derived
321510,1,Northeast,2016-04-01 00:00:00,26,20,0.769230769230769,516,284,0.550387596899225,-232,0.5131,0.9,-0.3869,0.5148,0.95,-0.4352,4606.97,1.12,3976.49217777778,1.15855125422994,630.477822222222,Critical,Simulated field-force metrics; Sales/Target = real+derived
321510,1,Northeast,2016-05-01 00:00:00,26,19,0.730769230769231,492,311,0.632113821138211,-181,0.5308,0.9,-0.3692,0.5812,0.95,-0.3688,3703.29,1.13,4011.99657222222,0.923054128620247,-308.706572222221,Critical,Simulated field-force metrics; Sales/Target = real+derived
321510,1,Northeast,2016-06-01 00:00:00,26,19,0.730769230769231,500,282,0.564,-218,0.5042,0.9,-0.3958,0.5389,0.95,-0.4111,9182.3,1.14,4047.50096666667,2.26863441803255,5134.79903333334,Critical,Simulated field-force metrics; Sales/Target = real+derived
321510,1,Northeast,2016-07-01 00:00:00,26,20,0.769230769230769,508,279,0.549212598425197,-229,0.5152,0.9,-0.3848,0.5401,0.95,-0.4099,4272.17,1.15,4083.00536111111,1.04632975520694,189.164638888889,Critical,Simulated field-force metrics; Sales/Target = real+derived
321510,1,Northeast,2016-08-01 00:00:00,26,21,0.807692307692308,516,345,0.668604651162791,-171,0.4821,0.9,-0.4179,0.5171,0.95,-0.4329,3389.66,1.05,3727.96141666667,0.909252972642309,-338.301416666667,Critical,Simulated field-force metrics; Sales/Target = real+derived
321510,1,Northeast,2016-09-01 00:00:00,26,18,0.692307692307692,492,280,0.569105691056911,-212,0.523,0.9,-0.377,0.5755,0.95,-0.3745,5392.3,1.06,3763.46581111111,1.43280164365516,1628.83418888889,Critical,Simulated field-force metrics; Sales/Target = real+derived
321510,1,Northeast,2016-10-01 00:00:00,26,19,0.730769230769231,500,283,0.566,-217,0.4368,0.9,-0.4632,0.5146,0.95,-0.4354,5684.18,1.07,3798.97020555556,1.49624232158692,1885.20979444445,Critical,Simulated field-force metrics; Sales/Target = real+derived
321510,1,Northeast,2016-11-01 00:00:00,26,19,0.730769230769231,508,290,0.570866141732283,-218,0.4813,0.9,-0.4187,0.5237,0.95,-0.4263,6141.32,1.08,3834.4746,1.60160664514507,2306.8454,Critical,Simulated field-force metrics; Sales/Target = real+derived
321510,1,Northeast,2016-12-01 00:00:00,26,18,0.692307692307692,516,284,0.550387596899225,-232,0.5865,0.9,-0.3135,0.4977,0.95,-0.4523,9447.89,1.09,3869.97899444444,2.44132849650164,5577.91100555556,Critical,Simulated field-force metrics; Sales/Target = real+derived
321510,1,Northeast,2017-01-01 00:00:00,26,19,0.730769230769231,492,328,0.666666666666667,-164,0.6137,0.9,-0.2863,0.5059,0.95,-0.4441,0,1.1,3905.48338888889,0,-3905.48338888889,Critical,Simulated field-force metrics; Sales/Target = real+derived
321520,1,Northeast,2015-01-01 00:00:00,26,23,0.884615384615385,504,468,0.928571428571429,-36,0.9306,0.9,0.0306,0.8821,0.95,-0.0679,3063.31,1.11,7145.4951,0.428705073214591,-4082.1851,Critical,Simulated field-force metrics; Sales/Target = real+derived
321520,1,Northeast,2015-02-01 00:00:00,26,23,0.884615384615385,512,484,0.9453125,-28,0.8853,0.9,-0.0147,0.8967,0.95,-0.0532999999999999,2335.54,1.12,7209.86892972973,0.323936540700408,-4874.32892972973,Critical,Simulated field-force metrics; Sales/Target = real+derived
321520,1,Northeast,2015-03-01 00:00:00,26,24,0.923076923076923,520,447,0.859615384615385,-73,0.8618,0.9,-0.0382,0.897,0.95,-0.0529999999999999,2406.04,1.13,7274.24275945946,0.330761576092738,-4868.20275945946,Critical,Simulated field-force metrics; Sales/Target = real+derived
321520,1,Northeast,2015-04-01 00:00:00,26,24,0.923076923076923,528,471,0.892045454545455,-57,0.8866,0.9,-0.0134,0.9455,0.95,-0.00449999999999995,2482.59,1.14,7338.61658918919,0.338291280083661,-4856.02658918919,Critical,Simulated field-force metrics; Sales/Target = real+derived
321520,1,Northeast,2015-05-01 00:00:00,26,24,0.923076923076923,504,468,0.928571428571429,-36,0.872,0.9,-0.028,0.9079,0.95,-0.0420999999999999,3282.41,1.15,7402.99041891892,0.443389740396198,-4120.58041891892,Critical,Simulated field-force metrics; Sales/Target = real+derived
321520,1,Northeast,2015-06-01 00:00:00,26,23,0.884615384615385,512,475,0.927734375,-37,0.8667,0.9,-0.0333,0.98,0.95,0.03,3633.58,1.05,6759.25212162162,0.537571307390182,-3125.67212162162,Critical,Simulated field-force metrics; Sales/Target = real+derived
321520,1,Northeast,2015-07-01 00:00:00,26,25,0.961538461538462,520,484,0.930769230769231,-36,0.8434,0.9,-0.0566,0.8647,0.95,-0.0852999999999999,5462.19,1.06,6823.62595135135,0.800482036814792,-1361.43595135135,At Risk,Simulated field-force metrics; Sales/Target = real+derived
321520,1,Northeast,2015-08-01 00:00:00,26,24,0.923076923076923,528,489,0.926136363636364,-39,0.8869,0.9,-0.0131,0.8491,0.95,-0.1009,6056.84,1.07,6887.99978108108,0.879332199840658,-831.159781081082,At Risk,Simulated field-force metrics; Sales/Target = real+derived
321520,1,Northeast,2015-09-01 00:00:00,26,24,0.923076923076923,504,470,0.932539682539683,-34,0.8312,0.9,-0.0688,0.8853,0.95,-0.0647,6621.58,1.08,6952.37361081081,0.952420046831713,-330.793610810812,Healthy,Simulated field-force metrics; Sales/Target = real+derived
321520,1,Northeast,2015-10-01 00:00:00,26,24,0.923076923076923,512,470,0.91796875,-42,0.8599,0.9,-0.0401,0.9024,0.95,-0.0476,8464.32,1.09,7016.74744054054,1.20630250293688,1447.57255945946,Healthy,Simulated field-force metrics; Sales/Target = real+derived
321520,1,Northeast,2015-11-01 00:00:00,26,23,0.884615384615385,520,479,0.921153846153846,-41,0.9216,0.9,0.0216,0.8255,0.95,-0.1245,8436,1.1,7081.12127027027,1.19133674993226,1354.87872972973,Healthy,Simulated field-force metrics; Sales/Target = real+derived
321520,1,Northeast,2015-12-01 00:00:00,26,23,0.884615384615385,528,487,0.922348484848485,-41,0.8805,0.9,-0.0195000000000001,0.8961,0.95,-0.0539,8141,1.11,7145.4951,1.13931923345662,995.504899999999,Healthy,Simulated field-force metrics; Sales/Target = real+derived
321520,1,Northeast,2016-01-01 00:00:00,26,22,0.846153846153846,504,468,0.928571428571429,-36,0.9305,0.9,0.0305,0.863,0.95,-0.087,8938.68,1.12,7209.86892972973,1.23978398041906,1728.81107027027,Healthy,Simulated field-force metrics; Sales/Target = real+derived
321520,1,Northeast,2016-02-01 00:00:00,26,24,0.923076923076923,512,462,0.90234375,-50,0.8679,0.9,-0.0321,0.8704,0.95,-0.0796,10953.25,1.13,7274.24275945946,1.50575810599067,3679.00724054054,Healthy,Simulated field-force metrics; Sales/Target = real+derived
321520,1,Northeast,2016-03-01 00:00:00,26,23,0.884615384615385,520,503,0.967307692307692,-17,0.8905,0.9,-0.00950000000000006,0.9713,0.95,0.0213000000000001,14944.95,1.14,7338.61658918919,2.03648055711427,7606.33341081081,Healthy,Simulated field-force metrics; Sales/Target = real+derived
321520,1,Northeast,2016-04-01 00:00:00,26,24,0.923076923076923,528,492,0.931818181818182,-36,0.9311,0.9,0.0311,0.9321,0.95,-0.0178999999999999,13673.67,1.15,7402.99041891892,1.84704683192023,6270.67958108108,Healthy,Simulated field-force metrics; Sales/Target = real+derived
321520,1,Northeast,2016-05-01 00:00:00,26,24,0.923076923076923,504,455,0.902777777777778,-49,0.8724,0.9,-0.0276000000000001,0.8835,0.95,-0.0665,13054.79,1.05,6759.25212162162,1.93139562855484,6295.53787837838,Healthy,Simulated field-force metrics; Sales/Target = real+derived
321520,1,Northeast,2016-06-01 00:00:00,26,24,0.923076923076923,512,444,0.8671875,-68,0.8975,0.9,-0.00250000000000006,0.905,0.95,-0.0449999999999999,10513.03,1.06,6823.62595135135,1.54068087479473,3689.40404864865,Healthy,Simulated field-force metrics; Sales/Target = real+derived
321520,1,Northeast,2016-07-01 00:00:00,26,24,0.923076923076923,520,491,0.944230769230769,-29,0.9338,0.9,0.0337999999999999,0.9427,0.95,-0.00729999999999997,9976.99,1.07,6887.99978108108,1.44845968598943,3088.99021891892,Healthy,Simulated field-force metrics; Sales/Target = real+derived
321520,1,Northeast,2016-08-01 00:00:00,26,23,0.884615384615385,528,482,0.912878787878788,-46,0.8291,0.9,-0.0709000000000001,0.8833,0.95,-0.0667,9889.81,1.08,6952.37361081081,1.42250841994762,2937.43638918919,Healthy,Simulated field-force metrics; Sales/Target = real+derived
321520,1,Northeast,2016-09-01 00:00:00,26,25,0.961538461538462,504,474,0.940476190476191,-30,0.8456,0.9,-0.0544,0.8684,0.95,-0.0816,16160.93,1.09,7016.74744054054,2.30319391383923,9144.18255945946,Healthy,Simulated field-force metrics; Sales/Target = real+derived
321520,1,Northeast,2016-10-01 00:00:00,26,24,0.923076923076923,512,444,0.8671875,-68,0.8466,0.9,-0.0534,0.915,0.95,-0.0349999999999999,8068.77,1.1,7081.12127027027,1.13947631907906,987.648729729728,Healthy,Simulated field-force metrics; Sales/Target = real+derived
321520,1,Northeast,2016-11-01 00:00:00,26,24,0.923076923076923,520,489,0.940384615384615,-31,0.7899,0.9,-0.1101,0.9062,0.95,-0.0438,19110.29,1.11,7145.4951,2.67445288710645,11964.7949,At Risk,Simulated field-force metrics; Sales/Target = real+derived
321520,1,Northeast,2016-12-01 00:00:00,26,24,0.923076923076923,528,492,0.931818181818182,-36,0.9267,0.9,0.0266999999999999,0.8439,0.95,-0.1061,13413.52,1.12,7209.86892972973,1.86043881389988,6203.65107027027,Healthy,Simulated field-force metrics; Sales/Target = real+derived
321520,1,Northeast,2017-01-01 00:00:00,26,23,0.884615384615385,504,473,0.938492063492064,-31,0.8147,0.9,-0.0853,0.9509,0.95,0.000900000000000012,0,1.13,7274.24275945946,0,-7274.24275945946,Critical,Simulated field-force metrics; Sales/Target = real+derived
321530,1,Northeast,2015-01-01 00:00:00,26,24,0.923076923076923,516,507,0.982558139534884,-9,0.8881,0.9,-0.0119,0.973,0.95,0.023,1622.67,1.14,3460.41549375,0.468923458160089,-1837.74549375,Critical,Simulated field-force metrics; Sales/Target = real+derived
321530,1,Northeast,2015-02-01 00:00:00,26,25,0.961538461538462,524,502,0.958015267175573,-22,0.9163,0.9,0.0163,0.9582,0.95,0.0082000000000001,1807.91,1.15,3490.770015625,0.517911518635611,-1682.860015625,Critical,Simulated field-force metrics; Sales/Target = real+derived
321530,1,Northeast,2015-03-01 00:00:00,26,23,0.884615384615385,532,502,0.943609022556391,-30,0.9028,0.9,0.00280000000000002,0.9601,0.95,0.0101,1988.69,1.05,3187.224796875,0.6239566164112,-1198.534796875,Critical,Simulated field-force metrics; Sales/Target = real+derived
321530,1,Northeast,2015-04-01 00:00:00,26,25,0.961538461538462,540,490,0.907407407407407,-50,0.9037,0.9,0.00369999999999993,0.98,0.95,0.03,1977.77,1.06,3217.57931875,0.614676377509893,-1239.80931875,Critical,Simulated field-force metrics; Sales/Target = real+derived
321530,1,Northeast,2015-05-01 00:00:00,26,24,0.923076923076923,516,473,0.916666666666667,-43,0.9152,0.9,0.0152,0.9781,0.95,0.0281,1958.48,1.07,3247.933840625,0.602992578082542,-1289.453840625,Critical,Simulated field-force metrics; Sales/Target = real+derived
321530,1,Northeast,2015-06-01 00:00:00,26,24,0.923076923076923,524,519,0.990458015267176,-5,0.9381,0.9,0.0381,0.98,0.95,0.03,2441.03,1.08,3278.2883625,0.744605028624903,-837.2583625,Critical,Simulated field-force metrics; Sales/Target = real+derived
321530,1,Northeast,2015-07-01 00:00:00,26,24,0.923076923076923,532,527,0.990601503759399,-5,0.9009,0.9,0.000900000000000012,0.8763,0.95,-0.0737,7417.96,1.09,3308.642884375,2.24199475713477,4109.317115625,Healthy,Simulated field-force metrics; Sales/Target = real+derived
321530,1,Northeast,2015-08-01 00:00:00,26,25,0.961538461538462,540,503,0.931481481481482,-37,0.9119,0.9,0.0119,0.98,0.95,0.03,1511.97,1.1,3338.99740625,0.452821555707071,-1827.02740625,Critical,Simulated field-force metrics; Sales/Target = real+derived
321530,1,Northeast,2015-09-01 00:00:00,26,23,0.884615384615385,516,464,0.89922480620155,-52,0.8521,0.9,-0.0479000000000001,0.9113,0.95,-0.0387,1764.14,1.11,3369.351928125,0.523584368042468,-1605.211928125,Critical,Simulated field-force metrics; Sales/Target = real+derived
321530,1,Northeast,2015-10-01 00:00:00,26,24,0.923076923076923,524,508,0.969465648854962,-16,0.9178,0.9,0.0177999999999999,0.8995,0.95,-0.0505,1851.51,1.12,3399.70645,0.544608785267328,-1548.19645,Critical,Simulated field-force metrics; Sales/Target = real+derived
321530,1,Northeast,2015-11-01 00:00:00,26,23,0.884615384615385,532,506,0.951127819548872,-26,0.8916,0.9,-0.00840000000000007,0.9611,0.95,0.0111,2131.28,1.13,3430.060971875,0.621353386273762,-1298.780971875,Critical,Simulated field-force metrics; Sales/Target = real+derived
321530,1,Northeast,2015-12-01 00:00:00,26,24,0.923076923076923,540,516,0.955555555555556,-24,0.9347,0.9,0.0347,0.9595,0.95,0.00950000000000006,2637.15,1.14,3460.41549375,0.762090565356405,-823.26549375,Critical,Simulated field-force metrics; Sales/Target = real+derived
321530,1,Northeast,2016-01-01 00:00:00,26,24,0.923076923076923,516,475,0.920542635658915,-41,0.9018,0.9,0.00180000000000002,0.9535,0.95,0.00350000000000006,2831.47,1.15,3490.770015625,0.811130491933323,-659.300015625,At Risk,Simulated field-force metrics; Sales/Target = real+derived
321530,1,Northeast,2016-02-01 00:00:00,26,25,0.961538461538462,524,489,0.933206106870229,-35,0.9264,0.9,0.0264,0.941,0.95,-0.00900000000000001,3103.44,1.05,3187.224796875,0.97371230389612,-83.7847968750002,Healthy,Simulated field-force metrics; Sales/Target = real+derived
321530,1,Northeast,2016-03-01 00:00:00,26,24,0.923076923076923,532,523,0.983082706766917,-9,0.8384,0.9,-0.0616,0.8917,0.95,-0.0582999999999999,2943.18,1.06,3217.57931875,0.914718708828412,-274.39931875,Healthy,Simulated field-force metrics; Sales/Target = real+derived
321530,1,Northeast,2016-04-01 00:00:00,26,23,0.884615384615385,540,462,0.855555555555556,-78,0.8844,0.9,-0.0156000000000001,0.9702,0.95,0.0202,2806.66,1.07,3247.933840625,0.864137059965456,-441.273840625001,At Risk,Simulated field-force metrics; Sales/Target = real+derived
321530,1,Northeast,2016-05-01 00:00:00,26,24,0.923076923076923,516,494,0.957364341085271,-22,0.9462,0.9,0.0462,0.98,0.95,0.03,4673.88,1.08,3278.2883625,1.42570740678704,1395.5916375,Healthy,Simulated field-force metrics; Sales/Target = real+derived
321530,1,Northeast,2016-06-01 00:00:00,26,24,0.923076923076923,524,519,0.990458015267176,-5,0.9113,0.9,0.0113,0.9187,0.95,-0.0313,3526.78,1.09,3308.642884375,1.06592948324981,218.137115625,Healthy,Simulated field-force metrics; Sales/Target = real+derived
321530,1,Northeast,2016-07-01 00:00:00,26,24,0.923076923076923,532,474,0.890977443609023,-58,0.877,0.9,-0.023,0.9303,0.95,-0.0196999999999999,5485.12,1.1,3338.99740625,1.64274461241954,2146.12259375,Healthy,Simulated field-force metrics; Sales/Target = real+derived
321530,1,Northeast,2016-08-01 00:00:00,26,25,0.961538461538462,540,535,0.990740740740741,-5,0.8597,0.9,-0.0403,0.954,0.95,0.004,4752.77,1.11,3369.351928125,1.41058877237702,1383.418071875,Healthy,Simulated field-force metrics; Sales/Target = real+derived
321530,1,Northeast,2016-09-01 00:00:00,26,23,0.884615384615385,516,500,0.968992248062015,-16,0.9035,0.9,0.00349999999999995,0.8827,0.95,-0.0672999999999999,2943.83,1.12,3399.70645,0.865907113833313,-455.876450000001,At Risk,Simulated field-force metrics; Sales/Target = real+derived
321530,1,Northeast,2016-10-01 00:00:00,26,25,0.961538461538462,524,485,0.925572519083969,-39,0.8894,0.9,-0.0106000000000001,0.9073,0.95,-0.0427,3213.7,1.13,3430.060971875,0.936922120729321,-216.360971875,Healthy,Simulated field-force metrics; Sales/Target = real+derived
321530,1,Northeast,2016-11-01 00:00:00,26,24,0.923076923076923,532,514,0.966165413533835,-18,0.9015,0.9,0.00149999999999995,0.958,0.95,0.00800000000000001,2644.43,1.14,3460.41549375,0.764194358965337,-815.98549375,Critical,Simulated field-force metrics; Sales/Target = real+derived
321530,1,Northeast,2016-12-01 00:00:00,26,24,0.923076923076923,540,535,0.990740740740741,-5,0.8961,0.9,-0.00390000000000001,0.894,0.95,-0.0559999999999999,10222.62,1.15,3490.770015625,2.928471355673,6731.849984375,Healthy,Simulated field-force metrics; Sales/Target = real+derived
321530,1,Northeast,2017-01-01 00:00:00,26,25,0.961538461538462,516,483,0.936046511627907,-33,0.9471,0.9,0.0471,0.9668,0.95,0.0168,0,1.05,3187.224796875,0,-3187.224796875,Critical,Simulated field-force metrics; Sales/Target = real+derived
321540,1,Northeast,2015-01-01 00:00:00,26,18,0.692307692307692,528,290,0.549242424242424,-238,0.4,0.9,-0.5,0.45,0.95,-0.5,1480.47,1.06,2725.72011851852,0.543148208776719,-1245.25011851852,Critical,Simulated field-force metrics; Sales/Target = real+derived
321540,1,Northeast,2015-02-01 00:00:00,26,18,0.692307692307692,536,295,0.550373134328358,-241,0.4,0.9,-0.5,0.45,0.95,-0.5,0,1.07,2751.43445925926,0,-2751.43445925926,Critical,Simulated field-force metrics; Sales/Target = real+derived
321540,1,Northeast,2015-03-01 00:00:00,26,18,0.692307692307692,544,299,0.549632352941177,-245,0.4,0.9,-0.5,0.45,0.95,-0.5,0,1.08,2777.1488,0,-2777.1488,Critical,Simulated field-force metrics; Sales/Target = real+derived
321540,1,Northeast,2015-04-01 00:00:00,26,18,0.692307692307692,552,304,0.550724637681159,-248,0.4,0.9,-0.5,0.45,0.95,-0.5,0,1.09,2802.86314074074,0,-2802.86314074074,Critical,Simulated field-force metrics; Sales/Target = real+derived
321540,1,Northeast,2015-05-01 00:00:00,26,18,0.692307692307692,528,290,0.549242424242424,-238,0.4,0.9,-0.5,0.45,0.95,-0.5,0,1.1,2828.57748148148,0,-2828.57748148148,Critical,Simulated field-force metrics; Sales/Target = real+derived
321540,1,Northeast,2015-06-01 00:00:00,26,18,0.692307692307692,536,295,0.550373134328358,-241,0.4,0.9,-0.5,0.45,0.95,-0.5,0,1.11,2854.29182222222,0,-2854.29182222222,Critical,Simulated field-force metrics; Sales/Target = real+derived
321540,1,Northeast,2015-07-01 00:00:00,26,18,0.692307692307692,544,299,0.549632352941177,-245,0.4,0.9,-0.5,0.45,0.95,-0.5,0,1.12,2880.00616296296,0,-2880.00616296296,Critical,Simulated field-force metrics; Sales/Target = real+derived
321540,1,Northeast,2015-08-01 00:00:00,26,18,0.692307692307692,552,304,0.550724637681159,-248,0.4,0.9,-0.5,0.45,0.95,-0.5,0,1.13,2905.7205037037,0,-2905.7205037037,Critical,Simulated field-force metrics; Sales/Target = real+derived
321540,1,Northeast,2015-09-01 00:00:00,26,18,0.692307692307692,528,290,0.549242424242424,-238,0.4,0.9,-0.5,0.45,0.95,-0.5,0,1.14,2931.43484444444,0,-2931.43484444444,Critical,Simulated field-force metrics; Sales/Target = real+derived
321540,1,Northeast,2015-10-01 00:00:00,26,18,0.692307692307692,536,295,0.550373134328358,-241,0.4,0.9,-0.5,0.45,0.95,-0.5,0,1.15,2957.14918518518,0,-2957.14918518518,Critical,Simulated field-force metrics; Sales/Target = real+derived
321540,1,Northeast,2015-11-01 00:00:00,26,18,0.692307692307692,544,299,0.549632352941177,-245,0.4,0.9,-0.5,0.45,0.95,-0.5,0,1.05,2700.00577777778,0,-2700.00577777778,Critical,Simulated field-force metrics; Sales/Target = real+derived
321540,1,Northeast,2015-12-01 00:00:00,26,18,0.692307692307692,552,304,0.550724637681159,-248,0.4,0.9,-0.5,0.45,0.95,-0.5,2581.19,1.06,2725.72011851852,0.946975436862874,-144.530118518519,Critical,Simulated field-force metrics; Sales/Target = real+derived
321540,1,Northeast,2016-01-01 00:00:00,26,18,0.692307692307692,528,290,0.549242424242424,-238,0.4,0.9,-0.5,0.45,0.95,-0.5,2577.35,1.07,2751.43445925926,0.936729563492446,-174.084459259259,Critical,Simulated field-force metrics; Sales/Target = real+derived
321540,1,Northeast,2016-02-01 00:00:00,26,18,0.692307692307692,536,295,0.550373134328358,-241,0.4,0.9,-0.5,0.45,0.95,-0.5,2604.85,1.08,2777.1488,0.937958383792759,-172.2988,Critical,Simulated field-force metrics; Sales/Target = real+derived
321540,1,Northeast,2016-03-01 00:00:00,26,19,0.730769230769231,544,299,0.549632352941177,-245,0.4,0.9,-0.5,0.45,0.95,-0.5,5136.95,1.09,2802.86314074074,1.83275092006184,2334.08685925926,Critical,Simulated field-force metrics; Sales/Target = real+derived
321540,1,Northeast,2016-04-01 00:00:00,26,18,0.692307692307692,552,304,0.550724637681159,-248,0.4,0.9,-0.5,0.45,0.95,-0.5,2488.3,1.1,2828.57748148148,0.879700137716129,-340.277481481482,Critical,Simulated field-force metrics; Sales/Target = real+derived
321540,1,Northeast,2016-05-01 00:00:00,26,18,0.692307692307692,528,290,0.549242424242424,-238,0.4,0.9,-0.5,0.45,0.95,-0.5,2771.55,1.11,2854.29182222222,0.97101143562896,-82.7418222222223,Critical,Simulated field-force metrics; Sales/Target = real+derived
321540,1,Northeast,2016-06-01 00:00:00,26,18,0.692307692307692,536,295,0.550373134328358,-241,0.4,0.9,-0.5,0.45,0.95,-0.5,2465.1,1.12,2880.00616296296,0.855935668368117,-414.906162962963,Critical,Simulated field-force metrics; Sales/Target = real+derived
321540,1,Northeast,2016-07-01 00:00:00,26,18,0.692307692307692,544,299,0.549632352941177,-245,0.4,0.9,-0.5,0.45,0.95,-0.5,2193.22,1.13,2905.7205037037,0.754793861696081,-712.500503703704,Critical,Simulated field-force metrics; Sales/Target = real+derived
321540,1,Northeast,2016-08-01 00:00:00,26,18,0.692307692307692,552,304,0.550724637681159,-248,0.4,0.9,-0.5,0.45,0.95,-0.5,5010.01,1.14,2931.43484444444,1.70906408153495,2078.57515555556,Critical,Simulated field-force metrics; Sales/Target = real+derived
321540,1,Northeast,2016-09-01 00:00:00,26,18,0.692307692307692,528,290,0.549242424242424,-238,0.4,0.9,-0.5,0.45,0.95,-0.5,2518.86,1.15,2957.14918518518,0.85178658304392,-438.289185185185,Critical,Simulated field-force metrics; Sales/Target = real+derived
321540,1,Northeast,2016-10-01 00:00:00,26,18,0.692307692307692,536,295,0.550373134328358,-241,0.4,0.9,-0.5,0.45,0.95,-0.5,9246.22,1.05,2700.00577777778,3.42451859773798,6546.21422222222,Critical,Simulated field-force metrics; Sales/Target = real+derived
321540,1,Northeast,2016-11-01 00:00:00,26,18,0.692307692307692,544,299,0.549632352941177,-245,0.4,0.9,-0.5,0.45,0.95,-0.5,7076.28,1.06,2725.72011851852,2.59611394138518,4350.55988148148,Critical,Simulated field-force metrics; Sales/Target = real+derived
321540,1,Northeast,2016-12-01 00:00:00,26,18,0.692307692307692,552,304,0.550724637681159,-248,0.4,0.9,-0.5,0.45,0.95,-0.5,6910.68,1.07,2751.43445925926,2.51166440717635,4159.24554074074,Critical,Simulated field-force metrics; Sales/Target = real+derived
321540,1,Northeast,2017-01-01 00:00:00,26,18,0.692307692307692,528,290,0.549242424242424,-238,0.4,0.9,-0.5,0.45,0.95,-0.5,0,1.08,2777.1488,0,-2777.1488,Critical,Simulated field-force metrics; Sales/Target = real+derived
321550,1,Northeast,2015-01-01 00:00:00,26,19,0.730769230769231,540,307,0.568518518518519,-233,0.4699,0.9,-0.4301,0.5493,0.95,-0.4007,2836.12,1.09,3828.92898888889,0.740708435238703,-992.808988888889,Critical,Simulated field-force metrics; Sales/Target = real+derived
321550,1,Northeast,2015-02-01 00:00:00,26,19,0.730769230769231,548,301,0.549270072992701,-247,0.4332,0.9,-0.4668,0.45,0.95,-0.5,1639.35,1.1,3864.05677777778,0.424256188322054,-2224.70677777778,Critical,Simulated field-force metrics; Sales/Target = real+derived
321550,1,Northeast,2015-03-01 00:00:00,26,18,0.692307692307692,556,306,0.550359712230216,-250,0.4571,0.9,-0.4429,0.4879,0.95,-0.4621,5905.77,1.11,3899.18456666667,1.51461668434144,2006.58543333333,Critical,Simulated field-force metrics; Sales/Target = real+derived
321550,1,Northeast,2015-04-01 00:00:00,26,19,0.730769230769231,564,310,0.549645390070922,-254,0.4911,0.9,-0.4089,0.5071,0.95,-0.4429,1810.33,1.12,3934.31235555556,0.460138859448633,-2123.98235555556,Critical,Simulated field-force metrics; Sales/Target = real+derived
321550,1,Northeast,2015-05-01 00:00:00,26,19,0.730769230769231,540,297,0.55,-243,0.4788,0.9,-0.4212,0.486,0.95,-0.464,1851.48,1.13,3969.44014444444,0.466433535366769,-2117.96014444444,Critical,Simulated field-force metrics; Sales/Target = real+derived
321550,1,Northeast,2015-06-01 00:00:00,26,18,0.692307692307692,548,301,0.549270072992701,-247,0.4687,0.9,-0.4313,0.45,0.95,-0.5,2387.08,1.14,4004.56793333333,0.59608927598165,-1617.48793333333,Critical,Simulated field-force metrics; Sales/Target = real+derived
321550,1,Northeast,2015-07-01 00:00:00,26,19,0.730769230769231,556,306,0.550359712230216,-250,0.5063,0.9,-0.3937,0.5272,0.95,-0.4228,1757.28,1.15,4039.69572222222,0.435003059842667,-2282.41572222222,Critical,Simulated field-force metrics; Sales/Target = real+derived
321550,1,Northeast,2015-08-01 00:00:00,26,19,0.730769230769231,564,316,0.560283687943262,-248,0.4,0.9,-0.5,0.45,0.95,-0.5,3978.01,1.05,3688.41783333333,1.07851392649974,289.592166666667,Critical,Simulated field-force metrics; Sales/Target = real+derived
321550,1,Northeast,2015-09-01 00:00:00,26,19,0.730769230769231,540,297,0.55,-243,0.4846,0.9,-0.4154,0.5502,0.95,-0.3998,1554.43,1.06,3723.54562222222,0.417459635977902,-2169.11562222222,Critical,Simulated field-force metrics; Sales/Target = real+derived
321550,1,Northeast,2015-10-01 00:00:00,26,18,0.692307692307692,548,301,0.549270072992701,-247,0.4678,0.9,-0.4322,0.5342,0.95,-0.4158,4413.61,1.07,3758.67341111111,1.17424674007399,654.936588888889,Critical,Simulated field-force metrics; Sales/Target = real+derived
321550,1,Northeast,2015-11-01 00:00:00,26,18,0.692307692307692,556,309,0.555755395683453,-247,0.5233,0.9,-0.3767,0.45,0.95,-0.5,4872.97,1.08,3793.8012,1.28445581175946,1079.1688,Critical,Simulated field-force metrics; Sales/Target = real+derived
321550,1,Northeast,2015-12-01 00:00:00,26,18,0.692307692307692,564,310,0.549645390070922,-254,0.4413,0.9,-0.4587,0.5023,0.95,-0.4477,4981.72,1.09,3828.92898888889,1.30107401167699,1152.79101111111,Critical,Simulated field-force metrics; Sales/Target = real+derived
321550,1,Northeast,2016-01-01 00:00:00,26,19,0.730769230769231,540,297,0.55,-243,0.4776,0.9,-0.4224,0.459,0.95,-0.491,4377.74,1.1,3864.05677777778,1.13293883909171,513.683222222222,Critical,Simulated field-force metrics; Sales/Target = real+derived
321550,1,Northeast,2016-02-01 00:00:00,26,20,0.769230769230769,548,301,0.549270072992701,-247,0.4373,0.9,-0.4627,0.4921,0.95,-0.4579,3264,1.11,3899.18456666667,0.837098101973236,-635.184566666667,Critical,Simulated field-force metrics; Sales/Target = real+derived
321550,1,Northeast,2016-03-01 00:00:00,26,19,0.730769230769231,556,313,0.56294964028777,-243,0.4006,0.9,-0.4994,0.4865,0.95,-0.4635,5051.96,1.12,3934.31235555556,1.28407699832634,1117.64764444444,Critical,Simulated field-force metrics; Sales/Target = real+derived
321550,1,Northeast,2016-04-01 00:00:00,26,18,0.692307692307692,564,313,0.554964539007092,-251,0.4097,0.9,-0.4903,0.4847,0.95,-0.4653,4825.39,1.13,3969.44014444444,1.21563490678995,855.949855555556,Critical,Simulated field-force metrics; Sales/Target = real+derived
321550,1,Northeast,2016-05-01 00:00:00,26,18,0.692307692307692,540,297,0.55,-243,0.4845,0.9,-0.4155,0.4887,0.95,-0.4613,4391.17,1.14,4004.56793333333,1.09654026928814,386.602066666667,Critical,Simulated field-force metrics; Sales/Target = real+derived
321550,1,Northeast,2016-06-01 00:00:00,26,18,0.692307692307692,548,331,0.604014598540146,-217,0.4441,0.9,-0.4559,0.4754,0.95,-0.4746,1924.69,1.15,4039.69572222222,0.476444299854652,-2115.00572222222,Critical,Simulated field-force metrics; Sales/Target = real+derived
321550,1,Northeast,2016-07-01 00:00:00,26,19,0.730769230769231,556,306,0.550359712230216,-250,0.4761,0.9,-0.4239,0.4603,0.95,-0.4897,2048.67,1.05,3688.41783333333,0.555433275884732,-1639.74783333333,Critical,Simulated field-force metrics; Sales/Target = real+derived
321550,1,Northeast,2016-08-01 00:00:00,26,19,0.730769230769231,564,338,0.599290780141844,-226,0.4231,0.9,-0.4769,0.45,0.95,-0.5,4659.99,1.06,3723.54562222222,1.25149265586785,936.444377777777,Critical,Simulated field-force metrics; Sales/Target = real+derived
321550,1,Northeast,2016-09-01 00:00:00,26,20,0.769230769230769,540,350,0.648148148148148,-190,0.4454,0.9,-0.4546,0.45,0.95,-0.5,4450.89,1.07,3758.67341111111,1.18416513306067,692.216588888889,Critical,Simulated field-force metrics; Sales/Target = real+derived
321550,1,Northeast,2016-10-01 00:00:00,26,19,0.730769230769231,548,301,0.549270072992701,-247,0.4529,0.9,-0.4471,0.45,0.95,-0.5,7852.14,1.08,3793.8012,2.06972890408701,4058.3388,Critical,Simulated field-force metrics; Sales/Target = real+derived
321550,1,Northeast,2016-11-01 00:00:00,26,19,0.730769230769231,556,315,0.566546762589928,-241,0.4073,0.9,-0.4927,0.4932,0.95,-0.4568,4413.66,1.09,3828.92898888889,1.15271398681144,584.731011111111,Critical,Simulated field-force metrics; Sales/Target = real+derived
321550,1,Northeast,2016-12-01 00:00:00,26,20,0.769230769230769,564,312,0.553191489361702,-252,0.4478,0.9,-0.4522,0.4698,0.95,-0.4802,4704.43,1.1,3864.05677777778,1.21748469822059,840.373222222222,Critical,Simulated field-force metrics; Sales/Target = real+derived
321550,1,Northeast,2017-01-01 00:00:00,26,19,0.730769230769231,540,297,0.55,-243,0.4653,0.9,-0.4347,0.4637,0.95,-0.4863,967.31,1.11,3899.18456666667,0.248080075067319,-2931.87456666667,Critical,Simulated field-force metrics; Sales/Target = real+derived
321560,1,Northeast,2015-01-01 00:00:00,26,23,0.884615384615385,552,439,0.795289855072464,-113,0.8039,0.9,-0.0961000000000001,0.747,0.95,-0.203,1120.08,1.12,1387.26118787879,0.807403832664471,-267.181187878788,At Risk,Simulated field-force metrics; Sales/Target = real+derived
321560,1,Northeast,2015-02-01 00:00:00,26,23,0.884615384615385,560,457,0.816071428571429,-103,0.7152,0.9,-0.1848,0.7785,0.95,-0.1715,2827.87,1.13,1399.64744848485,2.02041592906931,1428.22255151515,At Risk,Simulated field-force metrics; Sales/Target = real+derived
321560,1,Northeast,2015-03-01 00:00:00,26,23,0.884615384615385,568,449,0.790492957746479,-119,0.6863,0.9,-0.2137,0.7673,0.95,-0.1827,1017.75,1.14,1412.03370909091,0.720768911852143,-394.283709090909,Critical,Simulated field-force metrics; Sales/Target = real+derived
321560,1,Northeast,2015-04-01 00:00:00,26,22,0.846153846153846,576,455,0.789930555555556,-121,0.7427,0.9,-0.1573,0.7167,0.95,-0.2333,1076.44,1.15,1424.41996969697,0.755704092121793,-347.979969696969,Critical,Simulated field-force metrics; Sales/Target = real+derived
321560,1,Northeast,2015-05-01 00:00:00,26,21,0.807692307692308,552,454,0.822463768115942,-98,0.7273,0.9,-0.1727,0.6843,0.95,-0.2657,0,1.05,1300.55736363636,0,-1300.55736363636,Critical,Simulated field-force metrics; Sales/Target = real+derived
321560,1,Northeast,2015-06-01 00:00:00,26,23,0.884615384615385,560,456,0.814285714285714,-104,0.7206,0.9,-0.1794,0.727,0.95,-0.223,0,1.06,1312.94362424242,0,-1312.94362424242,Critical,Simulated field-force metrics; Sales/Target = real+derived
321560,1,Northeast,2015-07-01 00:00:00,26,23,0.884615384615385,568,464,0.816901408450704,-104,0.829,0.9,-0.0710000000000001,0.8041,0.95,-0.1459,0,1.07,1325.32988484848,0,-1325.32988484848,Critical,Simulated field-force metrics; Sales/Target = real+derived
321560,1,Northeast,2015-08-01 00:00:00,26,22,0.846153846153846,576,459,0.796875,-117,0.7742,0.9,-0.1258,0.803,0.95,-0.147,849.07,1.08,1337.71614545455,0.634716118875498,-488.646145454545,Critical,Simulated field-force metrics; Sales/Target = real+derived
321560,1,Northeast,2015-09-01 00:00:00,26,23,0.884615384615385,552,432,0.782608695652174,-120,0.7303,0.9,-0.1697,0.7578,0.95,-0.1922,753.49,1.09,1350.10240606061,0.558098405437681,-596.612406060606,Critical,Simulated field-force metrics; Sales/Target = real+derived
321560,1,Northeast,2015-10-01 00:00:00,26,23,0.884615384615385,560,483,0.8625,-77,0.7295,0.9,-0.1705,0.7596,0.95,-0.1904,1613.57,1.1,1362.48866666667,1.1842814105365,251.081333333333,At Risk,Simulated field-force metrics; Sales/Target = real+derived
321560,1,Northeast,2015-11-01 00:00:00,26,22,0.846153846153846,568,451,0.794014084507042,-117,0.7789,0.9,-0.1211,0.703,0.95,-0.247,1918.84,1.11,1374.87492727273,1.39564695081487,543.965072727273,At Risk,Simulated field-force metrics; Sales/Target = real+derived
321560,1,Northeast,2015-12-01 00:00:00,26,22,0.846153846153846,576,445,0.772569444444444,-131,0.6644,0.9,-0.2356,0.7309,0.95,-0.2191,987.43,1.12,1387.26118787879,0.71178377123766,-399.831187878788,Critical,Simulated field-force metrics; Sales/Target = real+derived
321560,1,Northeast,2016-01-01 00:00:00,26,22,0.846153846153846,552,439,0.795289855072464,-113,0.7845,0.9,-0.1155,0.7741,0.95,-0.1759,850.9,1.13,1399.64744848485,0.60793880696251,-548.747448484848,Critical,Simulated field-force metrics; Sales/Target = real+derived
321560,1,Northeast,2016-02-01 00:00:00,26,21,0.807692307692308,560,448,0.8,-112,0.7823,0.9,-0.1177,0.7482,0.95,-0.2018,0,1.14,1412.03370909091,0,-1412.03370909091,Critical,Simulated field-force metrics; Sales/Target = real+derived
321560,1,Northeast,2016-03-01 00:00:00,26,22,0.846153846153846,568,469,0.825704225352113,-99,0.7378,0.9,-0.1622,0.7983,0.95,-0.1517,1271.9,1.15,1424.41996969697,0.892924858579864,-152.519969696969,At Risk,Simulated field-force metrics; Sales/Target = real+derived
321560,1,Northeast,2016-04-01 00:00:00,26,22,0.846153846153846,576,479,0.831597222222222,-97,0.7093,0.9,-0.1907,0.771,0.95,-0.179,985.64,1.05,1300.55736363636,0.757859689667318,-314.917363636364,Critical,Simulated field-force metrics; Sales/Target = real+derived
321560,1,Northeast,2016-05-01 00:00:00,26,22,0.846153846153846,552,416,0.753623188405797,-136,0.6908,0.9,-0.2092,0.7926,0.95,-0.1574,1385.83,1.06,1312.94362424242,1.05551371316467,72.8863757575757,Critical,Simulated field-force metrics; Sales/Target = real+derived
321560,1,Northeast,2016-06-01 00:00:00,26,22,0.846153846153846,560,427,0.7625,-133,0.7422,0.9,-0.1578,0.8158,0.95,-0.1342,900.92,1.07,1325.32988484848,0.679770380415888,-424.409884848485,Critical,Simulated field-force metrics; Sales/Target = real+derived
321560,1,Northeast,2016-07-01 00:00:00,26,21,0.807692307692308,568,422,0.742957746478873,-146,0.7133,0.9,-0.1867,0.8231,0.95,-0.1269,1126.96,1.08,1337.71614545455,0.842450772407376,-210.756145454545,At Risk,Simulated field-force metrics; Sales/Target = real+derived
321560,1,Northeast,2016-08-01 00:00:00,26,22,0.846153846153846,576,480,0.833333333333333,-96,0.7057,0.9,-0.1943,0.7317,0.95,-0.2183,937.02,1.09,1350.10240606061,0.69403624183893,-413.082406060606,Critical,Simulated field-force metrics; Sales/Target = real+derived
321560,1,Northeast,2016-09-01 00:00:00,26,22,0.846153846153846,552,445,0.806159420289855,-107,0.7648,0.9,-0.1352,0.7732,0.95,-0.1768,510.93,1.1,1362.48866666667,0.374997614659058,-851.558666666667,Critical,Simulated field-force metrics; Sales/Target = real+derived
321560,1,Northeast,2016-10-01 00:00:00,26,22,0.846153846153846,560,453,0.808928571428571,-107,0.7728,0.9,-0.1272,0.8092,0.95,-0.1408,2699.62,1.11,1374.87492727273,1.96353860736635,1324.74507272727,At Risk,Simulated field-force metrics; Sales/Target = real+derived
321560,1,Northeast,2016-11-01 00:00:00,26,21,0.807692307692308,568,405,0.713028169014085,-163,0.7806,0.9,-0.1194,0.8237,0.95,-0.1263,2203.95,1.12,1387.26118787879,1.58870587547395,816.688812121212,At Risk,Simulated field-force metrics; Sales/Target = real+derived
321560,1,Northeast,2016-12-01 00:00:00,26,21,0.807692307692308,576,420,0.729166666666667,-156,0.749,0.9,-0.151,0.8099,0.95,-0.1401,3700.44,1.13,1399.64744848485,2.64383720629492,2300.79255151515,At Risk,Simulated field-force metrics; Sales/Target = real+derived
321560,1,Northeast,2017-01-01 00:00:00,26,23,0.884615384615385,552,455,0.824275362318841,-97,0.7326,0.9,-0.1674,0.7436,0.95,-0.2064,1036.57,1.14,1412.03370909091,0.734097205559888,-375.463709090909,Critical,Simulated field-force metrics; Sales/Target = real+derived
321570,1,Northeast,2015-01-01 00:00:00,26,21,0.807692307692308,480,341,0.710416666666667,-139,0.6212,0.9,-0.2788,0.75,0.95,-0.2,5342.55,1.15,6197.00251351351,0.862118417468728,-854.452513513513,Critical,Simulated field-force metrics; Sales/Target = real+derived
321570,1,Northeast,2015-02-01 00:00:00,26,22,0.846153846153846,488,375,0.76844262295082,-113,0.6245,0.9,-0.2755,0.7087,0.95,-0.2413,4198.94,1.05,5658.13272972973,0.742107016673073,-1459.19272972973,Critical,Simulated field-force metrics; Sales/Target = real+derived
321570,1,Northeast,2015-03-01 00:00:00,26,22,0.846153846153846,496,367,0.73991935483871,-129,0.7005,0.9,-0.1995,0.7124,0.95,-0.2376,7442.38,1.06,5712.01970810811,1.30293317956093,1730.36029189189,At Risk,Simulated field-force metrics; Sales/Target = real+derived
321570,1,Northeast,2015-04-01 00:00:00,26,22,0.846153846153846,504,377,0.748015873015873,-127,0.6687,0.9,-0.2313,0.623,0.95,-0.327,6467.31,1.07,5765.90668648649,1.12164666402899,701.403313513512,Critical,Simulated field-force metrics; Sales/Target = real+derived
321570,1,Northeast,2015-05-01 00:00:00,26,21,0.807692307692308,480,336,0.7,-144,0.612,0.9,-0.288,0.7357,0.95,-0.2143,5055.4,1.08,5819.79366486487,0.868656225824698,-764.393664864866,Critical,Simulated field-force metrics; Sales/Target = real+derived
321570,1,Northeast,2015-06-01 00:00:00,26,22,0.846153846153846,488,379,0.776639344262295,-109,0.6657,0.9,-0.2343,0.7322,0.95,-0.2178,4543.46,1.09,5873.68064324324,0.773528605990274,-1330.22064324324,Critical,Simulated field-force metrics; Sales/Target = real+derived
321570,1,Northeast,2015-07-01 00:00:00,26,21,0.807692307692308,496,363,0.731854838709677,-133,0.6185,0.9,-0.2815,0.6917,0.95,-0.2583,5344.06,1.1,5927.56762162162,0.901560360190039,-583.507621621623,Critical,Simulated field-force metrics; Sales/Target = real+derived
321570,1,Northeast,2015-08-01 00:00:00,26,21,0.807692307692308,504,338,0.670634920634921,-166,0.655,0.9,-0.245,0.6805,0.95,-0.2695,4510.67,1.11,5981.4546,0.754109209488943,-1470.7846,Critical,Simulated field-force metrics; Sales/Target = real+derived
321570,1,Northeast,2015-09-01 00:00:00,26,22,0.846153846153846,480,364,0.758333333333333,-116,0.6572,0.9,-0.2428,0.6924,0.95,-0.2576,4366.71,1.12,6035.34157837838,0.72352325768002,-1668.63157837838,Critical,Simulated field-force metrics; Sales/Target = real+derived
321570,1,Northeast,2015-10-01 00:00:00,26,21,0.807692307692308,488,349,0.71516393442623,-139,0.6189,0.9,-0.2811,0.6726,0.95,-0.2774,6585.98,1.13,6089.22855675676,1.08157871536815,496.751443243244,Critical,Simulated field-force metrics; Sales/Target = real+derived
321570,1,Northeast,2015-11-01 00:00:00,26,21,0.807692307692308,496,334,0.673387096774194,-162,0.6746,0.9,-0.2254,0.7,0.95,-0.25,4236.38,1.14,6143.11553513513,0.689614247977319,-1906.73553513513,Critical,Simulated field-force metrics; Sales/Target = real+derived
321570,1,Northeast,2015-12-01 00:00:00,26,20,0.769230769230769,504,362,0.718253968253968,-142,0.6916,0.9,-0.2084,0.7259,0.95,-0.2241,6132.76,1.15,6197.00251351351,0.989633292325859,-64.2425135135127,Critical,Simulated field-force metrics; Sales/Target = real+derived
321570,1,Northeast,2016-01-01 00:00:00,26,22,0.846153846153846,480,348,0.725,-132,0.6272,0.9,-0.2728,0.6412,0.95,-0.3088,4755.03,1.05,5658.13272972973,0.840388556990803,-903.10272972973,Critical,Simulated field-force metrics; Sales/Target = real+derived
321570,1,Northeast,2016-02-01 00:00:00,26,21,0.807692307692308,488,360,0.737704918032787,-128,0.7018,0.9,-0.1982,0.7288,0.95,-0.2212,4096.49,1.06,5712.01970810811,0.717170144596159,-1615.52970810811,Critical,Simulated field-force metrics; Sales/Target = real+derived
321570,1,Northeast,2016-03-01 00:00:00,26,21,0.807692307692308,496,334,0.673387096774194,-162,0.6456,0.9,-0.2544,0.6895,0.95,-0.2605,4714.41,1.07,5765.90668648649,0.817635500596832,-1051.49668648649,Critical,Simulated field-force metrics; Sales/Target = real+derived
321570,1,Northeast,2016-04-01 00:00:00,26,21,0.807692307692308,504,353,0.700396825396825,-151,0.6656,0.9,-0.2344,0.6673,0.95,-0.2827,4315.43,1.08,5819.79366486487,0.741509106422969,-1504.36366486487,Critical,Simulated field-force metrics; Sales/Target = real+derived
321570,1,Northeast,2016-05-01 00:00:00,26,21,0.807692307692308,480,353,0.735416666666667,-127,0.6427,0.9,-0.2573,0.69,0.95,-0.26,5066.2,1.09,5873.68064324324,0.862525613446123,-807.480643243244,Critical,Simulated field-force metrics; Sales/Target = real+derived
321570,1,Northeast,2016-06-01 00:00:00,26,21,0.807692307692308,488,331,0.67827868852459,-157,0.6399,0.9,-0.2601,0.7314,0.95,-0.2186,4694.71,1.1,5927.56762162162,0.792012896297529,-1232.85762162162,Critical,Simulated field-force metrics; Sales/Target = real+derived
321570,1,Northeast,2016-07-01 00:00:00,26,20,0.769230769230769,496,317,0.639112903225807,-179,0.5916,0.9,-0.3084,0.6748,0.95,-0.2752,6785.76,1.11,5981.4546,1.13446652257463,804.305399999999,Critical,Simulated field-force metrics; Sales/Target = real+derived
321570,1,Northeast,2016-08-01 00:00:00,26,21,0.807692307692308,504,362,0.718253968253968,-142,0.6992,0.9,-0.2008,0.5964,0.95,-0.3536,31543.44,1.12,6035.34157837838,5.22645480630366,25508.0984216216,Critical,Simulated field-force metrics; Sales/Target = real+derived
321570,1,Northeast,2016-09-01 00:00:00,26,21,0.807692307692308,480,377,0.785416666666667,-103,0.6173,0.9,-0.2827,0.6644,0.95,-0.2856,4148.87,1.13,6089.22855675676,0.68134575034079,-1940.35855675676,Critical,Simulated field-force metrics; Sales/Target = real+derived
321570,1,Northeast,2016-10-01 00:00:00,26,21,0.807692307692308,488,335,0.686475409836066,-153,0.6453,0.9,-0.2547,0.7318,0.95,-0.2182,5436.97,1.14,6143.11553513513,0.885050910877977,-706.145535135134,Critical,Simulated field-force metrics; Sales/Target = real+derived
321570,1,Northeast,2016-11-01 00:00:00,26,22,0.846153846153846,496,352,0.709677419354839,-144,0.7234,0.9,-0.1766,0.6948,0.95,-0.2552,4588.39,1.15,6197.00251351351,0.740420871218676,-1608.61251351351,Critical,Simulated field-force metrics; Sales/Target = real+derived
321570,1,Northeast,2016-12-01 00:00:00,26,22,0.846153846153846,504,363,0.720238095238095,-141,0.6613,0.9,-0.2387,0.6971,0.95,-0.2529,8906.1,1.05,5658.13272972973,1.57403518535441,3247.96727027027,Critical,Simulated field-force metrics; Sales/Target = real+derived
321570,1,Northeast,2017-01-01 00:00:00,26,23,0.884615384615385,480,363,0.75625,-117,0.632,0.9,-0.268,0.7138,0.95,-0.2362,0,1.06,5712.01970810811,0,-5712.01970810811,Critical,Simulated field-force metrics; Sales/Target = real+derived
321580,1,Northeast,2015-01-01 00:00:00,26,22,0.846153846153846,492,373,0.758130081300813,-119,0.7484,0.9,-0.1516,0.7523,0.95,-0.1977,4562.05,1.07,7795.4341027027,0.585220776661857,-3233.3841027027,Critical,Simulated field-force metrics; Sales/Target = real+derived
321580,1,Northeast,2015-02-01 00:00:00,26,22,0.846153846153846,500,389,0.778,-111,0.7284,0.9,-0.1716,0.7631,0.95,-0.1869,4575.81,1.08,7868.28862702703,0.581550857740832,-3292.47862702703,Critical,Simulated field-force metrics; Sales/Target = real+derived
321580,1,Northeast,2015-03-01 00:00:00,26,21,0.807692307692308,508,408,0.803149606299213,-100,0.6823,0.9,-0.2177,0.6908,0.95,-0.2592,5789.53,1.09,7941.14315135135,0.729054984862575,-2151.61315135135,Critical,Simulated field-force metrics; Sales/Target = real+derived
321580,1,Northeast,2015-04-01 00:00:00,26,22,0.846153846153846,516,403,0.781007751937985,-113,0.6924,0.9,-0.2076,0.7719,0.95,-0.1781,6338.14,1.1,8013.99767567568,0.790883683337931,-1675.85767567568,Critical,Simulated field-force metrics; Sales/Target = real+derived
321580,1,Northeast,2015-05-01 00:00:00,26,21,0.807692307692308,492,374,0.760162601626016,-118,0.6962,0.9,-0.2038,0.7418,0.95,-0.2082,12833.51,1.11,8086.8522,1.58695988038461,4746.6578,Critical,Simulated field-force metrics; Sales/Target = real+derived
321580,1,Northeast,2015-06-01 00:00:00,26,22,0.846153846153846,500,368,0.736,-132,0.742,0.9,-0.158,0.7525,0.95,-0.1975,10467.21,1.12,8159.70672432433,1.28279242791863,2307.50327567567,At Risk,Simulated field-force metrics; Sales/Target = real+derived
321580,1,Northeast,2015-07-01 00:00:00,26,21,0.807692307692308,508,355,0.698818897637795,-153,0.7162,0.9,-0.1838,0.7387,0.95,-0.2113,13656.26,1.13,8232.56124864865,1.65881061647026,5423.69875135135,At Risk,Simulated field-force metrics; Sales/Target = real+derived
321580,1,Northeast,2015-08-01 00:00:00,26,22,0.846153846153846,516,400,0.775193798449612,-116,0.7245,0.9,-0.1755,0.7808,0.95,-0.1692,10112.56,1.14,8305.41577297297,1.21758624449696,1807.14422702703,At Risk,Simulated field-force metrics; Sales/Target = real+derived
321580,1,Northeast,2015-09-01 00:00:00,26,21,0.807692307692308,492,359,0.729674796747967,-133,0.6784,0.9,-0.2216,0.7508,0.95,-0.1992,7489.96,1.15,8378.2702972973,0.893974500012986,-888.310297297297,Critical,Simulated field-force metrics; Sales/Target = real+derived
321580,1,Northeast,2015-10-01 00:00:00,26,23,0.884615384615385,500,380,0.76,-120,0.6291,0.9,-0.2709,0.6737,0.95,-0.2763,8088.54,1.05,7649.72505405405,1.05736349252362,438.814945945946,Critical,Simulated field-force metrics; Sales/Target = real+derived
321580,1,Northeast,2015-11-01 00:00:00,26,21,0.807692307692308,508,383,0.753937007874016,-125,0.7023,0.9,-0.1977,0.7457,0.95,-0.2043,9760.7,1.06,7722.57957837838,1.26391705011729,2038.12042162162,At Risk,Simulated field-force metrics; Sales/Target = real+derived
321580,1,Northeast,2015-12-01 00:00:00,26,22,0.846153846153846,516,423,0.819767441860465,-93,0.693,0.9,-0.207,0.7127,0.95,-0.2373,7297.02,1.07,7795.4341027027,0.936063329362261,-498.414102702703,Critical,Simulated field-force metrics; Sales/Target = real+derived
321580,1,Northeast,2016-01-01 00:00:00,26,22,0.846153846153846,492,352,0.715447154471545,-140,0.7303,0.9,-0.1697,0.7521,0.95,-0.1979,12963.6,1.08,7868.28862702703,1.64757555479993,5095.31137297297,At Risk,Simulated field-force metrics; Sales/Target = real+derived
321580,1,Northeast,2016-02-01 00:00:00,26,22,0.846153846153846,500,420,0.84,-80,0.6949,0.9,-0.2051,0.8153,0.95,-0.1347,8869.88,1.09,7941.14315135135,1.11695253831189,928.736848648649,Critical,Simulated field-force metrics; Sales/Target = real+derived
321580,1,Northeast,2016-03-01 00:00:00,26,22,0.846153846153846,508,369,0.726377952755906,-139,0.7191,0.9,-0.1809,0.7092,0.95,-0.2408,13830.55,1.1,8013.99767567568,1.72579910298438,5816.55232432432,At Risk,Simulated field-force metrics; Sales/Target = real+derived
321580,1,Northeast,2016-04-01 00:00:00,26,21,0.807692307692308,516,409,0.792635658914729,-107,0.7361,0.9,-0.1639,0.7276,0.95,-0.2224,22401.98,1.11,8086.8522,2.77017304706026,14315.1278,At Risk,Simulated field-force metrics; Sales/Target = real+derived
321580,1,Northeast,2016-05-01 00:00:00,26,22,0.846153846153846,492,405,0.823170731707317,-87,0.7669,0.9,-0.1331,0.7725,0.95,-0.1775,8882.1,1.12,8159.70672432433,1.08853176959439,722.393275675676,At Risk,Simulated field-force metrics; Sales/Target = real+derived
321580,1,Northeast,2016-06-01 00:00:00,26,23,0.884615384615385,500,351,0.702,-149,0.7055,0.9,-0.1945,0.7145,0.95,-0.2355,9316.07,1.13,8232.56124864865,1.13161259523325,1083.50875135135,At Risk,Simulated field-force metrics; Sales/Target = real+derived
321580,1,Northeast,2016-07-01 00:00:00,26,22,0.846153846153846,508,383,0.753937007874016,-125,0.7108,0.9,-0.1892,0.8115,0.95,-0.1385,8667.6,1.14,8305.41577297297,1.04360819938788,362.184227027028,At Risk,Simulated field-force metrics; Sales/Target = real+derived
321580,1,Northeast,2016-08-01 00:00:00,26,22,0.846153846153846,516,409,0.792635658914729,-107,0.7085,0.9,-0.1915,0.7479,0.95,-0.2021,6797.03,1.15,8378.2702972973,0.811268884723452,-1581.2402972973,At Risk,Simulated field-force metrics; Sales/Target = real+derived
321580,1,Northeast,2016-09-01 00:00:00,26,22,0.846153846153846,492,391,0.794715447154472,-101,0.7574,0.9,-0.1426,0.8102,0.95,-0.1398,8051.51,1.05,7649.72505405405,1.05252279567002,401.784945945947,At Risk,Simulated field-force metrics; Sales/Target = real+derived
321580,1,Northeast,2016-10-01 00:00:00,26,22,0.846153846153846,500,400,0.8,-100,0.6764,0.9,-0.2236,0.7374,0.95,-0.2126,5530.63,1.06,7722.57957837838,0.716163549221897,-2191.94957837838,Critical,Simulated field-force metrics; Sales/Target = real+derived
321580,1,Northeast,2016-11-01 00:00:00,26,22,0.846153846153846,508,412,0.811023622047244,-96,0.724,0.9,-0.176,0.7786,0.95,-0.1714,6238.94,1.07,7795.4341027027,0.800332594414074,-1556.4941027027,At Risk,Simulated field-force metrics; Sales/Target = real+derived
321580,1,Northeast,2016-12-01 00:00:00,26,22,0.846153846153846,516,426,0.825581395348837,-90,0.7268,0.9,-0.1732,0.7355,0.95,-0.2145,5896,1.08,7868.28862702703,0.749337026065318,-1972.28862702703,Critical,Simulated field-force metrics; Sales/Target = real+derived
321580,1,Northeast,2017-01-01 00:00:00,26,22,0.846153846153846,492,325,0.660569105691057,-167,0.73,0.9,-0.17,0.6208,0.95,-0.3292,0,1.09,7941.14315135135,0,-7941.14315135135,Critical,Simulated field-force metrics; Sales/Target = real+derived
321590,1,Northeast,2015-01-01 00:00:00,26,19,0.730769230769231,504,325,0.64484126984127,-179,0.5661,0.9,-0.3339,0.5327,0.95,-0.4173,2845.53,1.1,7033.16691891892,0.404587297984589,-4187.63691891892,Critical,Simulated field-force metrics; Sales/Target = real+derived
321590,1,Northeast,2015-02-01 00:00:00,26,19,0.730769230769231,512,349,0.681640625,-163,0.5325,0.9,-0.3675,0.6468,0.95,-0.3032,1645.4,1.11,7097.1048,0.231841017762623,-5451.7048,Critical,Simulated field-force metrics; Sales/Target = real+derived
321590,1,Northeast,2015-03-01 00:00:00,26,20,0.769230769230769,520,334,0.642307692307692,-186,0.606,0.9,-0.294,0.5839,0.95,-0.3661,1026.48,1.12,7161.04268108108,0.143342254154116,-6134.56268108108,Critical,Simulated field-force metrics; Sales/Target = real+derived
321590,1,Northeast,2015-04-01 00:00:00,26,19,0.730769230769231,528,328,0.621212121212121,-200,0.5481,0.9,-0.3519,0.5229,0.95,-0.4271,93580.86,1.13,7224.98056216216,12.9524030126933,86355.8794378378,Critical,Simulated field-force metrics; Sales/Target = real+derived
321590,1,Northeast,2015-05-01 00:00:00,26,20,0.769230769230769,504,301,0.597222222222222,-203,0.5817,0.9,-0.3183,0.5769,0.95,-0.3731,868.45,1.14,7288.91844324324,0.119146620553156,-6420.46844324324,Critical,Simulated field-force metrics; Sales/Target = real+derived
321590,1,Northeast,2015-06-01 00:00:00,26,20,0.769230769230769,512,319,0.623046875,-193,0.5572,0.9,-0.3428,0.5936,0.95,-0.3564,1501.16,1.15,7352.85632432432,0.204160115985667,-5851.69632432432,Critical,Simulated field-force metrics; Sales/Target = real+derived
321590,1,Northeast,2015-07-01 00:00:00,26,19,0.730769230769231,520,304,0.584615384615385,-216,0.5881,0.9,-0.3119,0.5622,0.95,-0.3878,2065.45,1.05,6713.47751351351,0.307657245569449,-4648.02751351351,Critical,Simulated field-force metrics; Sales/Target = real+derived
321590,1,Northeast,2015-08-01 00:00:00,26,19,0.730769230769231,528,340,0.643939393939394,-188,0.5656,0.9,-0.3344,0.5197,0.95,-0.4303,1906.74,1.06,6777.4153945946,0.281337337168494,-4870.6753945946,Critical,Simulated field-force metrics; Sales/Target = real+derived
321590,1,Northeast,2015-09-01 00:00:00,26,20,0.769230769230769,504,331,0.656746031746032,-173,0.5625,0.9,-0.3375,0.5949,0.95,-0.3551,1818.19,1.07,6841.35327567568,0.265764670633886,-5023.16327567568,Critical,Simulated field-force metrics; Sales/Target = real+derived
321590,1,Northeast,2015-10-01 00:00:00,26,19,0.730769230769231,512,328,0.640625,-184,0.5388,0.9,-0.3612,0.5524,0.95,-0.3976,2567.25,1.08,6905.29115675676,0.371780123635768,-4338.04115675676,Critical,Simulated field-force metrics; Sales/Target = real+derived
321590,1,Northeast,2015-11-01 00:00:00,26,20,0.769230769230769,520,357,0.686538461538462,-163,0.6122,0.9,-0.2878,0.6263,0.95,-0.3237,1741.67,1.09,6969.22903783784,0.249908560981997,-5227.55903783784,Critical,Simulated field-force metrics; Sales/Target = real+derived
321590,1,Northeast,2015-12-01 00:00:00,26,20,0.769230769230769,528,338,0.640151515151515,-190,0.5762,0.9,-0.3238,0.5791,0.95,-0.3709,931.5,1.1,7033.16691891892,0.132443892024559,-6101.66691891892,Critical,Simulated field-force metrics; Sales/Target = real+derived
321590,1,Northeast,2016-01-01 00:00:00,26,20,0.769230769230769,504,332,0.658730158730159,-172,0.5473,0.9,-0.3527,0.545,0.95,-0.405,2481.51,1.11,7097.1048,0.349651029529675,-4615.5948,Critical,Simulated field-force metrics; Sales/Target = real+derived
321590,1,Northeast,2016-02-01 00:00:00,26,20,0.769230769230769,512,334,0.65234375,-178,0.5495,0.9,-0.3505,0.5828,0.95,-0.3672,1464.27,1.12,7161.04268108108,0.204477206073424,-5696.77268108108,Critical,Simulated field-force metrics; Sales/Target = real+derived
321590,1,Northeast,2016-03-01 00:00:00,26,20,0.769230769230769,520,318,0.611538461538462,-202,0.5759,0.9,-0.3241,0.5881,0.95,-0.3619,4237.26,1.13,7224.98056216216,0.586473550142251,-2987.72056216216,Critical,Simulated field-force metrics; Sales/Target = real+derived
321590,1,Northeast,2016-04-01 00:00:00,26,19,0.730769230769231,528,361,0.683712121212121,-167,0.5319,0.9,-0.3681,0.5103,0.95,-0.4397,4652.17,1.14,7288.91844324324,0.638252442557169,-2636.74844324324,Critical,Simulated field-force metrics; Sales/Target = real+derived
321590,1,Northeast,2016-05-01 00:00:00,26,19,0.730769230769231,504,295,0.58531746031746,-209,0.5512,0.9,-0.3488,0.5615,0.95,-0.3885,4265.26,1.15,7352.85632432432,0.580082054084193,-3087.59632432432,Critical,Simulated field-force metrics; Sales/Target = real+derived
321590,1,Northeast,2016-06-01 00:00:00,26,20,0.769230769230769,512,333,0.650390625,-179,0.5613,0.9,-0.3387,0.5837,0.95,-0.3663,9793.72,1.05,6713.47751351351,1.45881474694542,3080.24248648649,Critical,Simulated field-force metrics; Sales/Target = real+derived
321590,1,Northeast,2016-07-01 00:00:00,26,20,0.769230769230769,520,339,0.651923076923077,-181,0.4756,0.9,-0.4244,0.547,0.95,-0.403,29713.16,1.06,6777.4153945946,4.38414325669016,22935.7446054054,Critical,Simulated field-force metrics; Sales/Target = real+derived
321590,1,Northeast,2016-08-01 00:00:00,26,18,0.692307692307692,528,332,0.628787878787879,-196,0.5492,0.9,-0.3508,0.6074,0.95,-0.3426,9312.88,1.07,6841.35327567568,1.36126284153631,2471.52672432432,Critical,Simulated field-force metrics; Sales/Target = real+derived
321590,1,Northeast,2016-09-01 00:00:00,26,21,0.807692307692308,504,320,0.634920634920635,-184,0.5319,0.9,-0.3681,0.5852,0.95,-0.3648,10075.37,1.08,6905.29115675676,1.45907967836249,3170.07884324324,Critical,Simulated field-force metrics; Sales/Target = real+derived
321590,1,Northeast,2016-10-01 00:00:00,26,20,0.769230769230769,512,321,0.626953125,-191,0.5839,0.9,-0.3161,0.5565,0.95,-0.3935,8823.46,1.09,6969.22903783784,1.26605969643056,1854.23096216216,Critical,Simulated field-force metrics; Sales/Target = real+derived
321590,1,Northeast,2016-11-01 00:00:00,26,20,0.769230769230769,520,340,0.653846153846154,-180,0.516,0.9,-0.384,0.5999,0.95,-0.3501,9599.04,1.1,7033.16691891892,1.3648247099296,2565.87308108108,Critical,Simulated field-force metrics; Sales/Target = real+derived
321590,1,Northeast,2016-12-01 00:00:00,26,20,0.769230769230769,528,333,0.630681818181818,-195,0.5227,0.9,-0.3773,0.5368,0.95,-0.4132,8712.06,1.11,7097.1048,1.22755126851163,1614.9552,Critical,Simulated field-force metrics; Sales/Target = real+derived
321590,1,Northeast,2017-01-01 00:00:00,26,19,0.730769230769231,504,327,0.648809523809524,-177,0.5159,0.9,-0.3841,0.5812,0.95,-0.3688,0,1.12,7161.04268108108,0,-7161.04268108108,Critical,Simulated field-force metrics; Sales/Target = real+derived
321600,1,Northeast,2015-01-01 00:00:00,26,23,0.884615384615385,516,480,0.930232558139535,-36,0.8997,0.9,-0.000299999999999967,0.98,0.95,0.03,2646.06,1.13,6565.58982972973,0.403019388755957,-3919.52982972973,Critical,Simulated field-force metrics; Sales/Target = real+derived
321600,1,Northeast,2015-02-01 00:00:00,26,23,0.884615384615385,524,519,0.990458015267176,-5,0.9011,0.9,0.00109999999999999,0.9499,0.95,-9.9999999999989e-05,2499.42,1.14,6623.69239459459,0.37734542172274,-4124.27239459459,Critical,Simulated field-force metrics; Sales/Target = real+derived
321600,1,Northeast,2015-03-01 00:00:00,26,24,0.923076923076923,532,509,0.956766917293233,-23,0.8905,0.9,-0.00950000000000006,0.98,0.95,0.03,0,1.15,6681.79495945946,0,-6681.79495945946,Critical,Simulated field-force metrics; Sales/Target = real+derived
321600,1,Northeast,2015-04-01 00:00:00,26,24,0.923076923076923,540,531,0.983333333333333,-9,0.8733,0.9,-0.0267000000000001,0.9292,0.95,-0.0207999999999999,2629.99,1.05,6100.76931081081,0.431091533872548,-3470.77931081081,Critical,Simulated field-force metrics; Sales/Target = real+derived
321600,1,Northeast,2015-05-01 00:00:00,26,23,0.884615384615385,516,494,0.957364341085271,-22,0.9465,0.9,0.0465,0.9396,0.95,-0.0104,3075.56,1.06,6158.87187567568,0.499370674059133,-3083.31187567568,Critical,Simulated field-force metrics; Sales/Target = real+derived
321600,1,Northeast,2015-06-01 00:00:00,26,24,0.923076923076923,524,468,0.893129770992367,-56,0.8879,0.9,-0.0121,0.8777,0.95,-0.0722999999999999,6455.06,1.07,6216.97444054054,1.03829604926585,238.085559459459,Healthy,Simulated field-force metrics; Sales/Target = real+derived
321600,1,Northeast,2015-07-01 00:00:00,26,23,0.884615384615385,532,504,0.947368421052632,-28,0.942,0.9,0.0419999999999999,0.98,0.95,0.03,2662.33,1.08,6275.07700540541,0.424270490657987,-3612.74700540541,Critical,Simulated field-force metrics; Sales/Target = real+derived
321600,1,Northeast,2015-08-01 00:00:00,26,24,0.923076923076923,540,535,0.990740740740741,-5,0.9044,0.9,0.00439999999999996,0.9307,0.95,-0.0193,6630.31,1.09,6333.17957027027,1.04691647006577,297.130429729729,Healthy,Simulated field-force metrics; Sales/Target = real+derived
321600,1,Northeast,2015-09-01 00:00:00,26,24,0.923076923076923,516,485,0.939922480620155,-31,0.8997,0.9,-0.000299999999999967,0.921,0.95,-0.0289999999999999,3133.73,1.1,6391.28213513514,0.490313200660127,-3257.55213513514,Critical,Simulated field-force metrics; Sales/Target = real+derived
321600,1,Northeast,2015-10-01 00:00:00,26,23,0.884615384615385,524,459,0.875954198473283,-65,0.9187,0.9,0.0186999999999999,0.9284,0.95,-0.0216,3349.26,1.11,6449.3847,0.519314656481881,-3100.1247,Critical,Simulated field-force metrics; Sales/Target = real+derived
321600,1,Northeast,2015-11-01 00:00:00,26,24,0.923076923076923,532,499,0.93796992481203,-33,0.9237,0.9,0.0236999999999999,0.9452,0.95,-0.00479999999999992,3756.9,1.12,6507.48726486487,0.577319608489163,-2750.58726486487,Critical,Simulated field-force metrics; Sales/Target = real+derived
321600,1,Northeast,2015-12-01 00:00:00,26,23,0.884615384615385,540,533,0.987037037037037,-7,0.9512,0.9,0.0512,0.9603,0.95,0.0103000000000001,4131.83,1.13,6565.58982972973,0.629315888922974,-2433.75982972973,Critical,Simulated field-force metrics; Sales/Target = real+derived
321600,1,Northeast,2016-01-01 00:00:00,26,25,0.961538461538462,516,510,0.988372093023256,-6,0.9354,0.9,0.0354,0.9621,0.95,0.0121,5399.85,1.14,6623.69239459459,0.815232604159979,-1223.84239459459,At Risk,Simulated field-force metrics; Sales/Target = real+derived
321600,1,Northeast,2016-02-01 00:00:00,26,24,0.923076923076923,524,503,0.959923664122137,-21,0.8575,0.9,-0.0425,0.9534,0.95,0.00340000000000007,3327.11,1.15,6681.79495945946,0.497936560488105,-3354.68495945946,Critical,Simulated field-force metrics; Sales/Target = real+derived
321600,1,Northeast,2016-03-01 00:00:00,26,23,0.884615384615385,532,482,0.906015037593985,-50,0.9415,0.9,0.0415,0.9709,0.95,0.0209,3301.55,1.05,6100.76931081081,0.541169454506257,-2799.21931081081,Critical,Simulated field-force metrics; Sales/Target = real+derived
321600,1,Northeast,2016-04-01 00:00:00,26,25,0.961538461538462,540,501,0.927777777777778,-39,0.8556,0.9,-0.0444,0.9202,0.95,-0.0297999999999999,3433.2,1.06,6158.87187567568,0.557439750217787,-2725.67187567568,Critical,Simulated field-force metrics; Sales/Target = real+derived
321600,1,Northeast,2016-05-01 00:00:00,26,24,0.923076923076923,516,486,0.941860465116279,-30,0.9356,0.9,0.0356,0.928,0.95,-0.0219999999999999,1128.09,1.07,6216.97444054054,0.181453215030737,-5088.88444054054,Critical,Simulated field-force metrics; Sales/Target = real+derived
321600,1,Northeast,2016-06-01 00:00:00,26,24,0.923076923076923,524,471,0.898854961832061,-53,0.9116,0.9,0.0115999999999999,0.9371,0.95,-0.0128999999999999,93836.99,1.08,6275.07700540541,14.9539184808677,87561.9129945946,Healthy,Simulated field-force metrics; Sales/Target = real+derived
321600,1,Northeast,2016-07-01 00:00:00,26,23,0.884615384615385,532,494,0.928571428571429,-38,0.8894,0.9,-0.0106000000000001,0.9243,0.95,-0.0256999999999999,4210.65,1.09,6333.17957027027,0.664855615300406,-2122.52957027027,Critical,Simulated field-force metrics; Sales/Target = real+derived
321600,1,Northeast,2016-08-01 00:00:00,26,25,0.961538461538462,540,505,0.935185185185185,-35,0.8873,0.9,-0.0127,0.86,0.95,-0.09,5297.68,1.1,6391.28213513514,0.828891588258447,-1093.60213513513,At Risk,Simulated field-force metrics; Sales/Target = real+derived
321600,1,Northeast,2016-09-01 00:00:00,26,23,0.884615384615385,516,479,0.928294573643411,-37,0.8719,0.9,-0.0281,0.9794,0.95,0.0294000000000001,3193.98,1.11,6449.3847,0.495237941070564,-3255.4047,Critical,Simulated field-force metrics; Sales/Target = real+derived
321600,1,Northeast,2016-10-01 00:00:00,26,24,0.923076923076923,524,519,0.990458015267176,-5,0.898,0.9,-0.002,0.9363,0.95,-0.0136999999999999,4097.16,1.12,6507.48726486487,0.629607071552999,-2410.32726486487,Critical,Simulated field-force metrics; Sales/Target = real+derived
321600,1,Northeast,2016-11-01 00:00:00,26,24,0.923076923076923,532,499,0.93796992481203,-33,0.956,0.9,0.0559999999999999,0.8625,0.95,-0.0874999999999999,7151.09,1.13,6565.58982972973,1.08917708621076,585.500170270271,Healthy,Simulated field-force metrics; Sales/Target = real+derived
321600,1,Northeast,2016-12-01 00:00:00,26,23,0.884615384615385,540,495,0.916666666666667,-45,0.8964,0.9,-0.00360000000000005,0.9589,0.95,0.00890000000000002,5845.72,1.14,6623.69239459459,0.882547022378413,-777.972394594594,At Risk,Simulated field-force metrics; Sales/Target = real+derived
321600,1,Northeast,2017-01-01 00:00:00,26,24,0.923076923076923,516,476,0.922480620155039,-40,0.9315,0.9,0.0315,0.9761,0.95,0.0261,1853.62,1.15,6681.79495945946,0.277413481144886,-4828.17495945946,Critical,Simulated field-force metrics; Sales/Target = real+derived
321610,1,Northeast,2015-01-01 00:00:00,26,24,0.923076923076923,528,506,0.958333333333333,-22,0.8851,0.9,-0.0149,0.8951,0.95,-0.0549,3337.72,1.05,4059.50060526316,0.822199655709531,-721.780605263159,At Risk,Simulated field-force metrics; Sales/Target = real+derived
321610,1,Northeast,2015-02-01 00:00:00,26,24,0.923076923076923,536,495,0.923507462686567,-41,0.8756,0.9,-0.0244,0.9649,0.95,0.0149,2297.93,1.06,4098.16251578947,0.560722028749835,-1800.23251578947,Critical,Simulated field-force metrics; Sales/Target = real+derived
321610,1,Northeast,2015-03-01 00:00:00,26,22,0.846153846153846,544,470,0.863970588235294,-74,0.834,0.9,-0.0660000000000001,0.8944,0.95,-0.0556,2537.55,1.07,4136.82442631579,0.613405293165877,-1599.27442631579,Critical,Simulated field-force metrics; Sales/Target = real+derived
321610,1,Northeast,2015-04-01 00:00:00,26,23,0.884615384615385,552,475,0.860507246376812,-77,0.8411,0.9,-0.0589000000000001,0.878,0.95,-0.072,2078.56,1.08,4175.48633684211,0.497800694893904,-2096.92633684211,Critical,Simulated field-force metrics; Sales/Target = real+derived
321610,1,Northeast,2015-05-01 00:00:00,26,25,0.961538461538462,528,523,0.990530303030303,-5,0.8611,0.9,-0.0389,0.8984,0.95,-0.0516,2630.55,1.09,4214.14824736842,0.624218666641042,-1583.59824736842,Critical,Simulated field-force metrics; Sales/Target = real+derived
321610,1,Northeast,2015-06-01 00:00:00,26,23,0.884615384615385,536,452,0.843283582089552,-84,0.8715,0.9,-0.0285,0.8778,0.95,-0.0721999999999999,2495.04,1.1,4252.81015789474,0.586680314278387,-1757.77015789474,Critical,Simulated field-force metrics; Sales/Target = real+derived
321610,1,Northeast,2015-07-01 00:00:00,26,24,0.923076923076923,544,466,0.856617647058824,-78,0.8489,0.9,-0.0511,0.9145,0.95,-0.0355,2694.78,1.11,4291.47206842105,0.627938375698547,-1596.69206842105,Critical,Simulated field-force metrics; Sales/Target = real+derived
321610,1,Northeast,2015-08-01 00:00:00,26,24,0.923076923076923,552,517,0.936594202898551,-35,0.8293,0.9,-0.0707,0.9363,0.95,-0.0136999999999999,2562.01,1.12,4330.13397894737,0.591669914246582,-1768.12397894737,Critical,Simulated field-force metrics; Sales/Target = real+derived
321610,1,Northeast,2015-09-01 00:00:00,26,23,0.884615384615385,528,499,0.945075757575758,-29,0.8752,0.9,-0.0248,0.8651,0.95,-0.0849,3207.38,1.13,4368.79588947368,0.734156523019985,-1161.41588947368,Critical,Simulated field-force metrics; Sales/Target = real+derived
321610,1,Northeast,2015-10-01 00:00:00,26,23,0.884615384615385,536,501,0.934701492537313,-35,0.897,0.9,-0.003,0.9116,0.95,-0.0384,2556.39,1.14,4407.4578,0.580014628841143,-1851.0678,Critical,Simulated field-force metrics; Sales/Target = real+derived
321610,1,Northeast,2015-11-01 00:00:00,26,25,0.961538461538462,544,522,0.959558823529412,-22,0.8666,0.9,-0.0334,0.9382,0.95,-0.0117999999999999,5047.13,1.15,4446.11971052632,1.13517636244719,601.010289473685,Healthy,Simulated field-force metrics; Sales/Target = real+derived
321610,1,Northeast,2015-12-01 00:00:00,26,25,0.961538461538462,552,546,0.989130434782609,-6,0.8326,0.9,-0.0674,0.8745,0.95,-0.0754999999999999,7859.65,1.05,4059.50060526316,1.93611253310566,3800.14939473684,Healthy,Simulated field-force metrics; Sales/Target = real+derived
321610,1,Northeast,2016-01-01 00:00:00,26,25,0.961538461538462,528,463,0.876893939393939,-65,0.8293,0.9,-0.0707,0.8894,0.95,-0.0606,5052.45,1.06,4098.16251578947,1.23285740390573,954.287484210527,Healthy,Simulated field-force metrics; Sales/Target = real+derived
321610,1,Northeast,2016-02-01 00:00:00,26,24,0.923076923076923,536,491,0.916044776119403,-45,0.8528,0.9,-0.0472,0.8863,0.95,-0.0637,5195.53,1.07,4136.82442631579,1.25592228834983,1058.70557368421,Healthy,Simulated field-force metrics; Sales/Target = real+derived
321610,1,Northeast,2016-03-01 00:00:00,26,23,0.884615384615385,544,481,0.884191176470588,-63,0.9554,0.9,0.0554,0.9357,0.95,-0.0143,5443.83,1.08,4175.48633684211,1.3037595050825,1268.34366315789,Healthy,Simulated field-force metrics; Sales/Target = real+derived
321610,1,Northeast,2016-04-01 00:00:00,26,24,0.923076923076923,552,497,0.90036231884058,-55,0.869,0.9,-0.031,0.8874,0.95,-0.0626,5448.1,1.09,4214.14824736842,1.29281166209616,1233.95175263158,Healthy,Simulated field-force metrics; Sales/Target = real+derived
321610,1,Northeast,2016-05-01 00:00:00,26,22,0.846153846153846,528,457,0.865530303030303,-71,0.8122,0.9,-0.0878,0.8251,0.95,-0.1249,5602.35,1.1,4252.81015789474,1.31732896414387,1349.53984210526,Healthy,Simulated field-force metrics; Sales/Target = real+derived
321610,1,Northeast,2016-06-01 00:00:00,26,23,0.884615384615385,536,522,0.973880597014925,-14,0.874,0.9,-0.026,0.9583,0.95,0.00830000000000009,6499.89,1.11,4291.47206842105,1.51460615293984,2208.41793157895,Healthy,Simulated field-force metrics; Sales/Target = real+derived
321610,1,Northeast,2016-07-01 00:00:00,26,24,0.923076923076923,544,518,0.952205882352941,-26,0.844,0.9,-0.0560000000000001,0.9269,0.95,-0.0231,5965.22,1.12,4330.13397894737,1.37760633481602,1635.08602105263,Healthy,Simulated field-force metrics; Sales/Target = real+derived
321610,1,Northeast,2016-08-01 00:00:00,26,24,0.923076923076923,552,495,0.896739130434783,-57,0.8951,0.9,-0.00490000000000002,0.9361,0.95,-0.0138999999999999,5553.04,1.13,4368.79588947368,1.27106876596814,1184.24411052632,Healthy,Simulated field-force metrics; Sales/Target = real+derived
321610,1,Northeast,2016-09-01 00:00:00,26,23,0.884615384615385,528,462,0.875,-66,0.8341,0.9,-0.0659000000000001,0.9101,0.95,-0.0398999999999999,5046.23,1.14,4407.4578,1.14492985049114,638.772199999999,Healthy,Simulated field-force metrics; Sales/Target = real+derived
321610,1,Northeast,2016-10-01 00:00:00,26,24,0.923076923076923,536,476,0.888059701492537,-60,0.8765,0.9,-0.0235000000000001,0.9334,0.95,-0.0165999999999999,8463.49,1.15,4446.11971052632,1.90356772894856,4017.37028947368,Healthy,Simulated field-force metrics; Sales/Target = real+derived
321610,1,Northeast,2016-11-01 00:00:00,26,24,0.923076923076923,544,534,0.981617647058824,-10,0.9203,0.9,0.0203,0.885,0.95,-0.065,5500.66,1.05,4059.50060526316,1.35500903556176,1441.15939473684,Healthy,Simulated field-force metrics; Sales/Target = real+derived
321610,1,Northeast,2016-12-01 00:00:00,26,25,0.961538461538462,552,496,0.898550724637681,-56,0.9121,0.9,0.0121,0.9212,0.95,-0.0287999999999999,5298.45,1.06,4098.16251578947,1.29288430597519,1200.28748421053,Healthy,Simulated field-force metrics; Sales/Target = real+derived
321610,1,Northeast,2017-01-01 00:00:00,26,23,0.884615384615385,528,448,0.848484848484849,-80,0.8696,0.9,-0.0304,0.8579,0.95,-0.0921,2677.89,1.07,4136.82442631579,0.647329865624706,-1458.93442631579,Critical,Simulated field-force metrics; Sales/Target = real+derived
321620,1,Northeast,2015-01-01 00:00:00,26,23,0.884615384615385,540,460,0.851851851851852,-80,0.7053,0.9,-0.1947,0.7703,0.95,-0.1797,0,1.08,3221.9418,0,-3221.9418,Critical,Simulated field-force metrics; Sales/Target = real+derived
321620,1,Northeast,2015-02-01 00:00:00,26,22,0.846153846153846,548,420,0.766423357664234,-128,0.7603,0.9,-0.1397,0.7666,0.95,-0.1834,0,1.09,3251.77459444444,0,-3251.77459444444,Critical,Simulated field-force metrics; Sales/Target = real+derived
321620,1,Northeast,2015-03-01 00:00:00,26,23,0.884615384615385,556,430,0.773381294964029,-126,0.7682,0.9,-0.1318,0.7725,0.95,-0.1775,0,1.1,3281.60738888889,0,-3281.60738888889,Critical,Simulated field-force metrics; Sales/Target = real+derived
321620,1,Northeast,2015-04-01 00:00:00,26,23,0.884615384615385,564,437,0.774822695035461,-127,0.7315,0.9,-0.1685,0.7596,0.95,-0.1904,0,1.11,3311.44018333333,0,-3311.44018333333,Critical,Simulated field-force metrics; Sales/Target = real+derived
321620,1,Northeast,2015-05-01 00:00:00,26,21,0.807692307692308,540,442,0.818518518518519,-98,0.756,0.9,-0.144,0.7881,0.95,-0.1619,0,1.12,3341.27297777778,0,-3341.27297777778,Critical,Simulated field-force metrics; Sales/Target = real+derived
321620,1,Northeast,2015-06-01 00:00:00,26,23,0.884615384615385,548,466,0.85036496350365,-82,0.7201,0.9,-0.1799,0.775,0.95,-0.175,949.23,1.13,3371.10577222222,0.28157823104265,-2421.87577222222,Critical,Simulated field-force metrics; Sales/Target = real+derived
321620,1,Northeast,2015-07-01 00:00:00,26,22,0.846153846153846,556,441,0.793165467625899,-115,0.7122,0.9,-0.1878,0.8174,0.95,-0.1326,0,1.14,3400.93856666667,0,-3400.93856666667,Critical,Simulated field-force metrics; Sales/Target = real+derived
321620,1,Northeast,2015-08-01 00:00:00,26,22,0.846153846153846,564,442,0.783687943262411,-122,0.775,0.9,-0.125,0.6942,0.95,-0.2558,3284.14,1.15,3430.77136111111,0.957259943704432,-146.631361111111,At Risk,Simulated field-force metrics; Sales/Target = real+derived
321620,1,Northeast,2015-09-01 00:00:00,26,21,0.807692307692308,540,445,0.824074074074074,-95,0.7353,0.9,-0.1647,0.7729,0.95,-0.1771,3104.22,1.05,3132.44341666667,0.990989967602767,-28.2234166666663,At Risk,Simulated field-force metrics; Sales/Target = real+derived
321620,1,Northeast,2015-10-01 00:00:00,26,21,0.807692307692308,548,433,0.79014598540146,-115,0.8033,0.9,-0.0967,0.8032,0.95,-0.1468,3169.82,1.06,3162.27621111111,1.00238555660077,7.54378888888869,Healthy,Simulated field-force metrics; Sales/Target = real+derived
321620,1,Northeast,2015-11-01 00:00:00,26,22,0.846153846153846,556,431,0.775179856115108,-125,0.7194,0.9,-0.1806,0.6873,0.95,-0.2627,3029.85,1.07,3192.10900555556,0.949168714078009,-162.259005555556,At Risk,Simulated field-force metrics; Sales/Target = real+derived
321620,1,Northeast,2015-12-01 00:00:00,26,22,0.846153846153846,564,466,0.826241134751773,-98,0.6781,0.9,-0.2219,0.7324,0.95,-0.2176,3123.77,1.08,3221.9418,0.969530237945328,-98.1718000000001,Critical,Simulated field-force metrics; Sales/Target = real+derived
321620,1,Northeast,2016-01-01 00:00:00,26,21,0.807692307692308,540,407,0.753703703703704,-133,0.7351,0.9,-0.1649,0.6912,0.95,-0.2588,2228.34,1.09,3251.77459444444,0.685268900189776,-1023.43459444444,Critical,Simulated field-force metrics; Sales/Target = real+derived
321620,1,Northeast,2016-02-01 00:00:00,26,22,0.846153846153846,548,450,0.821167883211679,-98,0.7244,0.9,-0.1756,0.6757,0.95,-0.2743,2735.29,1.1,3281.60738888889,0.833521404559652,-546.317388888889,At Risk,Simulated field-force metrics; Sales/Target = real+derived
321620,1,Northeast,2016-03-01 00:00:00,26,21,0.807692307692308,556,468,0.841726618705036,-88,0.636,0.9,-0.264,0.7371,0.95,-0.2129,1661.8,1.11,3311.44018333333,0.501836031453605,-1649.64018333333,Critical,Simulated field-force metrics; Sales/Target = real+derived
321620,1,Northeast,2016-04-01 00:00:00,26,21,0.807692307692308,564,465,0.824468085106383,-99,0.7096,0.9,-0.1904,0.7745,0.95,-0.1755,2756.51,1.12,3341.27297777778,0.824987966662127,-584.762977777778,At Risk,Simulated field-force metrics; Sales/Target = real+derived
321620,1,Northeast,2016-05-01 00:00:00,26,22,0.846153846153846,540,467,0.864814814814815,-73,0.7261,0.9,-0.1739,0.776,0.95,-0.174,3879.85,1.13,3371.10577222222,1.15091316088917,508.744227777779,At Risk,Simulated field-force metrics; Sales/Target = real+derived
321620,1,Northeast,2016-06-01 00:00:00,26,21,0.807692307692308,548,460,0.839416058394161,-88,0.7066,0.9,-0.1934,0.7402,0.95,-0.2098,834.48,1.14,3400.93856666667,0.245367560643088,-2566.45856666667,Critical,Simulated field-force metrics; Sales/Target = real+derived
321620,1,Northeast,2016-07-01 00:00:00,26,22,0.846153846153846,556,406,0.73021582733813,-150,0.7412,0.9,-0.1588,0.7989,0.95,-0.1511,3043.96,1.15,3430.77136111111,0.88725236385737,-386.811361111111,At Risk,Simulated field-force metrics; Sales/Target = real+derived
321620,1,Northeast,2016-08-01 00:00:00,26,22,0.846153846153846,564,411,0.728723404255319,-153,0.7289,0.9,-0.1711,0.7892,0.95,-0.1608,3203.83,1.05,3132.44341666667,1.02278942468793,71.3865833333334,At Risk,Simulated field-force metrics; Sales/Target = real+derived
321620,1,Northeast,2016-09-01 00:00:00,26,21,0.807692307692308,540,404,0.748148148148148,-136,0.7639,0.9,-0.1361,0.7779,0.95,-0.1721,3218.59,1.06,3162.27621111111,1.01780799181647,56.3137888888891,At Risk,Simulated field-force metrics; Sales/Target = real+derived
321620,1,Northeast,2016-10-01 00:00:00,26,22,0.846153846153846,548,475,0.866788321167883,-73,0.7496,0.9,-0.1504,0.7894,0.95,-0.1606,5036.76,1.07,3192.10900555556,1.57787844689326,1844.65099444444,At Risk,Simulated field-force metrics; Sales/Target = real+derived
321620,1,Northeast,2016-11-01 00:00:00,26,24,0.923076923076923,556,436,0.784172661870504,-120,0.7053,0.9,-0.1947,0.7747,0.95,-0.1753,4463.95,1.08,3221.9418,1.38548436846376,1242.0082,At Risk,Simulated field-force metrics; Sales/Target = real+derived
321620,1,Northeast,2016-12-01 00:00:00,26,22,0.846153846153846,564,435,0.771276595744681,-129,0.6971,0.9,-0.2029,0.8393,0.95,-0.1107,3974.64,1.09,3251.77459444444,1.22229874321257,722.865405555556,Critical,Simulated field-force metrics; Sales/Target = real+derived
321620,1,Northeast,2017-01-01 00:00:00,26,22,0.846153846153846,540,412,0.762962962962963,-128,0.7653,0.9,-0.1347,0.7649,0.95,-0.1851,0,1.1,3281.60738888889,0,-3281.60738888889,Critical,Simulated field-force metrics; Sales/Target = real+derived
321630,1,Northeast,2015-01-01 00:00:00,26,24,0.923076923076923,552,546,0.989130434782609,-6,0.9002,0.9,0.000199999999999978,0.98,0.95,0.03,2532.47,1.11,7747.9184,0.326858114561454,-5215.4484,Critical,Simulated field-force metrics; Sales/Target = real+derived
321630,1,Northeast,2015-02-01 00:00:00,26,26,1,560,554,0.989285714285714,-6,0.9323,0.9,0.0323,0.967,0.95,0.017,4366.6,1.12,7817.71946666667,0.558551636269169,-3451.11946666667,Critical,Simulated field-force metrics; Sales/Target = real+derived
321630,1,Northeast,2015-03-01 00:00:00,26,24,0.923076923076923,568,553,0.973591549295775,-15,0.9322,0.9,0.0322,0.98,0.95,0.03,2709.66,1.13,7887.52053333333,0.343537615978145,-5177.86053333333,Critical,Simulated field-force metrics; Sales/Target = real+derived
321630,1,Northeast,2015-04-01 00:00:00,26,23,0.884615384615385,576,570,0.989583333333333,-6,0.9322,0.9,0.0322,0.98,0.95,0.03,2649.2,1.14,7957.3216,0.332926094126948,-5308.1216,Critical,Simulated field-force metrics; Sales/Target = real+derived
321630,1,Northeast,2015-05-01 00:00:00,26,24,0.923076923076923,552,546,0.989130434782609,-6,0.97,0.9,0.07,0.98,0.95,0.03,2559.87,1.15,8027.12266666667,0.318902564007161,-5467.25266666667,Critical,Simulated field-force metrics; Sales/Target = real+derived
321630,1,Northeast,2015-06-01 00:00:00,26,23,0.884615384615385,560,554,0.989285714285714,-6,0.9596,0.9,0.0596,0.9327,0.95,-0.0173,2776.04,1.05,7329.112,0.378768942267494,-4553.072,Critical,Simulated field-force metrics; Sales/Target = real+derived
321630,1,Northeast,2015-07-01 00:00:00,26,24,0.923076923076923,568,562,0.98943661971831,-6,0.9649,0.9,0.0649,0.98,0.95,0.03,2542.43,1.06,7398.91306666667,0.343622093825385,-4856.48306666667,Critical,Simulated field-force metrics; Sales/Target = real+derived
321630,1,Northeast,2015-08-01 00:00:00,26,25,0.961538461538462,576,570,0.989583333333333,-6,0.97,0.9,0.07,0.8901,0.95,-0.0599,2430.81,1.07,7468.71413333334,0.325465663379877,-5037.90413333334,Critical,Simulated field-force metrics; Sales/Target = real+derived
321630,1,Northeast,2015-09-01 00:00:00,26,24,0.923076923076923,552,539,0.976449275362319,-13,0.8841,0.9,-0.0159,0.98,0.95,0.03,30279.45,1.08,7538.5152,4.01663314282367,22740.9348,Healthy,Simulated field-force metrics; Sales/Target = real+derived
321630,1,Northeast,2015-10-01 00:00:00,26,25,0.961538461538462,560,526,0.939285714285714,-34,0.9572,0.9,0.0572,0.9564,0.95,0.00640000000000007,7326.69,1.09,7608.31626666667,0.962984416420684,-281.626266666669,Healthy,Simulated field-force metrics; Sales/Target = real+derived
321630,1,Northeast,2015-11-01 00:00:00,26,24,0.923076923076923,568,562,0.98943661971831,-6,0.9265,0.9,0.0265,0.98,0.95,0.03,5406.53,1.1,7678.11733333333,0.704147874444221,-2271.58733333333,Critical,Simulated field-force metrics; Sales/Target = real+derived
321630,1,Northeast,2015-12-01 00:00:00,26,23,0.884615384615385,576,570,0.989583333333333,-6,0.9665,0.9,0.0665,0.98,0.95,0.03,9531.91,1.11,7747.9184,1.23025430933811,1783.9916,Healthy,Simulated field-force metrics; Sales/Target = real+derived
321630,1,Northeast,2016-01-01 00:00:00,26,25,0.961538461538462,552,511,0.925724637681159,-41,0.97,0.9,0.07,0.9791,0.95,0.0291,9548.25,1.12,7817.71946666667,1.22136001946757,1730.53053333333,Healthy,Simulated field-force metrics; Sales/Target = real+derived
321630,1,Northeast,2016-02-01 00:00:00,26,24,0.923076923076923,560,539,0.9625,-21,0.9251,0.9,0.0251,0.98,0.95,0.03,7213.35,1.13,7887.52053333333,0.914526937776678,-674.170533333333,Healthy,Simulated field-force metrics; Sales/Target = real+derived
321630,1,Northeast,2016-03-01 00:00:00,26,25,0.961538461538462,568,562,0.98943661971831,-6,0.9451,0.9,0.0451,0.98,0.95,0.03,8845.8,1.14,7957.3216,1.11165545954558,888.478399999999,Healthy,Simulated field-force metrics; Sales/Target = real+derived
321630,1,Northeast,2016-04-01 00:00:00,26,24,0.923076923076923,576,570,0.989583333333333,-6,0.8906,0.9,-0.00940000000000008,0.98,0.95,0.03,8925.79,1.15,8027.12266666667,1.11195385577763,898.667333333334,Healthy,Simulated field-force metrics; Sales/Target = real+derived
321630,1,Northeast,2016-05-01 00:00:00,26,25,0.961538461538462,552,524,0.949275362318841,-28,0.97,0.9,0.07,0.98,0.95,0.03,8987.65,1.05,7329.112,1.22629453609114,1658.538,Healthy,Simulated field-force metrics; Sales/Target = real+derived
321630,1,Northeast,2016-06-01 00:00:00,26,25,0.961538461538462,560,551,0.983928571428571,-9,0.9378,0.9,0.0377999999999999,0.9783,0.95,0.0283,8231.09,1.06,7398.91306666667,1.11247286268066,832.176933333332,Healthy,Simulated field-force metrics; Sales/Target = real+derived
321630,1,Northeast,2016-07-01 00:00:00,26,25,0.961538461538462,568,562,0.98943661971831,-6,0.9518,0.9,0.0518,0.9558,0.95,0.00580000000000003,9737.55,1.07,7468.71413333334,1.30377864598415,2268.83586666666,Healthy,Simulated field-force metrics; Sales/Target = real+derived
321630,1,Northeast,2016-08-01 00:00:00,26,25,0.961538461538462,576,570,0.989583333333333,-6,0.9684,0.9,0.0684,0.98,0.95,0.03,9828.19,1.08,7538.5152,1.30373020936537,2289.6748,Healthy,Simulated field-force metrics; Sales/Target = real+derived
321630,1,Northeast,2016-09-01 00:00:00,26,24,0.923076923076923,552,522,0.945652173913044,-30,0.9151,0.9,0.0151,0.9249,0.95,-0.0250999999999999,10349.61,1.09,7608.31626666667,1.36030228466493,2741.29373333333,Healthy,Simulated field-force metrics; Sales/Target = real+derived
321630,1,Northeast,2016-10-01 00:00:00,26,25,0.961538461538462,560,549,0.980357142857143,-11,0.93,0.9,0.03,0.881,0.95,-0.069,11840.02,1.1,7678.11733333333,1.54204728659178,4161.90266666667,Healthy,Simulated field-force metrics; Sales/Target = real+derived
321630,1,Northeast,2016-11-01 00:00:00,26,24,0.923076923076923,568,562,0.98943661971831,-6,0.9222,0.9,0.0222,0.98,0.95,0.03,8493.47,1.11,7747.9184,1.09622605214841,745.551599999998,Healthy,Simulated field-force metrics; Sales/Target = real+derived
321630,1,Northeast,2016-12-01 00:00:00,26,24,0.923076923076923,576,570,0.989583333333333,-6,0.9404,0.9,0.0404,0.98,0.95,0.03,16566.94,1.12,7817.71946666667,2.11915253171189,8749.22053333333,Healthy,Simulated field-force metrics; Sales/Target = real+derived
321630,1,Northeast,2017-01-01 00:00:00,26,26,1,552,546,0.989130434782609,-6,0.9347,0.9,0.0347,0.9643,0.95,0.0143000000000001,0,1.13,7887.52053333333,0,-7887.52053333333,Critical,Simulated field-force metrics; Sales/Target = real+derived
321640,1,Northeast,2015-01-01 00:00:00,26,23,0.884615384615385,480,425,0.885416666666667,-55,0.8098,0.9,-0.0902000000000001,0.8338,0.95,-0.1162,8863.28,1.14,14364.4202594595,0.617030123033558,-5501.14025945946,Critical,Simulated field-force metrics; Sales/Target = real+derived
321640,1,Northeast,2015-02-01 00:00:00,26,24,0.923076923076923,488,419,0.858606557377049,-69,0.894,0.9,-0.00600000000000001,0.8634,0.95,-0.0866,9257.75,1.15,14490.4239459459,0.638887449707093,-5232.67394594595,Critical,Simulated field-force metrics; Sales/Target = real+derived
321640,1,Northeast,2015-03-01 00:00:00,26,24,0.923076923076923,496,436,0.879032258064516,-60,0.8472,0.9,-0.0528000000000001,0.8279,0.95,-0.1221,37674.72,1.05,13230.3870810811,2.8475901550812,24444.3329189189,Healthy,Simulated field-force metrics; Sales/Target = real+derived
321640,1,Northeast,2015-04-01 00:00:00,26,22,0.846153846153846,504,445,0.882936507936508,-59,0.8481,0.9,-0.0519000000000001,0.8548,0.95,-0.0952,11104.76,1.06,13356.3907675676,0.831419220450254,-2251.63076756757,At Risk,Simulated field-force metrics; Sales/Target = real+derived
321640,1,Northeast,2015-05-01 00:00:00,26,22,0.846153846153846,480,389,0.810416666666667,-91,0.7636,0.9,-0.1364,0.7788,0.95,-0.1712,8903.19,1.07,13482.3944540541,0.6603567363602,-4579.20445405406,Critical,Simulated field-force metrics; Sales/Target = real+derived
321640,1,Northeast,2015-06-01 00:00:00,26,23,0.884615384615385,488,444,0.909836065573771,-44,0.813,0.9,-0.0870000000000001,0.769,0.95,-0.181,6874.26,1.08,13608.3981405405,0.505148359785345,-6734.13814054054,Critical,Simulated field-force metrics; Sales/Target = real+derived
321640,1,Northeast,2015-07-01 00:00:00,26,23,0.884615384615385,496,425,0.856854838709677,-71,0.8869,0.9,-0.0131,0.8082,0.95,-0.1418,9427.36,1.09,13734.401827027,0.686404848112753,-4307.04182702703,Critical,Simulated field-force metrics; Sales/Target = real+derived
321640,1,Northeast,2015-08-01 00:00:00,26,23,0.884615384615385,504,470,0.932539682539683,-34,0.8293,0.9,-0.0707,0.8703,0.95,-0.0797,8787.74,1.1,13860.4055135135,0.63401752505958,-5072.66551351352,Critical,Simulated field-force metrics; Sales/Target = real+derived
321640,1,Northeast,2015-09-01 00:00:00,26,23,0.884615384615385,480,421,0.877083333333333,-59,0.8407,0.9,-0.0593,0.8239,0.95,-0.1261,8706.5,1.11,13986.4092,0.622497159599763,-5279.9092,Critical,Simulated field-force metrics; Sales/Target = real+derived
321640,1,Northeast,2015-10-01 00:00:00,26,24,0.923076923076923,488,395,0.809426229508197,-93,0.825,0.9,-0.0750000000000001,0.8562,0.95,-0.0938,11354.86,1.12,14112.4128864865,0.80460089223105,-2757.55288648649,At Risk,Simulated field-force metrics; Sales/Target = real+derived
321640,1,Northeast,2015-11-01 00:00:00,26,23,0.884615384615385,496,428,0.862903225806452,-68,0.7917,0.9,-0.1083,0.8074,0.95,-0.1426,9066.82,1.13,14238.416572973,0.636785695483192,-5171.59657297297,Critical,Simulated field-force metrics; Sales/Target = real+derived
321640,1,Northeast,2015-12-01 00:00:00,26,23,0.884615384615385,504,413,0.819444444444444,-91,0.8248,0.9,-0.0752,0.8096,0.95,-0.1404,10567.94,1.14,14364.4202594595,0.735702507244638,-3796.48025945946,Critical,Simulated field-force metrics; Sales/Target = real+derived
321640,1,Northeast,2016-01-01 00:00:00,26,23,0.884615384615385,480,392,0.816666666666667,-88,0.7937,0.9,-0.1063,0.8233,0.95,-0.1267,7403.17,1.15,14490.4239459459,0.510900856152744,-7087.25394594595,Critical,Simulated field-force metrics; Sales/Target = real+derived
321640,1,Northeast,2016-02-01 00:00:00,26,24,0.923076923076923,488,428,0.877049180327869,-60,0.8061,0.9,-0.0939,0.8645,0.95,-0.0854999999999999,8137.34,1.05,13230.3870810811,0.615049276346273,-5093.04708108108,Critical,Simulated field-force metrics; Sales/Target = real+derived
321640,1,Northeast,2016-03-01 00:00:00,26,22,0.846153846153846,496,428,0.862903225806452,-68,0.8834,0.9,-0.0166000000000001,0.8633,0.95,-0.0867,9238.93,1.06,13356.3907675676,0.691723547235102,-4117.46076756757,Critical,Simulated field-force metrics; Sales/Target = real+derived
321640,1,Northeast,2016-04-01 00:00:00,26,23,0.884615384615385,504,447,0.886904761904762,-57,0.8448,0.9,-0.0552,0.783,0.95,-0.167,7978.62,1.07,13482.3944540541,0.591780638609108,-5503.77445405406,Critical,Simulated field-force metrics; Sales/Target = real+derived
321640,1,Northeast,2016-05-01 00:00:00,26,22,0.846153846153846,480,419,0.872916666666667,-61,0.7885,0.9,-0.1115,0.8903,0.95,-0.0597,7939.8,1.08,13608.3981405405,0.583448538027902,-5668.59814054054,Critical,Simulated field-force metrics; Sales/Target = real+derived
321640,1,Northeast,2016-06-01 00:00:00,26,23,0.884615384615385,488,384,0.786885245901639,-104,0.7691,0.9,-0.1309,0.7453,0.95,-0.2047,7789.87,1.09,13734.401827027,0.567179415463936,-5944.53182702703,Critical,Simulated field-force metrics; Sales/Target = real+derived
321640,1,Northeast,2016-07-01 00:00:00,26,23,0.884615384615385,496,425,0.856854838709677,-71,0.7986,0.9,-0.1014,0.8837,0.95,-0.0662999999999999,88002.7,1.1,13860.4055135135,6.34921539014135,74142.2944864865,At Risk,Simulated field-force metrics; Sales/Target = real+derived
321640,1,Northeast,2016-08-01 00:00:00,26,24,0.923076923076923,504,432,0.857142857142857,-72,0.7388,0.9,-0.1612,0.8586,0.95,-0.0913999999999999,8000.16,1.11,13986.4092,0.571995276671871,-5986.2492,Critical,Simulated field-force metrics; Sales/Target = real+derived
321640,1,Northeast,2016-09-01 00:00:00,26,23,0.884615384615385,480,421,0.877083333333333,-59,0.8479,0.9,-0.0521,0.8126,0.95,-0.1374,11777.59,1.12,14112.4128864865,0.834555372970824,-2334.82288648649,At Risk,Simulated field-force metrics; Sales/Target = real+derived
321640,1,Northeast,2016-10-01 00:00:00,26,24,0.923076923076923,488,403,0.825819672131148,-85,0.8397,0.9,-0.0603,0.7931,0.95,-0.1569,11204.54,1.13,14238.416572973,0.786923176645091,-3033.87657297297,Critical,Simulated field-force metrics; Sales/Target = real+derived
321640,1,Northeast,2016-11-01 00:00:00,26,22,0.846153846153846,496,459,0.925403225806452,-37,0.8044,0.9,-0.0956,0.8762,0.95,-0.0738,16763.74,1.14,14364.4202594595,1.16703213197626,2399.31974054054,Healthy,Simulated field-force metrics; Sales/Target = real+derived
321640,1,Northeast,2016-12-01 00:00:00,26,23,0.884615384615385,504,433,0.859126984126984,-71,0.8612,0.9,-0.0388000000000001,0.8471,0.95,-0.1029,38802.37,1.15,14490.4239459459,2.67779397930286,24311.9460540541,Healthy,Simulated field-force metrics; Sales/Target = real+derived
321640,1,Northeast,2017-01-01 00:00:00,26,22,0.846153846153846,480,399,0.83125,-81,0.8328,0.9,-0.0672,0.8649,0.95,-0.0851,0,1.05,13230.3870810811,0,-13230.3870810811,Critical,Simulated field-force metrics; Sales/Target = real+derived
321650,2,Midwest,2015-01-01 00:00:00,26,19,0.730769230769231,492,293,0.595528455284553,-199,0.5278,0.9,-0.3722,0.5537,0.95,-0.3963,2588.05,1.06,3634.77361714286,0.712025086732735,-1046.72361714286,Critical,Simulated field-force metrics; Sales/Target = real+derived
321650,2,Midwest,2015-02-01 00:00:00,26,19,0.730769230769231,500,300,0.6,-200,0.5226,0.9,-0.3774,0.5927,0.95,-0.3573,2874.24,1.07,3669.06393428571,0.783371467894454,-794.823934285715,Critical,Simulated field-force metrics; Sales/Target = real+derived
321650,2,Midwest,2015-03-01 00:00:00,26,20,0.769230769230769,508,315,0.62007874015748,-193,0.5344,0.9,-0.3656,0.5724,0.95,-0.3776,2716.19,1.08,3703.35425142857,0.733440501662035,-987.164251428572,Critical,Simulated field-force metrics; Sales/Target = real+derived
321650,2,Midwest,2015-04-01 00:00:00,26,19,0.730769230769231,516,299,0.579457364341085,-217,0.5152,0.9,-0.3848,0.5424,0.95,-0.4076,3597.93,1.09,3737.64456857143,0.962619621526819,-139.714568571429,Critical,Simulated field-force metrics; Sales/Target = real+derived
321650,2,Midwest,2015-05-01 00:00:00,26,19,0.730769230769231,492,311,0.632113821138211,-181,0.5737,0.9,-0.3263,0.5178,0.95,-0.4322,2499.99,1.1,3771.93488571429,0.662787157187784,-1271.94488571429,Critical,Simulated field-force metrics; Sales/Target = real+derived
321650,2,Midwest,2015-06-01 00:00:00,26,20,0.769230769230769,500,308,0.616,-192,0.5601,0.9,-0.3399,0.5709,0.95,-0.3791,3499.44,1.11,3806.22520285714,0.919399093194261,-306.785202857143,Critical,Simulated field-force metrics; Sales/Target = real+derived
321650,2,Midwest,2015-07-01 00:00:00,26,19,0.730769230769231,508,292,0.574803149606299,-216,0.5492,0.9,-0.3508,0.6057,0.95,-0.3443,2482.12,1.12,3840.51552,0.64629865107276,-1358.39552,Critical,Simulated field-force metrics; Sales/Target = real+derived
321650,2,Midwest,2015-08-01 00:00:00,26,18,0.692307692307692,516,330,0.63953488372093,-186,0.5898,0.9,-0.3102,0.5704,0.95,-0.3796,2613.6,1.13,3874.80583714286,0.674511216780652,-1261.20583714286,Critical,Simulated field-force metrics; Sales/Target = real+derived
321650,2,Midwest,2015-09-01 00:00:00,26,20,0.769230769230769,492,294,0.597560975609756,-198,0.544,0.9,-0.356,0.5122,0.95,-0.4378,4642.17,1.14,3909.09615428571,1.18753026704411,733.073845714286,Critical,Simulated field-force metrics; Sales/Target = real+derived
321650,2,Midwest,2015-10-01 00:00:00,26,18,0.692307692307692,500,332,0.664,-168,0.5137,0.9,-0.3863,0.5484,0.95,-0.4016,2647.16,1.15,3943.38647142857,0.671291038598358,-1296.22647142857,Critical,Simulated field-force metrics; Sales/Target = real+derived
321650,2,Midwest,2015-11-01 00:00:00,26,19,0.730769230769231,508,289,0.568897637795276,-219,0.5421,0.9,-0.3579,0.5431,0.95,-0.4069,2636.76,1.05,3600.4833,0.732335017357253,-963.7233,Critical,Simulated field-force metrics; Sales/Target = real+derived
321650,2,Midwest,2015-12-01 00:00:00,26,20,0.769230769230769,516,332,0.643410852713178,-184,0.5594,0.9,-0.3406,0.5796,0.95,-0.3704,2540.6,1.06,3634.77361714286,0.698970628601915,-1094.17361714286,Critical,Simulated field-force metrics; Sales/Target = real+derived
321650,2,Midwest,2016-01-01 00:00:00,26,21,0.807692307692308,492,287,0.583333333333333,-205,0.5462,0.9,-0.3538,0.6089,0.95,-0.3411,2653.68,1.07,3669.06393428571,0.723258042794671,-1015.38393428571,Critical,Simulated field-force metrics; Sales/Target = real+derived
321650,2,Midwest,2016-02-01 00:00:00,26,21,0.807692307692308,500,284,0.568,-216,0.5372,0.9,-0.3628,0.6154,0.95,-0.3346,2554.39,1.08,3703.35425142857,0.689750379406626,-1148.96425142857,Critical,Simulated field-force metrics; Sales/Target = real+derived
321650,2,Midwest,2016-03-01 00:00:00,26,20,0.769230769230769,508,322,0.633858267716535,-186,0.5405,0.9,-0.3595,0.555,0.95,-0.395,14.98,1.09,3737.64456857143,0.00400787172915308,-3722.66456857143,Critical,Simulated field-force metrics; Sales/Target = real+derived
321650,2,Midwest,2016-04-01 00:00:00,26,20,0.769230769230769,516,317,0.614341085271318,-199,0.5467,0.9,-0.3533,0.5721,0.95,-0.3779,4042.01,1.1,3771.93488571429,1.07160121329469,270.075114285714,Critical,Simulated field-force metrics; Sales/Target = real+derived
321650,2,Midwest,2016-05-01 00:00:00,26,19,0.730769230769231,492,318,0.646341463414634,-174,0.6501,0.9,-0.2499,0.5227,0.95,-0.4273,2792.16,1.11,3806.22520285714,0.733577192937524,-1014.06520285714,Critical,Simulated field-force metrics; Sales/Target = real+derived
321650,2,Midwest,2016-06-01 00:00:00,26,20,0.769230769230769,500,297,0.594,-203,0.5684,0.9,-0.3316,0.5742,0.95,-0.3758,2460.07,1.12,3840.51552,0.640557234357954,-1380.44552,Critical,Simulated field-force metrics; Sales/Target = real+derived
321650,2,Midwest,2016-07-01 00:00:00,26,20,0.769230769230769,508,342,0.673228346456693,-166,0.5549,0.9,-0.3451,0.6102,0.95,-0.3398,2597.48,1.13,3874.80583714286,0.670351008326985,-1277.32583714286,Critical,Simulated field-force metrics; Sales/Target = real+derived
321650,2,Midwest,2016-08-01 00:00:00,26,18,0.692307692307692,516,355,0.687984496124031,-161,0.5613,0.9,-0.3387,0.6092,0.95,-0.3408,2558.78,1.14,3909.09615428571,0.654570749607859,-1350.31615428571,Critical,Simulated field-force metrics; Sales/Target = real+derived
321650,2,Midwest,2016-09-01 00:00:00,26,19,0.730769230769231,492,291,0.591463414634146,-201,0.5532,0.9,-0.3468,0.5697,0.95,-0.3803,8512.55,1.15,3943.38647142857,2.15869026829525,4569.16352857143,Critical,Simulated field-force metrics; Sales/Target = real+derived
321650,2,Midwest,2016-10-01 00:00:00,26,20,0.769230769230769,500,334,0.668,-166,0.4864,0.9,-0.4136,0.5944,0.95,-0.3556,5521.27,1.05,3600.4833,1.5334802413887,1920.7867,Critical,Simulated field-force metrics; Sales/Target = real+derived
321650,2,Midwest,2016-11-01 00:00:00,26,20,0.769230769230769,508,314,0.618110236220473,-194,0.4967,0.9,-0.4033,0.5794,0.95,-0.3706,5873.75,1.06,3634.77361714286,1.61598784922873,2238.97638285714,Critical,Simulated field-force metrics; Sales/Target = real+derived
321650,2,Midwest,2016-12-01 00:00:00,26,18,0.692307692307692,516,336,0.651162790697675,-180,0.4959,0.9,-0.4041,0.5636,0.95,-0.3864,8953.08,1.07,3669.06393428571,2.4401537177746,5284.01606571429,Critical,Simulated field-force metrics; Sales/Target = real+derived
321650,2,Midwest,2017-01-01 00:00:00,26,20,0.769230769230769,492,331,0.672764227642276,-161,0.5419,0.9,-0.3581,0.5443,0.95,-0.4057,0,1.08,3703.35425142857,0,-3703.35425142857,Critical,Simulated field-force metrics; Sales/Target = real+derived
321660,2,Midwest,2015-01-01 00:00:00,26,22,0.846153846153846,504,452,0.896825396825397,-52,0.8125,0.9,-0.0875,0.8168,0.95,-0.1332,0,1.09,6076.57816470588,0,-6076.57816470588,Critical,Simulated field-force metrics; Sales/Target = real+derived
321660,2,Midwest,2015-02-01 00:00:00,26,23,0.884615384615385,512,401,0.783203125,-111,0.8073,0.9,-0.0927,0.7679,0.95,-0.1821,0,1.1,6132.32658823529,0,-6132.32658823529,Critical,Simulated field-force metrics; Sales/Target = real+derived
321660,2,Midwest,2015-03-01 00:00:00,26,23,0.884615384615385,520,443,0.851923076923077,-77,0.8773,0.9,-0.0227000000000001,0.8015,0.95,-0.1485,0,1.11,6188.07501176471,0,-6188.07501176471,Critical,Simulated field-force metrics; Sales/Target = real+derived
321660,2,Midwest,2015-04-01 00:00:00,26,23,0.884615384615385,528,485,0.918560606060606,-43,0.8354,0.9,-0.0646,0.8093,0.95,-0.1407,0,1.12,6243.82343529412,0,-6243.82343529412,Critical,Simulated field-force metrics; Sales/Target = real+derived
321660,2,Midwest,2015-05-01 00:00:00,26,23,0.884615384615385,504,427,0.847222222222222,-77,0.8036,0.9,-0.0964,0.8045,0.95,-0.1455,0,1.13,6299.57185882353,0,-6299.57185882353,Critical,Simulated field-force metrics; Sales/Target = real+derived
321660,2,Midwest,2015-06-01 00:00:00,26,23,0.884615384615385,512,401,0.783203125,-111,0.7985,0.9,-0.1015,0.8439,0.95,-0.1061,0,1.14,6355.32028235294,0,-6355.32028235294,Critical,Simulated field-force metrics; Sales/Target = real+derived
321660,2,Midwest,2015-07-01 00:00:00,26,23,0.884615384615385,520,407,0.782692307692308,-113,0.8283,0.9,-0.0717,0.8454,0.95,-0.1046,0,1.15,6411.06870588235,0,-6411.06870588235,Critical,Simulated field-force metrics; Sales/Target = real+derived
321660,2,Midwest,2015-08-01 00:00:00,26,22,0.846153846153846,528,441,0.835227272727273,-87,0.7412,0.9,-0.1588,0.7837,0.95,-0.1663,2117.61,1.05,5853.58447058824,0.361762952365356,-3735.97447058824,Critical,Simulated field-force metrics; Sales/Target = real+derived
321660,2,Midwest,2015-09-01 00:00:00,26,22,0.846153846153846,504,451,0.89484126984127,-53,0.7714,0.9,-0.1286,0.8465,0.95,-0.1035,1716.14,1.06,5909.33289411765,0.290411799563417,-4193.19289411765,Critical,Simulated field-force metrics; Sales/Target = real+derived
321660,2,Midwest,2015-10-01 00:00:00,26,22,0.846153846153846,512,438,0.85546875,-74,0.7888,0.9,-0.1112,0.8573,0.95,-0.0927,1704.31,1.07,5965.08131764706,0.285714462090899,-4260.77131764706,Critical,Simulated field-force metrics; Sales/Target = real+derived
321660,2,Midwest,2015-11-01 00:00:00,26,22,0.846153846153846,520,407,0.782692307692308,-113,0.7454,0.9,-0.1546,0.8016,0.95,-0.1484,1754.8,1.08,6020.82974117647,0.291454845168419,-4266.02974117647,Critical,Simulated field-force metrics; Sales/Target = real+derived
321660,2,Midwest,2015-12-01 00:00:00,26,22,0.846153846153846,528,456,0.863636363636364,-72,0.7774,0.9,-0.1226,0.9081,0.95,-0.0418999999999999,1951.44,1.09,6076.57816470588,0.3211412652164,-4125.13816470588,Critical,Simulated field-force metrics; Sales/Target = real+derived
321660,2,Midwest,2016-01-01 00:00:00,26,22,0.846153846153846,504,431,0.85515873015873,-73,0.7543,0.9,-0.1457,0.8042,0.95,-0.1458,2686.63,1.1,6132.32658823529,0.438109412690809,-3445.69658823529,Critical,Simulated field-force metrics; Sales/Target = real+derived
321660,2,Midwest,2016-02-01 00:00:00,26,23,0.884615384615385,512,386,0.75390625,-126,0.802,0.9,-0.098,0.8953,0.95,-0.0547,1620.16,1.11,6188.07501176471,0.261819709185776,-4567.91501176471,Critical,Simulated field-force metrics; Sales/Target = real+derived
321660,2,Midwest,2016-03-01 00:00:00,26,22,0.846153846153846,520,446,0.857692307692308,-74,0.8296,0.9,-0.0704,0.8271,0.95,-0.1229,4503.39,1.12,6243.82343529412,0.721255180686874,-1740.43343529412,Critical,Simulated field-force metrics; Sales/Target = real+derived
321660,2,Midwest,2016-04-01 00:00:00,26,22,0.846153846153846,528,399,0.755681818181818,-129,0.8162,0.9,-0.0838,0.8268,0.95,-0.1232,5442.53,1.13,6299.57185882353,0.863952364060566,-857.041858823529,At Risk,Simulated field-force metrics; Sales/Target = real+derived
321660,2,Midwest,2016-05-01 00:00:00,26,22,0.846153846153846,504,429,0.851190476190476,-75,0.7733,0.9,-0.1267,0.8059,0.95,-0.1441,7483.62,1.14,6355.32028235294,1.17753624798109,1128.29971764706,At Risk,Simulated field-force metrics; Sales/Target = real+derived
321660,2,Midwest,2016-06-01 00:00:00,26,23,0.884615384615385,512,406,0.79296875,-106,0.8304,0.9,-0.0696,0.784,0.95,-0.166,17553.54,1.15,6411.06870588235,2.73800528512416,11142.4712941176,Healthy,Simulated field-force metrics; Sales/Target = real+derived
321660,2,Midwest,2016-07-01 00:00:00,26,22,0.846153846153846,520,480,0.923076923076923,-40,0.8332,0.9,-0.0668,0.8368,0.95,-0.1132,12451.92,1.05,5853.58447058824,2.12722991571499,6598.33552941177,Healthy,Simulated field-force metrics; Sales/Target = real+derived
321660,2,Midwest,2016-08-01 00:00:00,26,22,0.846153846153846,528,436,0.825757575757576,-92,0.7963,0.9,-0.1037,0.8291,0.95,-0.1209,10659.34,1.06,5909.33289411765,1.80381443912403,4750.00710588235,At Risk,Simulated field-force metrics; Sales/Target = real+derived
321660,2,Midwest,2016-09-01 00:00:00,26,23,0.884615384615385,504,426,0.845238095238095,-78,0.7862,0.9,-0.1138,0.7758,0.95,-0.1742,6171.8,1.07,5965.08131764706,1.03465479703376,206.718682352941,At Risk,Simulated field-force metrics; Sales/Target = real+derived
321660,2,Midwest,2016-10-01 00:00:00,26,22,0.846153846153846,512,452,0.8828125,-60,0.7459,0.9,-0.1541,0.8136,0.95,-0.1364,5178.1,1.08,6020.82974117647,0.860030962939703,-842.729741176471,At Risk,Simulated field-force metrics; Sales/Target = real+derived
321660,2,Midwest,2016-11-01 00:00:00,26,22,0.846153846153846,520,442,0.85,-78,0.7801,0.9,-0.1199,0.8771,0.95,-0.0729,5064.66,1.09,6076.57816470588,0.833472369271356,-1011.91816470588,At Risk,Simulated field-force metrics; Sales/Target = real+derived
321660,2,Midwest,2016-12-01 00:00:00,26,23,0.884615384615385,528,419,0.793560606060606,-109,0.8172,0.9,-0.0828,0.8038,0.95,-0.1462,6712.33,1.1,6132.32658823529,1.09458129853642,580.003411764706,Healthy,Simulated field-force metrics; Sales/Target = real+derived
321660,2,Midwest,2017-01-01 00:00:00,26,22,0.846153846153846,504,433,0.859126984126984,-71,0.7765,0.9,-0.1235,0.8561,0.95,-0.0939,0,1.11,6188.07501176471,0,-6188.07501176471,Critical,Simulated field-force metrics; Sales/Target = real+derived
321670,2,Midwest,2015-01-01 00:00:00,26,19,0.730769230769231,516,301,0.583333333333333,-215,0.5053,0.9,-0.3947,0.5254,0.95,-0.4246,0,1.12,3520.63488,0,-3520.63488,Critical,Simulated field-force metrics; Sales/Target = real+derived
321670,2,Midwest,2015-02-01 00:00:00,26,20,0.769230769230769,524,331,0.631679389312977,-193,0.5881,0.9,-0.3119,0.637,0.95,-0.313,0,1.13,3552.06912,0,-3552.06912,Critical,Simulated field-force metrics; Sales/Target = real+derived
321670,2,Midwest,2015-03-01 00:00:00,26,19,0.730769230769231,532,325,0.610902255639098,-207,0.4871,0.9,-0.4129,0.5152,0.95,-0.4348,0,1.14,3583.50336,0,-3583.50336,Critical,Simulated field-force metrics; Sales/Target = real+derived
321670,2,Midwest,2015-04-01 00:00:00,26,19,0.730769230769231,540,305,0.564814814814815,-235,0.4914,0.9,-0.4086,0.5381,0.95,-0.4119,0,1.15,3614.9376,0,-3614.9376,Critical,Simulated field-force metrics; Sales/Target = real+derived
321670,2,Midwest,2015-05-01 00:00:00,26,19,0.730769230769231,516,331,0.641472868217054,-185,0.4961,0.9,-0.4039,0.6422,0.95,-0.3078,0,1.05,3300.5952,0,-3300.5952,Critical,Simulated field-force metrics; Sales/Target = real+derived
321670,2,Midwest,2015-06-01 00:00:00,26,19,0.730769230769231,524,320,0.610687022900763,-204,0.4829,0.9,-0.4171,0.6015,0.95,-0.3485,0,1.06,3332.02944,0,-3332.02944,Critical,Simulated field-force metrics; Sales/Target = real+derived
321670,2,Midwest,2015-07-01 00:00:00,26,20,0.769230769230769,532,329,0.618421052631579,-203,0.4811,0.9,-0.4189,0.5489,0.95,-0.4011,0,1.07,3363.46368,0,-3363.46368,Critical,Simulated field-force metrics; Sales/Target = real+derived
321670,2,Midwest,2015-08-01 00:00:00,26,19,0.730769230769231,540,360,0.666666666666667,-180,0.5565,0.9,-0.3435,0.5562,0.95,-0.3938,0,1.08,3394.89792,0,-3394.89792,Critical,Simulated field-force metrics; Sales/Target = real+derived
321670,2,Midwest,2015-09-01 00:00:00,26,18,0.692307692307692,516,293,0.567829457364341,-223,0.5523,0.9,-0.3477,0.5947,0.95,-0.3553,0,1.09,3426.33216,0,-3426.33216,Critical,Simulated field-force metrics; Sales/Target = real+derived
321670,2,Midwest,2015-10-01 00:00:00,26,20,0.769230769230769,524,288,0.549618320610687,-236,0.5388,0.9,-0.3612,0.5858,0.95,-0.3642,0,1.1,3457.7664,0,-3457.7664,Critical,Simulated field-force metrics; Sales/Target = real+derived
321670,2,Midwest,2015-11-01 00:00:00,26,19,0.730769230769231,532,323,0.607142857142857,-209,0.5378,0.9,-0.3622,0.5395,0.95,-0.4105,0,1.11,3489.20064,0,-3489.20064,Critical,Simulated field-force metrics; Sales/Target = real+derived
321670,2,Midwest,2015-12-01 00:00:00,26,18,0.692307692307692,540,321,0.594444444444444,-219,0.5168,0.9,-0.3832,0.5417,0.95,-0.4083,0,1.12,3520.63488,0,-3520.63488,Critical,Simulated field-force metrics; Sales/Target = real+derived
321670,2,Midwest,2016-01-01 00:00:00,26,19,0.730769230769231,516,304,0.589147286821706,-212,0.5268,0.9,-0.3732,0.5639,0.95,-0.3861,0,1.13,3552.06912,0,-3552.06912,Critical,Simulated field-force metrics; Sales/Target = real+derived
321670,2,Midwest,2016-02-01 00:00:00,26,19,0.730769230769231,524,310,0.591603053435115,-214,0.5315,0.9,-0.3685,0.4819,0.95,-0.4681,0,1.14,3583.50336,0,-3583.50336,Critical,Simulated field-force metrics; Sales/Target = real+derived
321670,2,Midwest,2016-03-01 00:00:00,26,20,0.769230769230769,532,323,0.607142857142857,-209,0.5296,0.9,-0.3704,0.5825,0.95,-0.3675,0,1.15,3614.9376,0,-3614.9376,Critical,Simulated field-force metrics; Sales/Target = real+derived
321670,2,Midwest,2016-04-01 00:00:00,26,18,0.692307692307692,540,297,0.55,-243,0.5378,0.9,-0.3622,0.5498,0.95,-0.4002,0,1.05,3300.5952,0,-3300.5952,Critical,Simulated field-force metrics; Sales/Target = real+derived
321670,2,Midwest,2016-05-01 00:00:00,26,20,0.769230769230769,516,304,0.589147286821706,-212,0.5515,0.9,-0.3485,0.5848,0.95,-0.3652,0,1.06,3332.02944,0,-3332.02944,Critical,Simulated field-force metrics; Sales/Target = real+derived
321670,2,Midwest,2016-06-01 00:00:00,26,20,0.769230769230769,524,313,0.597328244274809,-211,0.4545,0.9,-0.4455,0.5645,0.95,-0.3855,0,1.07,3363.46368,0,-3363.46368,Critical,Simulated field-force metrics; Sales/Target = real+derived
321670,2,Midwest,2016-07-01 00:00:00,26,20,0.769230769230769,532,337,0.633458646616541,-195,0.4974,0.9,-0.4026,0.5676,0.95,-0.3824,0,1.08,3394.89792,0,-3394.89792,Critical,Simulated field-force metrics; Sales/Target = real+derived
321670,2,Midwest,2016-08-01 00:00:00,26,20,0.769230769230769,540,362,0.67037037037037,-178,0.4976,0.9,-0.4024,0.5361,0.95,-0.4139,2001.92,1.09,3426.33216,0.584274934978867,-1424.41216,Critical,Simulated field-force metrics; Sales/Target = real+derived
321670,2,Midwest,2016-09-01 00:00:00,26,20,0.769230769230769,516,315,0.61046511627907,-201,0.4891,0.9,-0.4109,0.5573,0.95,-0.3927,2022.94,1.1,3457.7664,0.58504241350717,-1434.8264,Critical,Simulated field-force metrics; Sales/Target = real+derived
321670,2,Midwest,2016-10-01 00:00:00,26,20,0.769230769230769,524,320,0.610687022900763,-204,0.5359,0.9,-0.3641,0.5407,0.95,-0.4093,1813.02,1.11,3489.20064,0.519608984136837,-1676.18064,Critical,Simulated field-force metrics; Sales/Target = real+derived
321670,2,Midwest,2016-11-01 00:00:00,26,21,0.807692307692308,532,304,0.571428571428571,-228,0.5077,0.9,-0.3923,0.5459,0.95,-0.4041,3646.06,1.12,3520.63488,1.03562571078089,125.425119999999,Critical,Simulated field-force metrics; Sales/Target = real+derived
321670,2,Midwest,2016-12-01 00:00:00,26,20,0.769230769230769,540,297,0.55,-243,0.4824,0.9,-0.4176,0.4704,0.95,-0.4796,6233.18,1.13,3552.06912,1.75480256420235,2681.11088,Critical,Simulated field-force metrics; Sales/Target = real+derived
321670,2,Midwest,2017-01-01 00:00:00,26,20,0.769230769230769,516,290,0.562015503875969,-226,0.5148,0.9,-0.3852,0.5698,0.95,-0.3802,0,1.14,3583.50336,0,-3583.50336,Critical,Simulated field-force metrics; Sales/Target = real+derived
321680,2,Midwest,2015-01-01 00:00:00,26,23,0.884615384615385,528,500,0.946969696969697,-28,0.8852,0.9,-0.0148,0.9564,0.95,0.00640000000000007,14730.34,1.15,8060.25644594595,1.82752746128926,6670.08355405406,Healthy,Simulated field-force metrics; Sales/Target = real+derived
321680,2,Midwest,2015-02-01 00:00:00,26,24,0.923076923076923,536,488,0.91044776119403,-48,0.8898,0.9,-0.0102,0.9701,0.95,0.0201,3788.16,1.05,7359.36458108108,0.51474009179248,-3571.20458108108,Critical,Simulated field-force metrics; Sales/Target = real+derived
321680,2,Midwest,2015-03-01 00:00:00,26,24,0.923076923076923,544,480,0.882352941176471,-64,0.9186,0.9,0.0186,0.9,0.95,-0.0499999999999999,13551.63,1.06,7429.45376756757,1.82404123155838,6122.17623243243,Healthy,Simulated field-force metrics; Sales/Target = real+derived
321680,2,Midwest,2015-04-01 00:00:00,26,25,0.961538461538462,552,540,0.978260869565217,-12,0.9058,0.9,0.00580000000000003,0.9415,0.95,-0.00849999999999995,5125.53,1.07,7499.54295405405,0.683445648808408,-2374.01295405405,Critical,Simulated field-force metrics; Sales/Target = real+derived
321680,2,Midwest,2015-05-01 00:00:00,26,24,0.923076923076923,528,510,0.965909090909091,-18,0.8827,0.9,-0.0173,0.9408,0.95,-0.00919999999999999,4237.96,1.08,7569.63214054054,0.559863401723689,-3331.67214054054,Critical,Simulated field-force metrics; Sales/Target = real+derived
321680,2,Midwest,2015-06-01 00:00:00,26,24,0.923076923076923,536,491,0.916044776119403,-45,0.8741,0.9,-0.0259,0.8894,0.95,-0.0606,6391.08,1.09,7639.72132702703,0.836559309747371,-1248.64132702703,At Risk,Simulated field-force metrics; Sales/Target = real+derived
321680,2,Midwest,2015-07-01 00:00:00,26,23,0.884615384615385,544,471,0.865808823529412,-73,0.9212,0.9,0.0212,0.98,0.95,0.03,5914.43,1.1,7709.81051351351,0.767130396996576,-1795.38051351351,Critical,Simulated field-force metrics; Sales/Target = real+derived
321680,2,Midwest,2015-08-01 00:00:00,26,25,0.961538461538462,552,482,0.873188405797101,-70,0.9211,0.9,0.0211,0.98,0.95,0.03,6511.48,1.11,7779.8997,0.836961946951578,-1268.4197,At Risk,Simulated field-force metrics; Sales/Target = real+derived
321680,2,Midwest,2015-09-01 00:00:00,26,24,0.923076923076923,528,497,0.941287878787879,-31,0.8254,0.9,-0.0746,0.9333,0.95,-0.0166999999999999,6655.75,1.12,7849.98888648649,0.847867442393157,-1194.23888648649,At Risk,Simulated field-force metrics; Sales/Target = real+derived
321680,2,Midwest,2015-10-01 00:00:00,26,23,0.884615384615385,536,507,0.94589552238806,-29,0.841,0.9,-0.0590000000000001,0.9453,0.95,-0.00469999999999993,9282.71,1.13,7920.07807297297,1.17204778974048,1362.63192702703,Healthy,Simulated field-force metrics; Sales/Target = real+derived
321680,2,Midwest,2015-11-01 00:00:00,26,25,0.961538461538462,544,493,0.90625,-51,0.8559,0.9,-0.0441,0.853,0.95,-0.097,5939.25,1.14,7990.16725945946,0.743319858913917,-2050.91725945946,Critical,Simulated field-force metrics; Sales/Target = real+derived
321680,2,Midwest,2015-12-01 00:00:00,26,24,0.923076923076923,552,505,0.914855072463768,-47,0.8414,0.9,-0.0586,0.9422,0.95,-0.00779999999999992,8514.94,1.15,8060.25644594595,1.05641055679844,454.683554054055,Healthy,Simulated field-force metrics; Sales/Target = real+derived
321680,2,Midwest,2016-01-01 00:00:00,26,24,0.923076923076923,528,473,0.895833333333333,-55,0.8763,0.9,-0.0237000000000001,0.9691,0.95,0.0191,5775.81,1.05,7359.36458108108,0.784824550593408,-1583.55458108108,Critical,Simulated field-force metrics; Sales/Target = real+derived
321680,2,Midwest,2016-02-01 00:00:00,26,24,0.923076923076923,536,500,0.932835820895522,-36,0.9174,0.9,0.0174,0.8971,0.95,-0.0529,6104.02,1.06,7429.45376756757,0.821597413614229,-1325.43376756757,At Risk,Simulated field-force metrics; Sales/Target = real+derived
321680,2,Midwest,2016-03-01 00:00:00,26,24,0.923076923076923,544,514,0.944852941176471,-30,0.8792,0.9,-0.0208,0.9472,0.95,-0.00279999999999991,5105.75,1.07,7499.54295405405,0.680808154747613,-2393.79295405405,Critical,Simulated field-force metrics; Sales/Target = real+derived
321680,2,Midwest,2016-04-01 00:00:00,26,23,0.884615384615385,552,529,0.958333333333333,-23,0.915,0.9,0.015,0.8353,0.95,-0.1147,13892.05,1.08,7569.63214054054,1.83523449251894,6322.41785945946,Healthy,Simulated field-force metrics; Sales/Target = real+derived
321680,2,Midwest,2016-05-01 00:00:00,26,25,0.961538461538462,528,431,0.816287878787879,-97,0.8741,0.9,-0.0259,0.9671,0.95,0.0171,6555.54,1.09,7639.72132702703,0.85808627296502,-1084.18132702703,At Risk,Simulated field-force metrics; Sales/Target = real+derived
321680,2,Midwest,2016-06-01 00:00:00,26,24,0.923076923076923,536,471,0.878731343283582,-65,0.8574,0.9,-0.0426,0.9647,0.95,0.0147,4485.38,1.1,7709.81051351351,0.581775647032851,-3224.43051351351,Critical,Simulated field-force metrics; Sales/Target = real+derived
321680,2,Midwest,2016-07-01 00:00:00,26,23,0.884615384615385,544,535,0.983455882352941,-9,0.8938,0.9,-0.00619999999999998,0.8925,0.95,-0.0575,7970.97,1.11,7779.8997,1.02455948114601,191.070299999999,Healthy,Simulated field-force metrics; Sales/Target = real+derived
321680,2,Midwest,2016-08-01 00:00:00,26,24,0.923076923076923,552,495,0.896739130434783,-57,0.926,0.9,0.026,0.9647,0.95,0.0147,6374.3,1.12,7849.98888648649,0.81201388844934,-1475.68888648649,At Risk,Simulated field-force metrics; Sales/Target = real+derived
321680,2,Midwest,2016-09-01 00:00:00,26,23,0.884615384615385,528,487,0.922348484848485,-41,0.8655,0.9,-0.0345,0.9752,0.95,0.0252,6306.45,1.13,7920.07807297297,0.7962610900921,-1613.62807297297,Critical,Simulated field-force metrics; Sales/Target = real+derived
321680,2,Midwest,2016-10-01 00:00:00,26,23,0.884615384615385,536,531,0.990671641791045,-5,0.8945,0.9,-0.00550000000000006,0.8936,0.95,-0.0564,9005.07,1.14,7990.16725945946,1.12701896062802,1014.90274054054,Healthy,Simulated field-force metrics; Sales/Target = real+derived
321680,2,Midwest,2016-11-01 00:00:00,26,23,0.884615384615385,544,493,0.90625,-51,0.8511,0.9,-0.0489000000000001,0.9311,0.95,-0.0188999999999999,9350.37,1.15,8060.25644594595,1.16005862378026,1290.11355405406,Healthy,Simulated field-force metrics; Sales/Target = real+derived
321680,2,Midwest,2016-12-01 00:00:00,26,23,0.884615384615385,552,470,0.851449275362319,-82,0.8824,0.9,-0.0176000000000001,0.8694,0.95,-0.0806,8489.76,1.05,7359.36458108108,1.15359959497385,1130.39541891892,Healthy,Simulated field-force metrics; Sales/Target = real+derived
321680,2,Midwest,2017-01-01 00:00:00,26,23,0.884615384615385,528,476,0.901515151515152,-52,0.8652,0.9,-0.0348000000000001,0.98,0.95,0.03,0,1.06,7429.45376756757,0,-7429.45376756757,Critical,Simulated field-force metrics; Sales/Target = real+derived
321690,2,Midwest,2015-01-01 00:00:00,26,22,0.846153846153846,540,422,0.781481481481481,-118,0.6478,0.9,-0.2522,0.7073,0.95,-0.2427,7114.26,1.07,7496.29920263158,0.949036292134996,-382.039202631579,Critical,Simulated field-force metrics; Sales/Target = real+derived
321690,2,Midwest,2015-02-01 00:00:00,26,22,0.846153846153846,548,400,0.72992700729927,-148,0.7418,0.9,-0.1582,0.7022,0.95,-0.2478,2944.28,1.08,7566.35807368421,0.389127764153828,-4622.07807368421,Critical,Simulated field-force metrics; Sales/Target = real+derived
321690,2,Midwest,2015-03-01 00:00:00,26,22,0.846153846153846,556,416,0.748201438848921,-140,0.7158,0.9,-0.1842,0.718,0.95,-0.232,7084.24,1.09,7636.41694473684,0.927691619154267,-552.176944736843,At Risk,Simulated field-force metrics; Sales/Target = real+derived
321690,2,Midwest,2015-04-01 00:00:00,26,22,0.846153846153846,564,430,0.762411347517731,-134,0.6843,0.9,-0.2157,0.7526,0.95,-0.1974,4370.4,1.1,7706.47581578948,0.567107469674487,-3336.07581578948,Critical,Simulated field-force metrics; Sales/Target = real+derived
321690,2,Midwest,2015-05-01 00:00:00,26,22,0.846153846153846,540,414,0.766666666666667,-126,0.6949,0.9,-0.2051,0.7651,0.95,-0.1849,4289.81,1.11,7776.53468684211,0.551635165629539,-3486.72468684211,Critical,Simulated field-force metrics; Sales/Target = real+derived
321690,2,Midwest,2015-06-01 00:00:00,26,22,0.846153846153846,548,416,0.759124087591241,-132,0.7137,0.9,-0.1863,0.7994,0.95,-0.1506,4578.91,1.12,7846.59355789474,0.583553865281195,-3267.68355789474,Critical,Simulated field-force metrics; Sales/Target = real+derived
321690,2,Midwest,2015-07-01 00:00:00,26,21,0.807692307692308,556,446,0.802158273381295,-110,0.6438,0.9,-0.2562,0.7372,0.95,-0.2128,4860.47,1.13,7916.65242894737,0.613955209430139,-3056.18242894737,Critical,Simulated field-force metrics; Sales/Target = real+derived
321690,2,Midwest,2015-08-01 00:00:00,26,23,0.884615384615385,564,446,0.790780141843972,-118,0.716,0.9,-0.184,0.7208,0.95,-0.2292,4713.88,1.14,7986.7113,0.590215399422288,-3272.8313,Critical,Simulated field-force metrics; Sales/Target = real+derived
321690,2,Midwest,2015-09-01 00:00:00,26,22,0.846153846153846,540,411,0.761111111111111,-129,0.6825,0.9,-0.2175,0.7252,0.95,-0.2248,4012.34,1.15,8056.77017105263,0.498008496558092,-4044.43017105263,Critical,Simulated field-force metrics; Sales/Target = real+derived
321690,2,Midwest,2015-10-01 00:00:00,26,22,0.846153846153846,548,406,0.740875912408759,-142,0.6818,0.9,-0.2182,0.6877,0.95,-0.2623,8880.84,1.05,7356.18146052632,1.20726222533458,1524.65853947368,Critical,Simulated field-force metrics; Sales/Target = real+derived
321690,2,Midwest,2015-11-01 00:00:00,26,22,0.846153846153846,556,441,0.793165467625899,-115,0.7181,0.9,-0.1819,0.7745,0.95,-0.1755,6774,1.06,7426.24033157895,0.912170855984098,-652.240331578948,At Risk,Simulated field-force metrics; Sales/Target = real+derived
321690,2,Midwest,2015-12-01 00:00:00,26,22,0.846153846153846,564,444,0.787234042553192,-120,0.7206,0.9,-0.1794,0.7379,0.95,-0.2121,11555.2,1.07,7496.29920263158,1.54145394782849,4058.90079736842,At Risk,Simulated field-force metrics; Sales/Target = real+derived
321690,2,Midwest,2016-01-01 00:00:00,26,21,0.807692307692308,540,464,0.859259259259259,-76,0.6942,0.9,-0.2058,0.7138,0.95,-0.2362,9864.03,1.08,7566.35807368421,1.30366946738975,2297.67192631579,Critical,Simulated field-force metrics; Sales/Target = real+derived
321690,2,Midwest,2016-02-01 00:00:00,26,22,0.846153846153846,548,428,0.781021897810219,-120,0.6608,0.9,-0.2392,0.7714,0.95,-0.1786,9991.76,1.09,7636.41694473684,1.30843562790092,2355.34305526316,Critical,Simulated field-force metrics; Sales/Target = real+derived
321690,2,Midwest,2016-03-01 00:00:00,26,22,0.846153846153846,556,404,0.726618705035971,-152,0.7516,0.9,-0.1484,0.7677,0.95,-0.1823,9950.94,1.1,7706.47581578948,1.29124391458051,2244.46418421052,At Risk,Simulated field-force metrics; Sales/Target = real+derived
321690,2,Midwest,2016-04-01 00:00:00,26,21,0.807692307692308,564,475,0.842198581560284,-89,0.7331,0.9,-0.1669,0.7426,0.95,-0.2074,9795.07,1.11,7776.53468684211,1.25956745445671,2018.53531315789,At Risk,Simulated field-force metrics; Sales/Target = real+derived
321690,2,Midwest,2016-05-01 00:00:00,26,23,0.884615384615385,540,420,0.777777777777778,-120,0.709,0.9,-0.191,0.7163,0.95,-0.2337,7244.05,1.12,7846.59355789474,0.923209536284889,-602.543557894738,At Risk,Simulated field-force metrics; Sales/Target = real+derived
321690,2,Midwest,2016-06-01 00:00:00,26,22,0.846153846153846,548,433,0.79014598540146,-115,0.7105,0.9,-0.1895,0.7119,0.95,-0.2381,9711.14,1.13,7916.65242894737,1.22667252189714,1794.48757105263,At Risk,Simulated field-force metrics; Sales/Target = real+derived
321690,2,Midwest,2016-07-01 00:00:00,26,22,0.846153846153846,556,427,0.767985611510791,-129,0.6633,0.9,-0.2367,0.681,0.95,-0.269,9984.8,1.14,7986.7113,1.25017665281078,1998.0887,Critical,Simulated field-force metrics; Sales/Target = real+derived
321690,2,Midwest,2016-08-01 00:00:00,26,22,0.846153846153846,564,376,0.666666666666667,-188,0.7172,0.9,-0.1828,0.7239,0.95,-0.2261,12847.59,1.15,8056.77017105263,1.59463280287682,4790.81982894737,At Risk,Simulated field-force metrics; Sales/Target = real+derived
321690,2,Midwest,2016-09-01 00:00:00,26,23,0.884615384615385,540,406,0.751851851851852,-134,0.7331,0.9,-0.1669,0.7291,0.95,-0.2209,6954.38,1.05,7356.18146052632,0.945379071644384,-401.801460526317,At Risk,Simulated field-force metrics; Sales/Target = real+derived
321690,2,Midwest,2016-10-01 00:00:00,26,22,0.846153846153846,548,439,0.801094890510949,-109,0.6938,0.9,-0.2062,0.772,0.95,-0.178,14142.96,1.06,7426.24033157895,1.90445762169307,6716.71966842105,Critical,Simulated field-force metrics; Sales/Target = real+derived
321690,2,Midwest,2016-11-01 00:00:00,26,21,0.807692307692308,556,435,0.782374100719425,-121,0.7423,0.9,-0.1577,0.7675,0.95,-0.1825,15433.56,1.07,7496.29920263158,2.05882390534546,7937.26079736842,At Risk,Simulated field-force metrics; Sales/Target = real+derived
321690,2,Midwest,2016-12-01 00:00:00,26,23,0.884615384615385,564,418,0.74113475177305,-146,0.6617,0.9,-0.2383,0.6975,0.95,-0.2525,11648.08,1.08,7566.35807368421,1.53945661658705,4081.72192631579,Critical,Simulated field-force metrics; Sales/Target = real+derived
321690,2,Midwest,2017-01-01 00:00:00,26,22,0.846153846153846,540,427,0.790740740740741,-113,0.7136,0.9,-0.1864,0.7007,0.95,-0.2493,1525.98,1.09,7636.41694473684,0.199829319305533,-6110.43694473684,Critical,Simulated field-force metrics; Sales/Target = real+derived
321700,2,Midwest,2015-01-01 00:00:00,26,22,0.846153846153846,552,385,0.697463768115942,-167,0.7236,0.9,-0.1764,0.8173,0.95,-0.1327,2796.71,1.1,6771.58930555556,0.413006441147504,-3974.87930555556,Critical,Simulated field-force metrics; Sales/Target = real+derived
321700,2,Midwest,2015-02-01 00:00:00,26,22,0.846153846153846,560,431,0.769642857142857,-129,0.6658,0.9,-0.2342,0.6452,0.95,-0.3048,3242.19,1.11,6833.14920833333,0.47447961417936,-3590.95920833333,Critical,Simulated field-force metrics; Sales/Target = real+derived
321700,2,Midwest,2015-03-01 00:00:00,26,21,0.807692307692308,568,399,0.702464788732394,-169,0.6324,0.9,-0.2676,0.7639,0.95,-0.1861,6799.09,1.12,6894.70911111111,0.986131523524754,-95.619111111112,Critical,Simulated field-force metrics; Sales/Target = real+derived
321700,2,Midwest,2015-04-01 00:00:00,26,22,0.846153846153846,576,439,0.762152777777778,-137,0.6722,0.9,-0.2278,0.7035,0.95,-0.2465,2662.3,1.13,6956.26901388889,0.382719528914775,-4293.96901388889,Critical,Simulated field-force metrics; Sales/Target = real+derived
321700,2,Midwest,2015-05-01 00:00:00,26,22,0.846153846153846,552,411,0.744565217391304,-141,0.7016,0.9,-0.1984,0.7071,0.95,-0.2429,5921.83,1.14,7017.82891666667,0.84382649824025,-1095.99891666667,At Risk,Simulated field-force metrics; Sales/Target = real+derived
321700,2,Midwest,2015-06-01 00:00:00,26,21,0.807692307692308,560,387,0.691071428571429,-173,0.6138,0.9,-0.2862,0.6916,0.95,-0.2584,5350.19,1.15,7079.38881944444,0.755741793035159,-1729.19881944444,Critical,Simulated field-force metrics; Sales/Target = real+derived
321700,2,Midwest,2015-07-01 00:00:00,26,21,0.807692307692308,568,395,0.695422535211268,-173,0.6818,0.9,-0.2182,0.7129,0.95,-0.2371,5498.98,1.05,6463.78979166667,0.850736205420768,-964.809791666668,Critical,Simulated field-force metrics; Sales/Target = real+derived
321700,2,Midwest,2015-08-01 00:00:00,26,20,0.769230769230769,576,409,0.710069444444444,-167,0.6973,0.9,-0.2027,0.7269,0.95,-0.2231,7429.28,1.06,6525.34969444445,1.13852595613767,903.930305555556,Critical,Simulated field-force metrics; Sales/Target = real+derived
321700,2,Midwest,2015-09-01 00:00:00,26,21,0.807692307692308,552,416,0.753623188405797,-136,0.7188,0.9,-0.1812,0.7437,0.95,-0.2063,5197.72,1.07,6586.90959722222,0.789098426702553,-1389.18959722222,Critical,Simulated field-force metrics; Sales/Target = real+derived
321700,2,Midwest,2015-10-01 00:00:00,26,21,0.807692307692308,560,408,0.728571428571429,-152,0.661,0.9,-0.239,0.7242,0.95,-0.2258,5144.16,1.08,6648.4695,0.773735970361299,-1504.3095,Critical,Simulated field-force metrics; Sales/Target = real+derived
321700,2,Midwest,2015-11-01 00:00:00,26,22,0.846153846153846,568,438,0.77112676056338,-130,0.6876,0.9,-0.2124,0.7405,0.95,-0.2095,6458.21,1.09,6710.02940277778,0.962471192350732,-251.819402777778,Critical,Simulated field-force metrics; Sales/Target = real+derived
321700,2,Midwest,2015-12-01 00:00:00,26,21,0.807692307692308,576,448,0.777777777777778,-128,0.7135,0.9,-0.1865,0.6876,0.95,-0.2624,5425.17,1.1,6771.58930555556,0.801166425664515,-1346.41930555556,At Risk,Simulated field-force metrics; Sales/Target = real+derived
321700,2,Midwest,2016-01-01 00:00:00,26,20,0.769230769230769,552,446,0.807971014492754,-106,0.692,0.9,-0.208,0.6525,0.95,-0.2975,6163.36,1.11,6833.14920833333,0.901979425896848,-669.789208333335,Critical,Simulated field-force metrics; Sales/Target = real+derived
321700,2,Midwest,2016-02-01 00:00:00,26,21,0.807692307692308,560,435,0.776785714285714,-125,0.6732,0.9,-0.2268,0.6918,0.95,-0.2582,5511.35,1.12,6894.70911111111,0.799359321935458,-1383.35911111111,Critical,Simulated field-force metrics; Sales/Target = real+derived
321700,2,Midwest,2016-03-01 00:00:00,26,22,0.846153846153846,568,400,0.704225352112676,-168,0.6551,0.9,-0.2449,0.7144,0.95,-0.2356,6623.92,1.13,6956.26901388889,0.952223093554128,-332.349013888888,Critical,Simulated field-force metrics; Sales/Target = real+derived
321700,2,Midwest,2016-04-01 00:00:00,26,22,0.846153846153846,576,442,0.767361111111111,-134,0.7149,0.9,-0.1851,0.7229,0.95,-0.2271,3271.91,1.14,7017.82891666667,0.46622823651764,-3745.91891666667,Critical,Simulated field-force metrics; Sales/Target = real+derived
321700,2,Midwest,2016-05-01 00:00:00,26,22,0.846153846153846,552,406,0.735507246376812,-146,0.6852,0.9,-0.2148,0.7153,0.95,-0.2347,6953,1.15,7079.38881944444,0.982146930664791,-126.388819444444,Critical,Simulated field-force metrics; Sales/Target = real+derived
321700,2,Midwest,2016-06-01 00:00:00,26,22,0.846153846153846,560,435,0.776785714285714,-125,0.7025,0.9,-0.1975,0.7156,0.95,-0.2344,6692.75,1.05,6463.78979166667,1.03542197622647,228.960208333333,At Risk,Simulated field-force metrics; Sales/Target = real+derived
321700,2,Midwest,2016-07-01 00:00:00,26,21,0.807692307692308,568,426,0.75,-142,0.682,0.9,-0.218,0.7178,0.95,-0.2322,6753.91,1.06,6525.34969444445,1.03502652214182,228.560305555555,Critical,Simulated field-force metrics; Sales/Target = real+derived
321700,2,Midwest,2016-08-01 00:00:00,26,23,0.884615384615385,576,418,0.725694444444444,-158,0.6978,0.9,-0.2022,0.7508,0.95,-0.1992,13132.94,1.07,6586.90959722222,1.99379387346356,6546.03040277778,Critical,Simulated field-force metrics; Sales/Target = real+derived
321700,2,Midwest,2016-09-01 00:00:00,26,21,0.807692307692308,552,464,0.840579710144928,-88,0.6698,0.9,-0.2302,0.7205,0.95,-0.2295,10156.94,1.08,6648.4695,1.52771100175762,3508.4705,Critical,Simulated field-force metrics; Sales/Target = real+derived
321700,2,Midwest,2016-10-01 00:00:00,26,21,0.807692307692308,560,410,0.732142857142857,-150,0.6917,0.9,-0.2083,0.7421,0.95,-0.2079,26947.09,1.09,6710.02940277778,4.01594216395603,20237.0605972222,Critical,Simulated field-force metrics; Sales/Target = real+derived
321700,2,Midwest,2016-11-01 00:00:00,26,22,0.846153846153846,568,453,0.797535211267606,-115,0.6797,0.9,-0.2203,0.6991,0.95,-0.2509,14682.83,1.1,6771.58930555556,2.1682989527959,7911.24069444444,Critical,Simulated field-force metrics; Sales/Target = real+derived
321700,2,Midwest,2016-12-01 00:00:00,26,23,0.884615384615385,576,439,0.762152777777778,-137,0.6578,0.9,-0.2422,0.6831,0.95,-0.2669,19185.21,1.11,6833.14920833333,2.80766736025649,12352.0607916667,Critical,Simulated field-force metrics; Sales/Target = real+derived
321700,2,Midwest,2017-01-01 00:00:00,26,21,0.807692307692308,552,433,0.784420289855073,-119,0.6703,0.9,-0.2297,0.7137,0.95,-0.2363,0,1.12,6894.70911111111,0,-6894.70911111111,Critical,Simulated field-force metrics; Sales/Target = real+derived
321710,2,Midwest,2015-01-01 00:00:00,26,20,0.769230769230769,480,330,0.6875,-150,0.5542,0.9,-0.3458,0.5649,0.95,-0.3851,0,1.13,5605.74112857143,0,-5605.74112857143,Critical,Simulated field-force metrics; Sales/Target = real+derived
321710,2,Midwest,2015-02-01 00:00:00,26,20,0.769230769230769,488,333,0.682377049180328,-155,0.5955,0.9,-0.3045,0.5804,0.95,-0.3696,0,1.14,5655.34945714286,0,-5655.34945714286,Critical,Simulated field-force metrics; Sales/Target = real+derived
321710,2,Midwest,2015-03-01 00:00:00,26,21,0.807692307692308,496,311,0.627016129032258,-185,0.5656,0.9,-0.3344,0.5712,0.95,-0.3788,0,1.15,5704.95778571429,0,-5704.95778571429,Critical,Simulated field-force metrics; Sales/Target = real+derived
321710,2,Midwest,2015-04-01 00:00:00,26,21,0.807692307692308,504,344,0.682539682539683,-160,0.605,0.9,-0.295,0.6538,0.95,-0.2962,1348.22,1.05,5208.8745,0.258831346387785,-3860.6545,Critical,Simulated field-force metrics; Sales/Target = real+derived
321710,2,Midwest,2015-05-01 00:00:00,26,22,0.846153846153846,480,283,0.589583333333333,-197,0.558,0.9,-0.342,0.5816,0.95,-0.3684,3576.61,1.06,5258.48282857143,0.680160060724522,-1681.87282857143,Critical,Simulated field-force metrics; Sales/Target = real+derived
321710,2,Midwest,2015-06-01 00:00:00,26,20,0.769230769230769,488,300,0.614754098360656,-188,0.5733,0.9,-0.3267,0.5629,0.95,-0.3871,4864.11,1.07,5308.09115714286,0.916357661539891,-443.981157142857,Critical,Simulated field-force metrics; Sales/Target = real+derived
321710,2,Midwest,2015-07-01 00:00:00,26,20,0.769230769230769,496,327,0.659274193548387,-169,0.6007,0.9,-0.2993,0.6273,0.95,-0.3227,3082.05,1.08,5357.69948571429,0.575256228576826,-2275.64948571429,Critical,Simulated field-force metrics; Sales/Target = real+derived
321710,2,Midwest,2015-08-01 00:00:00,26,21,0.807692307692308,504,324,0.642857142857143,-180,0.6581,0.9,-0.2419,0.6263,0.95,-0.3237,3585.53,1.09,5407.30781428572,0.663089678476837,-1821.77781428571,Critical,Simulated field-force metrics; Sales/Target = real+derived
321710,2,Midwest,2015-09-01 00:00:00,26,19,0.730769230769231,480,296,0.616666666666667,-184,0.5229,0.9,-0.3771,0.5985,0.95,-0.3515,2509.97,1.1,5456.91614285714,0.45996125545844,-2946.94614285714,Critical,Simulated field-force metrics; Sales/Target = real+derived
321710,2,Midwest,2015-10-01 00:00:00,26,20,0.769230769230769,488,312,0.639344262295082,-176,0.6542,0.9,-0.2458,0.6368,0.95,-0.3132,3361.58,1.11,5506.52447142857,0.610472180309388,-2144.94447142857,Critical,Simulated field-force metrics; Sales/Target = real+derived
321710,2,Midwest,2015-11-01 00:00:00,26,21,0.807692307692308,496,308,0.620967741935484,-188,0.5488,0.9,-0.3512,0.603,0.95,-0.347,2835.36,1.12,5556.1328,0.510311776565168,-2720.7728,Critical,Simulated field-force metrics; Sales/Target = real+derived
321710,2,Midwest,2015-12-01 00:00:00,26,20,0.769230769230769,504,294,0.583333333333333,-210,0.5775,0.9,-0.3225,0.6066,0.95,-0.3434,2694.1,1.13,5605.74112857143,0.480596577367562,-2911.64112857143,Critical,Simulated field-force metrics; Sales/Target = real+derived
321710,2,Midwest,2016-01-01 00:00:00,26,20,0.769230769230769,480,300,0.625,-180,0.5649,0.9,-0.3351,0.598,0.95,-0.352,2315.38,1.14,5655.34945714286,0.40941413391804,-3339.96945714286,Critical,Simulated field-force metrics; Sales/Target = real+derived
321710,2,Midwest,2016-02-01 00:00:00,26,20,0.769230769230769,488,333,0.682377049180328,-155,0.6216,0.9,-0.2784,0.6024,0.95,-0.3476,3482.78,1.15,5704.95778571429,0.610483044891443,-2222.17778571429,Critical,Simulated field-force metrics; Sales/Target = real+derived
321710,2,Midwest,2016-03-01 00:00:00,26,20,0.769230769230769,496,335,0.675403225806452,-161,0.6052,0.9,-0.2948,0.595,0.95,-0.355,3565.4,1.05,5208.8745,0.684485679199988,-1643.4745,Critical,Simulated field-force metrics; Sales/Target = real+derived
321710,2,Midwest,2016-04-01 00:00:00,26,21,0.807692307692308,504,351,0.696428571428571,-153,0.629,0.9,-0.271,0.676,0.95,-0.274,13308.31,1.06,5258.48282857143,2.53082693884454,8049.82717142857,Critical,Simulated field-force metrics; Sales/Target = real+derived
321710,2,Midwest,2016-05-01 00:00:00,26,20,0.769230769230769,480,316,0.658333333333333,-164,0.5842,0.9,-0.3158,0.6036,0.95,-0.3464,5287.89,1.07,5308.09115714286,0.996194270869732,-20.2011571428575,Critical,Simulated field-force metrics; Sales/Target = real+derived
321710,2,Midwest,2016-06-01 00:00:00,26,20,0.769230769230769,488,292,0.598360655737705,-196,0.5871,0.9,-0.3129,0.5806,0.95,-0.3694,3748.67,1.08,5357.69948571429,0.699679033882997,-1609.02948571429,Critical,Simulated field-force metrics; Sales/Target = real+derived
321710,2,Midwest,2016-07-01 00:00:00,26,20,0.769230769230769,496,310,0.625,-186,0.5453,0.9,-0.3547,0.6094,0.95,-0.3406,5777.71,1.09,5407.30781428572,1.06850029597644,370.402185714285,Critical,Simulated field-force metrics; Sales/Target = real+derived
321710,2,Midwest,2016-08-01 00:00:00,26,20,0.769230769230769,504,343,0.680555555555556,-161,0.6603,0.9,-0.2397,0.6282,0.95,-0.3218,4083.4,1.1,5456.91614285714,0.748298103379321,-1373.51614285714,Critical,Simulated field-force metrics; Sales/Target = real+derived
321710,2,Midwest,2016-09-01 00:00:00,26,21,0.807692307692308,480,295,0.614583333333333,-185,0.5388,0.9,-0.3612,0.6556,0.95,-0.2944,3906.45,1.11,5506.52447142857,0.709422071992815,-1600.07447142857,Critical,Simulated field-force metrics; Sales/Target = real+derived
321710,2,Midwest,2016-10-01 00:00:00,26,20,0.769230769230769,488,300,0.614754098360656,-188,0.5824,0.9,-0.3176,0.6036,0.95,-0.3464,11881.93,1.12,5556.1328,2.13852519867776,6325.7972,Critical,Simulated field-force metrics; Sales/Target = real+derived
321710,2,Midwest,2016-11-01 00:00:00,26,20,0.769230769230769,496,320,0.645161290322581,-176,0.6268,0.9,-0.2732,0.5852,0.95,-0.3648,4016.46,1.13,5605.74112857143,0.716490452891027,-1589.28112857143,Critical,Simulated field-force metrics; Sales/Target = real+derived
321710,2,Midwest,2016-12-01 00:00:00,26,19,0.730769230769231,504,350,0.694444444444444,-154,0.601,0.9,-0.299,0.5879,0.95,-0.3621,14945.58,1.14,5655.34945714286,2.64273324102427,9290.23054285714,Critical,Simulated field-force metrics; Sales/Target = real+derived
321710,2,Midwest,2017-01-01 00:00:00,26,19,0.730769230769231,480,301,0.627083333333333,-179,0.5819,0.9,-0.3181,0.6475,0.95,-0.3025,0,1.15,5704.95778571429,0,-5704.95778571429,Critical,Simulated field-force metrics; Sales/Target = real+derived
321720,2,Midwest,2015-01-01 00:00:00,26,24,0.923076923076923,492,487,0.989837398373984,-5,0.97,0.9,0.07,0.9242,0.95,-0.0257999999999999,580.9,1.05,2712.07125,0.21419053795139,-2131.17125,Critical,Simulated field-force metrics; Sales/Target = real+derived
321720,2,Midwest,2015-02-01 00:00:00,26,25,0.961538461538462,500,476,0.952,-24,0.97,0.9,0.07,0.98,0.95,0.03,1166.55,1.06,2737.9005,0.426074650996265,-1571.3505,Critical,Simulated field-force metrics; Sales/Target = real+derived
321720,2,Midwest,2015-03-01 00:00:00,26,25,0.961538461538462,508,503,0.990157480314961,-5,0.8813,0.9,-0.0187000000000001,0.9668,0.95,0.0168,875.99,1.07,2763.72975,0.316959355378361,-1887.73975,Critical,Simulated field-force metrics; Sales/Target = real+derived
321720,2,Midwest,2015-04-01 00:00:00,26,25,0.961538461538462,516,511,0.99031007751938,-5,0.97,0.9,0.07,0.98,0.95,0.03,1062.66,1.08,2789.559,0.380941933832552,-1726.899,Critical,Simulated field-force metrics; Sales/Target = real+derived
321720,2,Midwest,2015-05-01 00:00:00,26,25,0.961538461538462,492,487,0.989837398373984,-5,0.8999,0.9,-9.9999999999989e-05,0.98,0.95,0.03,1129.73,1.09,2815.38825,0.40126970054663,-1685.65825,Critical,Simulated field-force metrics; Sales/Target = real+derived
321720,2,Midwest,2015-06-01 00:00:00,26,25,0.961538461538462,500,478,0.956,-22,0.97,0.9,0.07,0.98,0.95,0.03,1016.63,1.1,2841.2175,0.357814915612761,-1824.5875,Critical,Simulated field-force metrics; Sales/Target = real+derived
321720,2,Midwest,2015-07-01 00:00:00,26,25,0.961538461538462,508,446,0.877952755905512,-62,0.9198,0.9,0.0197999999999999,0.98,0.95,0.03,1307.91,1.11,2867.04675,0.456187189832185,-1559.13675,Critical,Simulated field-force metrics; Sales/Target = real+derived
321720,2,Midwest,2015-08-01 00:00:00,26,24,0.923076923076923,516,475,0.920542635658915,-41,0.97,0.9,0.07,0.98,0.95,0.03,0,1.12,2892.876,0,-2892.876,Critical,Simulated field-force metrics; Sales/Target = real+derived
321720,2,Midwest,2015-09-01 00:00:00,26,25,0.961538461538462,492,487,0.989837398373984,-5,0.97,0.9,0.07,0.98,0.95,0.03,0,1.13,2918.70525,0,-2918.70525,Critical,Simulated field-force metrics; Sales/Target = real+derived
321720,2,Midwest,2015-10-01 00:00:00,26,25,0.961538461538462,500,495,0.99,-5,0.97,0.9,0.07,0.9522,0.95,0.00220000000000009,0,1.14,2944.5345,0,-2944.5345,Critical,Simulated field-force metrics; Sales/Target = real+derived
321720,2,Midwest,2015-11-01 00:00:00,26,25,0.961538461538462,508,503,0.990157480314961,-5,0.97,0.9,0.07,0.98,0.95,0.03,0,1.15,2970.36375,0,-2970.36375,Critical,Simulated field-force metrics; Sales/Target = real+derived
321720,2,Midwest,2015-12-01 00:00:00,26,25,0.961538461538462,516,511,0.99031007751938,-5,0.97,0.9,0.07,0.98,0.95,0.03,0,1.05,2712.07125,0,-2712.07125,Critical,Simulated field-force metrics; Sales/Target = real+derived
321720,2,Midwest,2016-01-01 00:00:00,26,24,0.923076923076923,492,486,0.987804878048781,-6,0.9474,0.9,0.0474,0.973,0.95,0.023,0,1.06,2737.9005,0,-2737.9005,Critical,Simulated field-force metrics; Sales/Target = real+derived
321720,2,Midwest,2016-02-01 00:00:00,26,23,0.884615384615385,500,491,0.982,-9,0.97,0.9,0.07,0.98,0.95,0.03,0,1.07,2763.72975,0,-2763.72975,Critical,Simulated field-force metrics; Sales/Target = real+derived
321720,2,Midwest,2016-03-01 00:00:00,26,26,1,508,503,0.990157480314961,-5,0.97,0.9,0.07,0.98,0.95,0.03,0,1.08,2789.559,0,-2789.559,Critical,Simulated field-force metrics; Sales/Target = real+derived
321720,2,Midwest,2016-04-01 00:00:00,26,25,0.961538461538462,516,511,0.99031007751938,-5,0.97,0.9,0.07,0.98,0.95,0.03,0,1.09,2815.38825,0,-2815.38825,Critical,Simulated field-force metrics; Sales/Target = real+derived
321720,2,Midwest,2016-05-01 00:00:00,26,25,0.961538461538462,492,487,0.989837398373984,-5,0.9544,0.9,0.0544,0.98,0.95,0.03,3223.94,1.1,2841.2175,1.1347036965667,382.7225,Healthy,Simulated field-force metrics; Sales/Target = real+derived
321720,2,Midwest,2016-06-01 00:00:00,26,26,1,500,495,0.99,-5,0.97,0.9,0.07,0.98,0.95,0.03,2594.87,1.11,2867.04675,0.905067208966858,-272.17675,Healthy,Simulated field-force metrics; Sales/Target = real+derived
321720,2,Midwest,2016-07-01 00:00:00,26,25,0.961538461538462,508,503,0.990157480314961,-5,0.8811,0.9,-0.0189,0.98,0.95,0.03,5062.4,1.12,2892.876,1.74995402499105,2169.524,Healthy,Simulated field-force metrics; Sales/Target = real+derived
321720,2,Midwest,2016-08-01 00:00:00,26,23,0.884615384615385,516,511,0.99031007751938,-5,0.97,0.9,0.07,0.98,0.95,0.03,9815.56,1.13,2918.70525,3.36298432327142,6896.85475,Healthy,Simulated field-force metrics; Sales/Target = real+derived
321720,2,Midwest,2016-09-01 00:00:00,26,24,0.923076923076923,492,461,0.936991869918699,-31,0.97,0.9,0.07,0.98,0.95,0.03,5461.34,1.14,2944.5345,1.85473798999468,2516.8055,Healthy,Simulated field-force metrics; Sales/Target = real+derived
321720,2,Midwest,2016-10-01 00:00:00,26,24,0.923076923076923,500,495,0.99,-5,0.97,0.9,0.07,0.98,0.95,0.03,9917.23,1.15,2970.36375,3.33872577053905,6946.86625,Healthy,Simulated field-force metrics; Sales/Target = real+derived
321720,2,Midwest,2016-11-01 00:00:00,26,25,0.961538461538462,508,503,0.990157480314961,-5,0.97,0.9,0.07,0.98,0.95,0.03,8110.57,1.05,2712.07125,2.99054458838425,5398.49875,Healthy,Simulated field-force metrics; Sales/Target = real+derived
321720,2,Midwest,2016-12-01 00:00:00,26,23,0.884615384615385,516,511,0.99031007751938,-5,0.97,0.9,0.07,0.9736,0.95,0.0236000000000001,9122.92,1.06,2737.9005,3.33208602723145,6385.0195,Healthy,Simulated field-force metrics; Sales/Target = real+derived
321720,2,Midwest,2017-01-01 00:00:00,26,25,0.961538461538462,492,478,0.971544715447155,-14,0.97,0.9,0.07,0.98,0.95,0.03,0,1.07,2763.72975,0,-2763.72975,Critical,Simulated field-force metrics; Sales/Target = real+derived
321730,2,Midwest,2015-01-01 00:00:00,26,22,0.846153846153846,504,392,0.777777777777778,-112,0.6878,0.9,-0.2122,0.7243,0.95,-0.2257,2485.02,1.08,4016.8296,0.618652083225039,-1531.8096,Critical,Simulated field-force metrics; Sales/Target = real+derived
321730,2,Midwest,2015-02-01 00:00:00,26,21,0.807692307692308,512,340,0.6640625,-172,0.6943,0.9,-0.2057,0.7297,0.95,-0.2203,0,1.09,4054.02246666667,0,-4054.02246666667,Critical,Simulated field-force metrics; Sales/Target = real+derived
321730,2,Midwest,2015-03-01 00:00:00,26,22,0.846153846153846,520,424,0.815384615384615,-96,0.744,0.9,-0.156,0.6909,0.95,-0.2591,0,1.1,4091.21533333333,0,-4091.21533333333,Critical,Simulated field-force metrics; Sales/Target = real+derived
321730,2,Midwest,2015-04-01 00:00:00,26,21,0.807692307692308,528,407,0.770833333333333,-121,0.7777,0.9,-0.1223,0.7826,0.95,-0.1674,0,1.11,4128.4082,0,-4128.4082,Critical,Simulated field-force metrics; Sales/Target = real+derived
321730,2,Midwest,2015-05-01 00:00:00,26,22,0.846153846153846,504,371,0.736111111111111,-133,0.6582,0.9,-0.2418,0.7405,0.95,-0.2095,0,1.12,4165.60106666667,0,-4165.60106666667,Critical,Simulated field-force metrics; Sales/Target = real+derived
321730,2,Midwest,2015-06-01 00:00:00,26,21,0.807692307692308,512,380,0.7421875,-132,0.6851,0.9,-0.2149,0.7727,0.95,-0.1773,0,1.13,4202.79393333333,0,-4202.79393333333,Critical,Simulated field-force metrics; Sales/Target = real+derived
321730,2,Midwest,2015-07-01 00:00:00,26,21,0.807692307692308,520,340,0.653846153846154,-180,0.7067,0.9,-0.1933,0.6957,0.95,-0.2543,0,1.14,4239.9868,0,-4239.9868,Critical,Simulated field-force metrics; Sales/Target = real+derived
321730,2,Midwest,2015-08-01 00:00:00,26,22,0.846153846153846,528,395,0.748106060606061,-133,0.6795,0.9,-0.2205,0.7438,0.95,-0.2062,0,1.15,4277.17966666667,0,-4277.17966666667,Critical,Simulated field-force metrics; Sales/Target = real+derived
321730,2,Midwest,2015-09-01 00:00:00,26,20,0.769230769230769,504,369,0.732142857142857,-135,0.713,0.9,-0.187,0.6996,0.95,-0.2504,0,1.05,3905.251,0,-3905.251,Critical,Simulated field-force metrics; Sales/Target = real+derived
321730,2,Midwest,2015-10-01 00:00:00,26,20,0.769230769230769,512,399,0.779296875,-113,0.7284,0.9,-0.1716,0.7219,0.95,-0.2281,0,1.06,3942.44386666667,0,-3942.44386666667,Critical,Simulated field-force metrics; Sales/Target = real+derived
321730,2,Midwest,2015-11-01 00:00:00,26,20,0.769230769230769,520,406,0.780769230769231,-114,0.631,0.9,-0.269,0.7196,0.95,-0.2304,0,1.07,3979.63673333333,0,-3979.63673333333,Critical,Simulated field-force metrics; Sales/Target = real+derived
321730,2,Midwest,2015-12-01 00:00:00,26,21,0.807692307692308,528,373,0.706439393939394,-155,0.6736,0.9,-0.2264,0.7088,0.95,-0.2412,0,1.08,4016.8296,0,-4016.8296,Critical,Simulated field-force metrics; Sales/Target = real+derived
321730,2,Midwest,2016-01-01 00:00:00,26,21,0.807692307692308,504,391,0.775793650793651,-113,0.6735,0.9,-0.2265,0.7495,0.95,-0.2005,0,1.09,4054.02246666667,0,-4054.02246666667,Critical,Simulated field-force metrics; Sales/Target = real+derived
321730,2,Midwest,2016-02-01 00:00:00,26,22,0.846153846153846,512,371,0.724609375,-141,0.6588,0.9,-0.2412,0.6553,0.95,-0.2947,0,1.1,4091.21533333333,0,-4091.21533333333,Critical,Simulated field-force metrics; Sales/Target = real+derived
321730,2,Midwest,2016-03-01 00:00:00,26,22,0.846153846153846,520,384,0.738461538461539,-136,0.6061,0.9,-0.2939,0.6863,0.95,-0.2637,0,1.11,4128.4082,0,-4128.4082,Critical,Simulated field-force metrics; Sales/Target = real+derived
321730,2,Midwest,2016-04-01 00:00:00,26,21,0.807692307692308,528,430,0.814393939393939,-98,0.6295,0.9,-0.2705,0.6582,0.95,-0.2918,0,1.12,4165.60106666667,0,-4165.60106666667,Critical,Simulated field-force metrics; Sales/Target = real+derived
321730,2,Midwest,2016-05-01 00:00:00,26,22,0.846153846153846,504,406,0.805555555555556,-98,0.663,0.9,-0.237,0.6915,0.95,-0.2585,0,1.13,4202.79393333333,0,-4202.79393333333,Critical,Simulated field-force metrics; Sales/Target = real+derived
321730,2,Midwest,2016-06-01 00:00:00,26,22,0.846153846153846,512,337,0.658203125,-175,0.624,0.9,-0.276,0.698,0.95,-0.252,2800.07,1.14,4239.9868,0.660395923874103,-1439.9168,Critical,Simulated field-force metrics; Sales/Target = real+derived
321730,2,Midwest,2016-07-01 00:00:00,26,22,0.846153846153846,520,382,0.734615384615385,-138,0.6926,0.9,-0.2074,0.7578,0.95,-0.1922,2755.2,1.15,4277.17966666667,0.644162792943231,-1521.97966666667,Critical,Simulated field-force metrics; Sales/Target = real+derived
321730,2,Midwest,2016-08-01 00:00:00,26,23,0.884615384615385,528,385,0.729166666666667,-143,0.6885,0.9,-0.2115,0.7812,0.95,-0.1688,3194.81,1.05,3905.251,0.818080579199647,-710.441,Critical,Simulated field-force metrics; Sales/Target = real+derived
321730,2,Midwest,2016-09-01 00:00:00,26,20,0.769230769230769,504,400,0.793650793650794,-104,0.6535,0.9,-0.2465,0.7158,0.95,-0.2342,2851.43,1.06,3942.44386666667,0.723264578123437,-1091.01386666667,Critical,Simulated field-force metrics; Sales/Target = real+derived
321730,2,Midwest,2016-10-01 00:00:00,26,21,0.807692307692308,512,365,0.712890625,-147,0.6547,0.9,-0.2453,0.7221,0.95,-0.2279,2983.33,1.07,3979.63673333333,0.749648824731088,-996.306733333334,Critical,Simulated field-force metrics; Sales/Target = real+derived
321730,2,Midwest,2016-11-01 00:00:00,26,22,0.846153846153846,520,388,0.746153846153846,-132,0.6915,0.9,-0.2085,0.7379,0.95,-0.2121,3320.34,1.08,4016.8296,0.826607133147993,-696.4896,Critical,Simulated field-force metrics; Sales/Target = real+derived
321730,2,Midwest,2016-12-01 00:00:00,26,21,0.807692307692308,528,413,0.78219696969697,-115,0.7178,0.9,-0.1822,0.813,0.95,-0.137,2889.89,1.09,4054.02246666667,0.712845087505435,-1164.13246666667,Critical,Simulated field-force metrics; Sales/Target = real+derived
321730,2,Midwest,2017-01-01 00:00:00,26,21,0.807692307692308,504,370,0.734126984126984,-134,0.716,0.9,-0.184,0.7503,0.95,-0.1997,0,1.1,4091.21533333333,0,-4091.21533333333,Critical,Simulated field-force metrics; Sales/Target = real+derived
321740,2,Midwest,2015-01-01 00:00:00,26,20,0.769230769230769,516,354,0.686046511627907,-162,0.6533,0.9,-0.2467,0.6339,0.95,-0.3161,4711.06,1.11,9202.5912,0.511927553622071,-4491.5312,Critical,Simulated field-force metrics; Sales/Target = real+derived
321740,2,Midwest,2015-02-01 00:00:00,26,21,0.807692307692308,524,370,0.706106870229008,-154,0.6692,0.9,-0.2308,0.6441,0.95,-0.3059,4638.03,1.12,9285.49742702703,0.499491818984325,-4647.46742702703,Critical,Simulated field-force metrics; Sales/Target = real+derived
321740,2,Midwest,2015-03-01 00:00:00,26,20,0.769230769230769,532,333,0.62593984962406,-199,0.5903,0.9,-0.3097,0.6075,0.95,-0.3425,6248.8,1.13,9368.40365405405,0.667007980307927,-3119.60365405405,Critical,Simulated field-force metrics; Sales/Target = real+derived
321740,2,Midwest,2015-04-01 00:00:00,26,21,0.807692307692308,540,354,0.655555555555556,-186,0.6097,0.9,-0.2903,0.6293,0.95,-0.3207,6384.54,1.14,9451.30988108108,0.675519063530029,-3066.76988108108,Critical,Simulated field-force metrics; Sales/Target = real+derived
321740,2,Midwest,2015-05-01 00:00:00,26,21,0.807692307692308,516,390,0.755813953488372,-126,0.6575,0.9,-0.2425,0.6641,0.95,-0.2859,8230.79,1.15,9534.21610810811,0.863289640875704,-1303.42610810811,Critical,Simulated field-force metrics; Sales/Target = real+derived
321740,2,Midwest,2015-06-01 00:00:00,26,21,0.807692307692308,524,359,0.685114503816794,-165,0.6458,0.9,-0.2542,0.6822,0.95,-0.2678,6575,1.05,8705.15383783784,0.755299690560446,-2130.15383783784,Critical,Simulated field-force metrics; Sales/Target = real+derived
321740,2,Midwest,2015-07-01 00:00:00,26,20,0.769230769230769,532,375,0.704887218045113,-157,0.5632,0.9,-0.3368,0.6568,0.95,-0.2932,6327.06,1.06,8788.06006486486,0.719960941698149,-2461.00006486486,Critical,Simulated field-force metrics; Sales/Target = real+derived
321740,2,Midwest,2015-08-01 00:00:00,26,21,0.807692307692308,540,374,0.692592592592593,-166,0.6979,0.9,-0.2021,0.6387,0.95,-0.3113,6188.41,1.07,8870.96629189189,0.697602695847941,-2682.55629189189,Critical,Simulated field-force metrics; Sales/Target = real+derived
321740,2,Midwest,2015-09-01 00:00:00,26,21,0.807692307692308,516,362,0.701550387596899,-154,0.6308,0.9,-0.2692,0.6555,0.95,-0.2945,12988.84,1.08,8953.87251891892,1.45063937112746,4034.96748108108,Critical,Simulated field-force metrics; Sales/Target = real+derived
321740,2,Midwest,2015-10-01 00:00:00,26,21,0.807692307692308,524,386,0.736641221374046,-138,0.6826,0.9,-0.2174,0.6672,0.95,-0.2828,6685.39,1.09,9036.77874594595,0.739797906748484,-2351.38874594594,Critical,Simulated field-force metrics; Sales/Target = real+derived
321740,2,Midwest,2015-11-01 00:00:00,26,21,0.807692307692308,532,359,0.674812030075188,-173,0.6611,0.9,-0.2389,0.6374,0.95,-0.3126,11501.5,1.1,9119.68497297297,1.2611729499523,2381.81502702703,Critical,Simulated field-force metrics; Sales/Target = real+derived
321740,2,Midwest,2015-12-01 00:00:00,26,22,0.846153846153846,540,427,0.790740740740741,-113,0.6301,0.9,-0.2699,0.5827,0.95,-0.3673,8230.57,1.11,9202.5912,0.894375271173624,-972.021199999999,Critical,Simulated field-force metrics; Sales/Target = real+derived
321740,2,Midwest,2016-01-01 00:00:00,26,20,0.769230769230769,516,388,0.751937984496124,-128,0.6537,0.9,-0.2463,0.6717,0.95,-0.2783,10940.5,1.12,9285.49742702703,1.17823520882746,1655.00257297297,Critical,Simulated field-force metrics; Sales/Target = real+derived
321740,2,Midwest,2016-02-01 00:00:00,26,21,0.807692307692308,524,378,0.721374045801527,-146,0.677,0.9,-0.223,0.6986,0.95,-0.2514,9574.95,1.13,9368.40365405405,1.02204712281548,206.546345945948,Critical,Simulated field-force metrics; Sales/Target = real+derived
321740,2,Midwest,2016-03-01 00:00:00,26,22,0.846153846153846,532,382,0.718045112781955,-150,0.666,0.9,-0.234,0.6541,0.95,-0.2959,10584.49,1.14,9451.30988108108,1.11989662101623,1133.18011891892,Critical,Simulated field-force metrics; Sales/Target = real+derived
321740,2,Midwest,2016-04-01 00:00:00,26,20,0.769230769230769,540,416,0.77037037037037,-124,0.6419,0.9,-0.2581,0.6894,0.95,-0.2606,10104.66,1.15,9534.21610810811,1.05983123157936,570.443891891893,Critical,Simulated field-force metrics; Sales/Target = real+derived
321740,2,Midwest,2016-05-01 00:00:00,26,21,0.807692307692308,516,351,0.680232558139535,-165,0.6347,0.9,-0.2653,0.7104,0.95,-0.2396,9133.87,1.05,8705.15383783784,1.04924854518925,428.716162162164,Critical,Simulated field-force metrics; Sales/Target = real+derived
321740,2,Midwest,2016-06-01 00:00:00,26,21,0.807692307692308,524,332,0.633587786259542,-192,0.6268,0.9,-0.2732,0.7213,0.95,-0.2287,8632.96,1.06,8788.06006486486,0.982351046337864,-155.100064864864,Critical,Simulated field-force metrics; Sales/Target = real+derived
321740,2,Midwest,2016-07-01 00:00:00,26,21,0.807692307692308,532,336,0.631578947368421,-196,0.7006,0.9,-0.1994,0.6939,0.95,-0.2561,9876.69,1.07,8870.96629189189,1.113372509264,1005.72370810811,At Risk,Simulated field-force metrics; Sales/Target = real+derived
321740,2,Midwest,2016-08-01 00:00:00,26,21,0.807692307692308,540,372,0.688888888888889,-168,0.6722,0.9,-0.2278,0.6468,0.95,-0.3032,10072.96,1.08,8953.87251891892,1.12498362900706,1119.08748108108,Critical,Simulated field-force metrics; Sales/Target = real+derived
321740,2,Midwest,2016-09-01 00:00:00,26,22,0.846153846153846,516,374,0.724806201550388,-142,0.6429,0.9,-0.2571,0.6664,0.95,-0.2836,10870.99,1.09,9036.77874594595,1.20297180064046,1834.21125405405,Critical,Simulated field-force metrics; Sales/Target = real+derived
321740,2,Midwest,2016-10-01 00:00:00,26,21,0.807692307692308,524,390,0.744274809160305,-134,0.604,0.9,-0.296,0.5987,0.95,-0.3513,9942.97,1.1,9119.68497297297,1.09027559937288,823.285027027026,Critical,Simulated field-force metrics; Sales/Target = real+derived
321740,2,Midwest,2016-11-01 00:00:00,26,21,0.807692307692308,532,387,0.727443609022556,-145,0.6511,0.9,-0.2489,0.6768,0.95,-0.2732,10831.79,1.11,9202.5912,1.1770369632414,1629.1988,Critical,Simulated field-force metrics; Sales/Target = real+derived
321740,2,Midwest,2016-12-01 00:00:00,26,21,0.807692307692308,540,397,0.735185185185185,-143,0.6327,0.9,-0.2673,0.6428,0.95,-0.3072,20544.65,1.12,9285.49742702703,2.21255244120808,11259.152572973,Critical,Simulated field-force metrics; Sales/Target = real+derived
321740,2,Midwest,2017-01-01 00:00:00,26,21,0.807692307692308,516,404,0.782945736434109,-112,0.5736,0.9,-0.3264,0.6684,0.95,-0.2816,0,1.13,9368.40365405405,0,-9368.40365405405,Critical,Simulated field-force metrics; Sales/Target = real+derived
321750,2,Midwest,2015-01-01 00:00:00,26,20,0.769230769230769,528,376,0.712121212121212,-152,0.6344,0.9,-0.2656,0.6008,0.95,-0.3492,3400.72,1.14,10099.8008294118,0.336711590400547,-6699.08082941176,Critical,Simulated field-force metrics; Sales/Target = real+derived
321750,2,Midwest,2015-02-01 00:00:00,26,21,0.807692307692308,536,376,0.701492537313433,-160,0.5761,0.9,-0.3239,0.6944,0.95,-0.2556,3552.47,1.15,10188.3955735294,0.348678059696633,-6635.92557352941,Critical,Simulated field-force metrics; Sales/Target = real+derived
321750,2,Midwest,2015-03-01 00:00:00,26,22,0.846153846153846,544,422,0.775735294117647,-122,0.6621,0.9,-0.2379,0.6795,0.95,-0.2705,3616.29,1.05,9302.44813235294,0.388746053570879,-5686.15813235294,Critical,Simulated field-force metrics; Sales/Target = real+derived
321750,2,Midwest,2015-04-01 00:00:00,26,22,0.846153846153846,552,433,0.784420289855073,-119,0.6892,0.9,-0.2108,0.649,0.95,-0.301,2721.69,1.06,9391.04287647059,0.289817652395054,-6669.35287647059,Critical,Simulated field-force metrics; Sales/Target = real+derived
321750,2,Midwest,2015-05-01 00:00:00,26,21,0.807692307692308,528,388,0.734848484848485,-140,0.5862,0.9,-0.3138,0.683,0.95,-0.267,7290.97,1.07,9479.63762058824,0.769119062543614,-2188.66762058824,Critical,Simulated field-force metrics; Sales/Target = real+derived
321750,2,Midwest,2015-06-01 00:00:00,26,22,0.846153846153846,536,398,0.742537313432836,-138,0.7011,0.9,-0.1989,0.6902,0.95,-0.2598,19945.71,1.08,9568.23236470588,2.08457625606724,10377.4776352941,At Risk,Simulated field-force metrics; Sales/Target = real+derived
321750,2,Midwest,2015-07-01 00:00:00,26,21,0.807692307692308,544,398,0.731617647058824,-146,0.621,0.9,-0.279,0.638,0.95,-0.312,5124.5,1.09,9656.82710882353,0.530660841521922,-4532.32710882353,Critical,Simulated field-force metrics; Sales/Target = real+derived
321750,2,Midwest,2015-08-01 00:00:00,26,22,0.846153846153846,552,426,0.771739130434783,-126,0.6149,0.9,-0.2851,0.7047,0.95,-0.2453,3608.85,1.1,9745.42185294118,0.370312343011693,-6136.57185294118,Critical,Simulated field-force metrics; Sales/Target = real+derived
321750,2,Midwest,2015-09-01 00:00:00,26,21,0.807692307692308,528,386,0.731060606060606,-142,0.6657,0.9,-0.2343,0.7133,0.95,-0.2367,6665.07,1.11,9834.01659705882,0.677756635268788,-3168.94659705882,Critical,Simulated field-force metrics; Sales/Target = real+derived
321750,2,Midwest,2015-10-01 00:00:00,26,21,0.807692307692308,536,414,0.772388059701493,-122,0.6604,0.9,-0.2396,0.6995,0.95,-0.2505,5171.7,1.12,9922.61134117647,0.521203524170969,-4750.91134117647,Critical,Simulated field-force metrics; Sales/Target = real+derived
321750,2,Midwest,2015-11-01 00:00:00,26,20,0.769230769230769,544,437,0.803308823529412,-107,0.666,0.9,-0.234,0.7035,0.95,-0.2465,7491.58,1.13,10011.2060852941,0.748319426867528,-2519.62608529412,Critical,Simulated field-force metrics; Sales/Target = real+derived
321750,2,Midwest,2015-12-01 00:00:00,26,20,0.769230769230769,552,377,0.682971014492754,-175,0.6929,0.9,-0.2071,0.6926,0.95,-0.2574,5984.1,1.14,10099.8008294118,0.592496832469569,-4115.70082941176,Critical,Simulated field-force metrics; Sales/Target = real+derived
321750,2,Midwest,2016-01-01 00:00:00,26,20,0.769230769230769,528,400,0.757575757575758,-128,0.6305,0.9,-0.2695,0.7226,0.95,-0.2274,7556.85,1.15,10188.3955735294,0.741711483958626,-2631.54557352941,Critical,Simulated field-force metrics; Sales/Target = real+derived
321750,2,Midwest,2016-02-01 00:00:00,26,21,0.807692307692308,536,388,0.723880597014925,-148,0.6908,0.9,-0.2092,0.6508,0.95,-0.2992,10344.25,1.05,9302.44813235294,1.11199222536095,1041.80186764706,Critical,Simulated field-force metrics; Sales/Target = real+derived
321750,2,Midwest,2016-03-01 00:00:00,26,20,0.769230769230769,544,386,0.709558823529412,-158,0.6785,0.9,-0.2215,0.6338,0.95,-0.3162,11460.47,1.06,9391.04287647059,1.2203618012132,2069.42712352941,Critical,Simulated field-force metrics; Sales/Target = real+derived
321750,2,Midwest,2016-04-01 00:00:00,26,20,0.769230769230769,552,414,0.75,-138,0.6285,0.9,-0.2715,0.6592,0.95,-0.2908,7937.78,1.07,9479.63762058824,0.837350573692863,-1541.85762058823,Critical,Simulated field-force metrics; Sales/Target = real+derived
321750,2,Midwest,2016-05-01 00:00:00,26,20,0.769230769230769,528,364,0.689393939393939,-164,0.6493,0.9,-0.2507,0.7086,0.95,-0.2414,11731.58,1.08,9568.23236470588,1.22609689573113,2163.34763529412,Critical,Simulated field-force metrics; Sales/Target = real+derived
321750,2,Midwest,2016-06-01 00:00:00,26,21,0.807692307692308,536,420,0.783582089552239,-116,0.6256,0.9,-0.2744,0.6485,0.95,-0.3015,9842.65,1.09,9656.82710882353,1.01924264451278,185.822891176469,Critical,Simulated field-force metrics; Sales/Target = real+derived
321750,2,Midwest,2016-07-01 00:00:00,26,22,0.846153846153846,544,394,0.724264705882353,-150,0.6303,0.9,-0.2697,0.6677,0.95,-0.2823,49199.98,1.1,9745.42185294118,5.04852234643402,39454.5581470588,Critical,Simulated field-force metrics; Sales/Target = real+derived
321750,2,Midwest,2016-08-01 00:00:00,26,22,0.846153846153846,552,428,0.77536231884058,-124,0.621,0.9,-0.279,0.6703,0.95,-0.2797,6732.95,1.11,9834.01659705882,0.684659206494903,-3101.06659705882,Critical,Simulated field-force metrics; Sales/Target = real+derived
321750,2,Midwest,2016-09-01 00:00:00,26,21,0.807692307692308,528,358,0.678030303030303,-170,0.6476,0.9,-0.2524,0.6759,0.95,-0.2741,10279.48,1.12,9922.61134117647,1.03596519570837,356.868658823529,Critical,Simulated field-force metrics; Sales/Target = real+derived
321750,2,Midwest,2016-10-01 00:00:00,26,22,0.846153846153846,536,410,0.764925373134328,-126,0.6381,0.9,-0.2619,0.6668,0.95,-0.2832,8921.64,1.13,10011.2060852941,0.891165352504867,-1089.56608529412,Critical,Simulated field-force metrics; Sales/Target = real+derived
321750,2,Midwest,2016-11-01 00:00:00,26,21,0.807692307692308,544,377,0.693014705882353,-167,0.6702,0.9,-0.2298,0.6761,0.95,-0.2739,15137.68,1.14,10099.8008294118,1.49880975433866,5037.87917058824,Critical,Simulated field-force metrics; Sales/Target = real+derived
321750,2,Midwest,2016-12-01 00:00:00,26,20,0.769230769230769,552,374,0.677536231884058,-178,0.7002,0.9,-0.1998,0.6782,0.95,-0.2718,13193.71,1.15,10188.3955735294,1.29497425819221,3005.31442647059,At Risk,Simulated field-force metrics; Sales/Target = real+derived
321750,2,Midwest,2017-01-01 00:00:00,26,22,0.846153846153846,528,368,0.696969696969697,-160,0.6598,0.9,-0.2402,0.7613,0.95,-0.1887,0,1.05,9302.44813235294,0,-9302.44813235294,Critical,Simulated field-force metrics; Sales/Target = real+derived
321760,2,Midwest,2015-01-01 00:00:00,26,22,0.846153846153846,540,432,0.8,-108,0.8715,0.9,-0.0285,0.8396,0.95,-0.1104,6514.25,1.06,9045.75036216216,0.720144790558086,-2531.50036216216,Critical,Simulated field-force metrics; Sales/Target = real+derived
321760,2,Midwest,2015-02-01 00:00:00,26,23,0.884615384615385,548,467,0.852189781021898,-81,0.8358,0.9,-0.0642,0.8299,0.95,-0.1201,5983.29,1.07,9131.08762972973,0.655265861267076,-3147.79762972973,Critical,Simulated field-force metrics; Sales/Target = real+derived
321760,2,Midwest,2015-03-01 00:00:00,26,23,0.884615384615385,556,497,0.893884892086331,-59,0.7912,0.9,-0.1088,0.832,0.95,-0.118,5184.83,1.08,9216.4248972973,0.562564124134559,-4031.5948972973,Critical,Simulated field-force metrics; Sales/Target = real+derived
321760,2,Midwest,2015-04-01 00:00:00,26,23,0.884615384615385,564,462,0.819148936170213,-102,0.8117,0.9,-0.0883000000000001,0.8637,0.95,-0.0862999999999999,8848.96,1.09,9301.76216486487,0.95132081891158,-452.802164864868,Healthy,Simulated field-force metrics; Sales/Target = real+derived
321760,2,Midwest,2015-05-01 00:00:00,26,23,0.884615384615385,540,467,0.864814814814815,-73,0.8258,0.9,-0.0742,0.8387,0.95,-0.1113,7367.28,1.1,9387.09943243244,0.784830293215607,-2019.81943243243,Critical,Simulated field-force metrics; Sales/Target = real+derived
321760,2,Midwest,2015-06-01 00:00:00,26,24,0.923076923076923,548,511,0.932481751824818,-37,0.8102,0.9,-0.0898,0.8763,0.95,-0.0737,7651.08,1.11,9472.4367,0.807720361963464,-1821.3567,At Risk,Simulated field-force metrics; Sales/Target = real+derived
321760,2,Midwest,2015-07-01 00:00:00,26,23,0.884615384615385,556,495,0.890287769784173,-61,0.8813,0.9,-0.0187000000000001,0.8878,0.95,-0.0621999999999999,6157.82,1.12,9557.77396756757,0.644273449120617,-3399.95396756757,Critical,Simulated field-force metrics; Sales/Target = real+derived
321760,2,Midwest,2015-08-01 00:00:00,26,22,0.846153846153846,564,504,0.893617021276596,-60,0.8696,0.9,-0.0304,0.8605,0.95,-0.0894999999999999,5050.04,1.13,9643.11123513514,0.523694052351065,-4593.07123513514,Critical,Simulated field-force metrics; Sales/Target = real+derived
321760,2,Midwest,2015-09-01 00:00:00,26,24,0.923076923076923,540,458,0.848148148148148,-82,0.7745,0.9,-0.1255,0.8589,0.95,-0.0911,5209.13,1.14,9728.4485027027,0.535453314940489,-4519.3185027027,Critical,Simulated field-force metrics; Sales/Target = real+derived
321760,2,Midwest,2015-10-01 00:00:00,26,22,0.846153846153846,548,475,0.866788321167883,-73,0.8715,0.9,-0.0285,0.8017,0.95,-0.1483,5697.8,1.15,9813.78577027027,0.580591438755554,-4115.98577027027,Critical,Simulated field-force metrics; Sales/Target = real+derived
321760,2,Midwest,2015-11-01 00:00:00,26,22,0.846153846153846,556,464,0.83453237410072,-92,0.8242,0.9,-0.0758,0.8487,0.95,-0.1013,6127.07,1.05,8960.4130945946,0.683793250971451,-2833.3430945946,Critical,Simulated field-force metrics; Sales/Target = real+derived
321760,2,Midwest,2015-12-01 00:00:00,26,24,0.923076923076923,564,515,0.913120567375887,-49,0.8438,0.9,-0.0562,0.8695,0.95,-0.0804999999999999,5700.57,1.06,9045.75036216216,0.630193159413855,-3345.18036216216,Critical,Simulated field-force metrics; Sales/Target = real+derived
321760,2,Midwest,2016-01-01 00:00:00,26,23,0.884615384615385,540,454,0.840740740740741,-86,0.8565,0.9,-0.0435,0.8274,0.95,-0.1226,6522.1,1.07,9131.08762972973,0.714274165846884,-2608.98762972973,Critical,Simulated field-force metrics; Sales/Target = real+derived
321760,2,Midwest,2016-02-01 00:00:00,26,24,0.923076923076923,548,506,0.923357664233577,-42,0.8338,0.9,-0.0662,0.8567,0.95,-0.0932999999999999,6286.59,1.08,9216.4248972973,0.682107223793852,-2929.8348972973,Critical,Simulated field-force metrics; Sales/Target = real+derived
321760,2,Midwest,2016-03-01 00:00:00,26,23,0.884615384615385,556,423,0.760791366906475,-133,0.837,0.9,-0.0630000000000001,0.8594,0.95,-0.0905999999999999,9994.41,1.09,9301.76216486487,1.07446415236797,692.647835135133,Healthy,Simulated field-force metrics; Sales/Target = real+derived
321760,2,Midwest,2016-04-01 00:00:00,26,23,0.884615384615385,564,510,0.904255319148936,-54,0.8238,0.9,-0.0762000000000001,0.8215,0.95,-0.1285,10579.81,1.1,9387.09943243244,1.12705847809034,1192.71056756756,Healthy,Simulated field-force metrics; Sales/Target = real+derived
321760,2,Midwest,2016-05-01 00:00:00,26,23,0.884615384615385,540,474,0.877777777777778,-66,0.8305,0.9,-0.0695,0.8681,0.95,-0.0819,7855.1,1.11,9472.4367,0.8292586426046,-1617.3367,At Risk,Simulated field-force metrics; Sales/Target = real+derived
321760,2,Midwest,2016-06-01 00:00:00,26,24,0.923076923076923,548,456,0.832116788321168,-92,0.8326,0.9,-0.0674,0.9079,0.95,-0.0420999999999999,12205.18,1.12,9557.77396756757,1.2769898138851,2647.40603243243,Healthy,Simulated field-force metrics; Sales/Target = real+derived
321760,2,Midwest,2016-07-01 00:00:00,26,22,0.846153846153846,556,491,0.883093525179856,-65,0.806,0.9,-0.094,0.8457,0.95,-0.1043,15432.83,1.13,9643.11123513514,1.60039945860728,5789.71876486487,Healthy,Simulated field-force metrics; Sales/Target = real+derived
321760,2,Midwest,2016-08-01 00:00:00,26,22,0.846153846153846,564,490,0.868794326241135,-74,0.8909,0.9,-0.0091,0.8272,0.95,-0.1228,19756.93,1.14,9728.4485027027,2.0308407856105,10028.4814972973,Healthy,Simulated field-force metrics; Sales/Target = real+derived
321760,2,Midwest,2016-09-01 00:00:00,26,22,0.846153846153846,540,445,0.824074074074074,-95,0.8869,0.9,-0.0131,0.8547,0.95,-0.0952999999999999,16051.6,1.15,9813.78577027027,1.63561752576936,6237.81422972973,Healthy,Simulated field-force metrics; Sales/Target = real+derived
321760,2,Midwest,2016-10-01 00:00:00,26,23,0.884615384615385,548,471,0.859489051094891,-77,0.7934,0.9,-0.1066,0.8486,0.95,-0.1014,14114.92,1.05,8960.4130945946,1.57525326689624,5154.5069054054,At Risk,Simulated field-force metrics; Sales/Target = real+derived
321760,2,Midwest,2016-11-01 00:00:00,26,25,0.961538461538462,556,518,0.931654676258993,-38,0.7966,0.9,-0.1034,0.88,0.95,-0.07,12708.2,1.06,9045.75036216216,1.40488068885448,3662.44963783784,At Risk,Simulated field-force metrics; Sales/Target = real+derived
321760,2,Midwest,2016-12-01 00:00:00,26,23,0.884615384615385,564,454,0.804964539007092,-110,0.8621,0.9,-0.0379,0.9077,0.95,-0.0423,16980.16,1.07,9131.08762972973,1.85959884392245,7849.07237027027,Healthy,Simulated field-force metrics; Sales/Target = real+derived
321760,2,Midwest,2017-01-01 00:00:00,26,24,0.923076923076923,540,463,0.857407407407407,-77,0.8206,0.9,-0.0794,0.8872,0.95,-0.0628,0,1.08,9216.4248972973,0,-9216.4248972973,Critical,Simulated field-force metrics; Sales/Target = real+derived
321770,2,Midwest,2015-01-01 00:00:00,26,23,0.884615384615385,552,458,0.829710144927536,-94,0.7364,0.9,-0.1636,0.8222,0.95,-0.1278,0,1.09,5981.9894875,0,-5981.9894875,Critical,Simulated field-force metrics; Sales/Target = real+derived
321770,2,Midwest,2015-02-01 00:00:00,26,23,0.884615384615385,560,447,0.798214285714286,-113,0.8154,0.9,-0.0846,0.8417,0.95,-0.1083,0,1.1,6036.870125,0,-6036.870125,Critical,Simulated field-force metrics; Sales/Target = real+derived
321770,2,Midwest,2015-03-01 00:00:00,26,23,0.884615384615385,568,500,0.880281690140845,-68,0.7688,0.9,-0.1312,0.7665,0.95,-0.1835,0,1.11,6091.7507625,0,-6091.7507625,Critical,Simulated field-force metrics; Sales/Target = real+derived
321770,2,Midwest,2015-04-01 00:00:00,26,22,0.846153846153846,576,508,0.881944444444444,-68,0.7741,0.9,-0.1259,0.7996,0.95,-0.1504,0,1.12,6146.6314,0,-6146.6314,Critical,Simulated field-force metrics; Sales/Target = real+derived
321770,2,Midwest,2015-05-01 00:00:00,26,22,0.846153846153846,552,506,0.916666666666667,-46,0.822,0.9,-0.0780000000000001,0.858,0.95,-0.092,0,1.13,6201.5120375,0,-6201.5120375,Critical,Simulated field-force metrics; Sales/Target = real+derived
321770,2,Midwest,2015-06-01 00:00:00,26,23,0.884615384615385,560,487,0.869642857142857,-73,0.7845,0.9,-0.1155,0.8197,0.95,-0.1303,0,1.14,6256.392675,0,-6256.392675,Critical,Simulated field-force metrics; Sales/Target = real+derived
321770,2,Midwest,2015-07-01 00:00:00,26,22,0.846153846153846,568,540,0.950704225352113,-28,0.8125,0.9,-0.0875,0.8134,0.95,-0.1366,0,1.15,6311.2733125,0,-6311.2733125,Critical,Simulated field-force metrics; Sales/Target = real+derived
321770,2,Midwest,2015-08-01 00:00:00,26,23,0.884615384615385,576,464,0.805555555555556,-112,0.8457,0.9,-0.0543,0.8115,0.95,-0.1385,0,1.05,5762.4669375,0,-5762.4669375,Critical,Simulated field-force metrics; Sales/Target = real+derived
321770,2,Midwest,2015-09-01 00:00:00,26,23,0.884615384615385,552,490,0.88768115942029,-62,0.8066,0.9,-0.0934,0.8321,0.95,-0.1179,0,1.06,5817.347575,0,-5817.347575,Critical,Simulated field-force metrics; Sales/Target = real+derived
321770,2,Midwest,2015-10-01 00:00:00,26,23,0.884615384615385,560,472,0.842857142857143,-88,0.7729,0.9,-0.1271,0.808,0.95,-0.142,0,1.07,5872.2282125,0,-5872.2282125,Critical,Simulated field-force metrics; Sales/Target = real+derived
321770,2,Midwest,2015-11-01 00:00:00,26,24,0.923076923076923,568,478,0.841549295774648,-90,0.7656,0.9,-0.1344,0.8045,0.95,-0.1455,0,1.08,5927.10885,0,-5927.10885,Critical,Simulated field-force metrics; Sales/Target = real+derived
321770,2,Midwest,2015-12-01 00:00:00,26,23,0.884615384615385,576,503,0.873263888888889,-73,0.8127,0.9,-0.0873,0.8207,0.95,-0.1293,0,1.09,5981.9894875,0,-5981.9894875,Critical,Simulated field-force metrics; Sales/Target = real+derived
321770,2,Midwest,2016-01-01 00:00:00,26,23,0.884615384615385,552,453,0.820652173913044,-99,0.784,0.9,-0.116,0.8593,0.95,-0.0907,0,1.1,6036.870125,0,-6036.870125,Critical,Simulated field-force metrics; Sales/Target = real+derived
321770,2,Midwest,2016-02-01 00:00:00,26,23,0.884615384615385,560,452,0.807142857142857,-108,0.7631,0.9,-0.1369,0.8261,0.95,-0.1239,0,1.11,6091.7507625,0,-6091.7507625,Critical,Simulated field-force metrics; Sales/Target = real+derived
321770,2,Midwest,2016-03-01 00:00:00,26,24,0.923076923076923,568,437,0.769366197183099,-131,0.8028,0.9,-0.0972000000000001,0.78,0.95,-0.17,0,1.12,6146.6314,0,-6146.6314,Critical,Simulated field-force metrics; Sales/Target = real+derived
321770,2,Midwest,2016-04-01 00:00:00,26,22,0.846153846153846,576,479,0.831597222222222,-97,0.7784,0.9,-0.1216,0.8059,0.95,-0.1441,0,1.13,6201.5120375,0,-6201.5120375,Critical,Simulated field-force metrics; Sales/Target = real+derived
321770,2,Midwest,2016-05-01 00:00:00,26,23,0.884615384615385,552,455,0.824275362318841,-97,0.7419,0.9,-0.1581,0.8464,0.95,-0.1036,2779.73,1.14,6256.392675,0.444302355110727,-3476.662675,Critical,Simulated field-force metrics; Sales/Target = real+derived
321770,2,Midwest,2016-06-01 00:00:00,26,23,0.884615384615385,560,493,0.880357142857143,-67,0.7392,0.9,-0.1608,0.8291,0.95,-0.1209,2528.75,1.15,6311.2733125,0.400671920671159,-3782.5233125,Critical,Simulated field-force metrics; Sales/Target = real+derived
321770,2,Midwest,2016-07-01 00:00:00,26,23,0.884615384615385,568,457,0.804577464788732,-111,0.7934,0.9,-0.1066,0.8227,0.95,-0.1273,7514.31,1.05,5762.4669375,1.30400921714616,1751.8430625,At Risk,Simulated field-force metrics; Sales/Target = real+derived
321770,2,Midwest,2016-08-01 00:00:00,26,24,0.923076923076923,576,532,0.923611111111111,-44,0.7348,0.9,-0.1652,0.9053,0.95,-0.0447,1912.44,1.06,5817.347575,0.328747762677736,-3904.907575,Critical,Simulated field-force metrics; Sales/Target = real+derived
321770,2,Midwest,2016-09-01 00:00:00,26,22,0.846153846153846,552,489,0.885869565217391,-63,0.8271,0.9,-0.0729000000000001,0.797,0.95,-0.153,5227.81,1.07,5872.2282125,0.890260018994451,-644.418212500002,At Risk,Simulated field-force metrics; Sales/Target = real+derived
321770,2,Midwest,2016-10-01 00:00:00,26,23,0.884615384615385,560,471,0.841071428571429,-89,0.8125,0.9,-0.0875,0.8377,0.95,-0.1123,11637.44,1.08,5927.10885,1.96342606395697,5710.33115,Healthy,Simulated field-force metrics; Sales/Target = real+derived
321770,2,Midwest,2016-11-01 00:00:00,26,23,0.884615384615385,568,482,0.848591549295775,-86,0.7872,0.9,-0.1128,0.8642,0.95,-0.0858,6716.22,1.09,5981.9894875,1.12274018769746,734.230512499999,At Risk,Simulated field-force metrics; Sales/Target = real+derived
321770,2,Midwest,2016-12-01 00:00:00,26,23,0.884615384615385,576,504,0.875,-72,0.7698,0.9,-0.1302,0.7867,0.95,-0.1633,5587.81,1.1,6036.870125,0.925613750883866,-449.060125,At Risk,Simulated field-force metrics; Sales/Target = real+derived
321770,2,Midwest,2017-01-01 00:00:00,26,22,0.846153846153846,552,453,0.820652173913044,-99,0.8206,0.9,-0.0794,0.865,0.95,-0.085,0,1.11,6091.7507625,0,-6091.7507625,Critical,Simulated field-force metrics; Sales/Target = real+derived
321780,2,Midwest,2015-01-01 00:00:00,26,23,0.884615384615385,480,438,0.9125,-42,0.8504,0.9,-0.0496,0.8524,0.95,-0.0975999999999999,0,1.12,2234.65822222222,0,-2234.65822222222,Critical,Simulated field-force metrics; Sales/Target = real+derived
321780,2,Midwest,2015-02-01 00:00:00,26,22,0.846153846153846,488,448,0.918032786885246,-40,0.8004,0.9,-0.0996,0.8408,0.95,-0.1092,0,1.13,2254.61052777778,0,-2254.61052777778,Critical,Simulated field-force metrics; Sales/Target = real+derived
321780,2,Midwest,2015-03-01 00:00:00,26,23,0.884615384615385,496,406,0.818548387096774,-90,0.7511,0.9,-0.1489,0.8511,0.95,-0.0989,0,1.14,2274.56283333333,0,-2274.56283333333,Critical,Simulated field-force metrics; Sales/Target = real+derived
321780,2,Midwest,2015-04-01 00:00:00,26,22,0.846153846153846,504,492,0.976190476190476,-12,0.7645,0.9,-0.1355,0.787,0.95,-0.163,0,1.15,2294.51513888889,0,-2294.51513888889,Critical,Simulated field-force metrics; Sales/Target = real+derived
321780,2,Midwest,2015-05-01 00:00:00,26,23,0.884615384615385,480,439,0.914583333333333,-41,0.8048,0.9,-0.0952000000000001,0.857,0.95,-0.093,0,1.05,2094.99208333333,0,-2094.99208333333,Critical,Simulated field-force metrics; Sales/Target = real+derived
321780,2,Midwest,2015-06-01 00:00:00,26,22,0.846153846153846,488,404,0.827868852459016,-84,0.765,0.9,-0.135,0.7647,0.95,-0.1853,0,1.06,2114.94438888889,0,-2114.94438888889,Critical,Simulated field-force metrics; Sales/Target = real+derived
321780,2,Midwest,2015-07-01 00:00:00,26,23,0.884615384615385,496,379,0.764112903225807,-117,0.7563,0.9,-0.1437,0.8109,0.95,-0.1391,0,1.07,2134.89669444444,0,-2134.89669444444,Critical,Simulated field-force metrics; Sales/Target = real+derived
321780,2,Midwest,2015-08-01 00:00:00,26,22,0.846153846153846,504,439,0.871031746031746,-65,0.8132,0.9,-0.0868,0.8696,0.95,-0.0803999999999999,0,1.08,2154.849,0,-2154.849,Critical,Simulated field-force metrics; Sales/Target = real+derived
321780,2,Midwest,2015-09-01 00:00:00,26,23,0.884615384615385,480,432,0.9,-48,0.8025,0.9,-0.0975,0.8473,0.95,-0.1027,0,1.09,2174.80130555556,0,-2174.80130555556,Critical,Simulated field-force metrics; Sales/Target = real+derived
321780,2,Midwest,2015-10-01 00:00:00,26,23,0.884615384615385,488,420,0.860655737704918,-68,0.7886,0.9,-0.1114,0.823,0.95,-0.127,0,1.1,2194.75361111111,0,-2194.75361111111,Critical,Simulated field-force metrics; Sales/Target = real+derived
321780,2,Midwest,2015-11-01 00:00:00,26,22,0.846153846153846,496,432,0.870967741935484,-64,0.7993,0.9,-0.1007,0.813,0.95,-0.137,0,1.11,2214.70591666667,0,-2214.70591666667,Critical,Simulated field-force metrics; Sales/Target = real+derived
321780,2,Midwest,2015-12-01 00:00:00,26,22,0.846153846153846,504,406,0.805555555555556,-98,0.8368,0.9,-0.0632,0.8446,0.95,-0.1054,0,1.12,2234.65822222222,0,-2234.65822222222,Critical,Simulated field-force metrics; Sales/Target = real+derived
321780,2,Midwest,2016-01-01 00:00:00,26,22,0.846153846153846,480,426,0.8875,-54,0.7829,0.9,-0.1171,0.7845,0.95,-0.1655,0,1.13,2254.61052777778,0,-2254.61052777778,Critical,Simulated field-force metrics; Sales/Target = real+derived
321780,2,Midwest,2016-02-01 00:00:00,26,23,0.884615384615385,488,406,0.831967213114754,-82,0.7882,0.9,-0.1118,0.836,0.95,-0.114,0,1.14,2274.56283333333,0,-2274.56283333333,Critical,Simulated field-force metrics; Sales/Target = real+derived
321780,2,Midwest,2016-03-01 00:00:00,26,24,0.923076923076923,496,424,0.854838709677419,-72,0.7606,0.9,-0.1394,0.8494,0.95,-0.1006,0,1.15,2294.51513888889,0,-2294.51513888889,Critical,Simulated field-force metrics; Sales/Target = real+derived
321780,2,Midwest,2016-04-01 00:00:00,26,22,0.846153846153846,504,469,0.930555555555556,-35,0.8025,0.9,-0.0975,0.7584,0.95,-0.1916,0,1.05,2094.99208333333,0,-2094.99208333333,Critical,Simulated field-force metrics; Sales/Target = real+derived
321780,2,Midwest,2016-05-01 00:00:00,26,23,0.884615384615385,480,447,0.93125,-33,0.8577,0.9,-0.0423,0.909,0.95,-0.0409999999999999,0,1.06,2114.94438888889,0,-2114.94438888889,Critical,Simulated field-force metrics; Sales/Target = real+derived
321780,2,Midwest,2016-06-01 00:00:00,26,22,0.846153846153846,488,435,0.891393442622951,-53,0.7773,0.9,-0.1227,0.8407,0.95,-0.1093,0,1.07,2134.89669444444,0,-2134.89669444444,Critical,Simulated field-force metrics; Sales/Target = real+derived
321780,2,Midwest,2016-07-01 00:00:00,26,22,0.846153846153846,496,411,0.828629032258065,-85,0.7789,0.9,-0.1211,0.8646,0.95,-0.0853999999999999,0,1.08,2154.849,0,-2154.849,Critical,Simulated field-force metrics; Sales/Target = real+derived
321780,2,Midwest,2016-08-01 00:00:00,26,23,0.884615384615385,504,436,0.865079365079365,-68,0.7553,0.9,-0.1447,0.8187,0.95,-0.1313,2588.39,1.09,2174.80130555556,1.19017309461233,413.588694444444,At Risk,Simulated field-force metrics; Sales/Target = real+derived
321780,2,Midwest,2016-09-01 00:00:00,26,22,0.846153846153846,480,427,0.889583333333333,-53,0.8438,0.9,-0.0562,0.8798,0.95,-0.0701999999999999,6518.19,1.1,2194.75361111111,2.96989601338444,4323.43638888889,Healthy,Simulated field-force metrics; Sales/Target = real+derived
321780,2,Midwest,2016-10-01 00:00:00,26,22,0.846153846153846,488,363,0.743852459016393,-125,0.7407,0.9,-0.1593,0.8772,0.95,-0.0728,2621.25,1.11,2214.70591666667,1.18356571871412,406.544083333333,At Risk,Simulated field-force metrics; Sales/Target = real+derived
321780,2,Midwest,2016-11-01 00:00:00,26,23,0.884615384615385,496,409,0.824596774193548,-87,0.86,0.9,-0.04,0.8896,0.95,-0.0604,7681.49,1.12,2234.65822222222,3.43743393222846,5446.83177777778,Healthy,Simulated field-force metrics; Sales/Target = real+derived
321780,2,Midwest,2016-12-01 00:00:00,26,23,0.884615384615385,504,425,0.843253968253968,-79,0.7979,0.9,-0.1021,0.8439,0.95,-0.1061,4832.14,1.13,2254.61052777778,2.14322604301982,2577.52947222222,At Risk,Simulated field-force metrics; Sales/Target = real+derived
321780,2,Midwest,2017-01-01 00:00:00,26,24,0.923076923076923,480,418,0.870833333333333,-62,0.828,0.9,-0.0720000000000001,0.8814,0.95,-0.0686,0,1.14,2274.56283333333,0,-2274.56283333333,Critical,Simulated field-force metrics; Sales/Target = real+derived
321790,2,Midwest,2015-01-01 00:00:00,26,22,0.846153846153846,492,437,0.888211382113821,-55,0.7959,0.9,-0.1041,0.7509,0.95,-0.1991,1829.02,1.15,3467.93342857143,0.527409201379463,-1638.91342857143,Critical,Simulated field-force metrics; Sales/Target = real+derived
321790,2,Midwest,2015-02-01 00:00:00,26,21,0.807692307692308,500,408,0.816,-92,0.8248,0.9,-0.0752,0.8472,0.95,-0.1028,2401.81,1.05,3166.374,0.758536420523918,-764.564,Critical,Simulated field-force metrics; Sales/Target = real+derived
321790,2,Midwest,2015-03-01 00:00:00,26,23,0.884615384615385,508,475,0.93503937007874,-33,0.7617,0.9,-0.1383,0.8328,0.95,-0.1172,566.3,1.06,3196.52994285714,0.177160861973289,-2630.22994285714,Critical,Simulated field-force metrics; Sales/Target = real+derived
321790,2,Midwest,2015-04-01 00:00:00,26,23,0.884615384615385,516,427,0.827519379844961,-89,0.8072,0.9,-0.0928,0.7846,0.95,-0.1654,1726.87,1.07,3226.68588571429,0.535183795747049,-1499.81588571429,Critical,Simulated field-force metrics; Sales/Target = real+derived
321790,2,Midwest,2015-05-01 00:00:00,26,24,0.923076923076923,492,408,0.829268292682927,-84,0.8773,0.9,-0.0227000000000001,0.85,0.95,-0.1,1778.03,1.08,3256.84182857143,0.545936859568004,-1478.81182857143,Critical,Simulated field-force metrics; Sales/Target = real+derived
321790,2,Midwest,2015-06-01 00:00:00,26,24,0.923076923076923,500,428,0.856,-72,0.8051,0.9,-0.0949,0.8199,0.95,-0.1301,2265.94,1.09,3286.99777142857,0.689364629235874,-1021.05777142857,Critical,Simulated field-force metrics; Sales/Target = real+derived
321790,2,Midwest,2015-07-01 00:00:00,26,23,0.884615384615385,508,442,0.87007874015748,-66,0.7787,0.9,-0.1213,0.832,0.95,-0.118,3591.4,1.1,3317.15371428571,1.08267518159717,274.246285714286,At Risk,Simulated field-force metrics; Sales/Target = real+derived
321790,2,Midwest,2015-08-01 00:00:00,26,22,0.846153846153846,516,490,0.949612403100775,-26,0.803,0.9,-0.097,0.8941,0.95,-0.0559,3729.93,1.11,3347.30965714286,1.11430682609261,382.620342857142,Healthy,Simulated field-force metrics; Sales/Target = real+derived
321790,2,Midwest,2015-09-01 00:00:00,26,23,0.884615384615385,492,427,0.867886178861789,-65,0.7599,0.9,-0.1401,0.8179,0.95,-0.1321,3893.64,1.12,3377.4656,1.1528289140828,516.1744,At Risk,Simulated field-force metrics; Sales/Target = real+derived
321790,2,Midwest,2015-10-01 00:00:00,26,23,0.884615384615385,500,460,0.92,-40,0.8139,0.9,-0.0861000000000001,0.8901,0.95,-0.0599,2857.73,1.13,3407.62154285714,0.838628927555117,-549.891542857143,At Risk,Simulated field-force metrics; Sales/Target = real+derived
321790,2,Midwest,2015-11-01 00:00:00,26,23,0.884615384615385,508,469,0.923228346456693,-39,0.8041,0.9,-0.0959,0.9238,0.95,-0.0262,3752.04,1.14,3437.77748571429,1.09141444307889,314.262514285714,Healthy,Simulated field-force metrics; Sales/Target = real+derived
321790,2,Midwest,2015-12-01 00:00:00,26,23,0.884615384615385,516,427,0.827519379844961,-89,0.7638,0.9,-0.1362,0.9157,0.95,-0.0343,4887.35,1.15,3467.93342857143,1.40929752564866,1419.41657142857,At Risk,Simulated field-force metrics; Sales/Target = real+derived
321790,2,Midwest,2016-01-01 00:00:00,26,23,0.884615384615385,492,415,0.84349593495935,-77,0.8499,0.9,-0.0501,0.8711,0.95,-0.0789,3778.2,1.05,3166.374,1.19322606868298,611.826,Healthy,Simulated field-force metrics; Sales/Target = real+derived
321790,2,Midwest,2016-02-01 00:00:00,26,24,0.923076923076923,500,398,0.796,-102,0.7969,0.9,-0.1031,0.8229,0.95,-0.1271,3683.35,1.06,3196.52994285714,1.15229641700391,486.820057142857,At Risk,Simulated field-force metrics; Sales/Target = real+derived
321790,2,Midwest,2016-03-01 00:00:00,26,22,0.846153846153846,508,457,0.899606299212598,-51,0.7967,0.9,-0.1033,0.8649,0.95,-0.0851,4104.5,1.07,3226.68588571429,1.27204820840235,877.814114285714,At Risk,Simulated field-force metrics; Sales/Target = real+derived
321790,2,Midwest,2016-04-01 00:00:00,26,24,0.923076923076923,516,435,0.843023255813954,-81,0.7914,0.9,-0.1086,0.8424,0.95,-0.1076,3385.06,1.08,3256.84182857143,1.03936886658227,128.218171428571,At Risk,Simulated field-force metrics; Sales/Target = real+derived
321790,2,Midwest,2016-05-01 00:00:00,26,23,0.884615384615385,492,411,0.835365853658537,-81,0.7841,0.9,-0.1159,0.8742,0.95,-0.0758,4115.78,1.09,3286.99777142857,1.25213957726878,828.782228571428,At Risk,Simulated field-force metrics; Sales/Target = real+derived
321790,2,Midwest,2016-06-01 00:00:00,26,23,0.884615384615385,500,388,0.776,-112,0.7633,0.9,-0.1367,0.8866,0.95,-0.0633999999999999,3649.34,1.1,3317.15371428571,1.10014196335964,332.186285714286,At Risk,Simulated field-force metrics; Sales/Target = real+derived
321790,2,Midwest,2016-07-01 00:00:00,26,23,0.884615384615385,508,420,0.826771653543307,-88,0.8002,0.9,-0.0998,0.84,0.95,-0.11,3808.54,1.11,3347.30965714286,1.13779135786643,461.230342857142,Healthy,Simulated field-force metrics; Sales/Target = real+derived
321790,2,Midwest,2016-08-01 00:00:00,26,23,0.884615384615385,516,414,0.802325581395349,-102,0.7767,0.9,-0.1233,0.8456,0.95,-0.1044,4986.94,1.12,3377.4656,1.47653317327644,1609.4744,At Risk,Simulated field-force metrics; Sales/Target = real+derived
321790,2,Midwest,2016-09-01 00:00:00,26,23,0.884615384615385,492,433,0.880081300813008,-59,0.7631,0.9,-0.1369,0.8465,0.95,-0.1035,4224.28,1.13,3407.62154285714,1.2396564427334,816.658457142857,At Risk,Simulated field-force metrics; Sales/Target = real+derived
321790,2,Midwest,2016-10-01 00:00:00,26,24,0.923076923076923,500,439,0.878,-61,0.811,0.9,-0.089,0.8378,0.95,-0.1122,5748.44,1.14,3437.77748571429,1.67213847431595,2310.66251428571,Healthy,Simulated field-force metrics; Sales/Target = real+derived
321790,2,Midwest,2016-11-01 00:00:00,26,22,0.846153846153846,508,434,0.854330708661417,-74,0.8503,0.9,-0.0497000000000001,0.8429,0.95,-0.1071,4999.92,1.15,3467.93342857143,1.44175777966408,1531.98657142857,Healthy,Simulated field-force metrics; Sales/Target = real+derived
321790,2,Midwest,2016-12-01 00:00:00,26,22,0.846153846153846,516,432,0.837209302325581,-84,0.8132,0.9,-0.0868,0.8285,0.95,-0.1215,4935.63,1.05,3166.374,1.55876406261547,1769.256,Healthy,Simulated field-force metrics; Sales/Target = real+derived
321790,2,Midwest,2017-01-01 00:00:00,26,23,0.884615384615385,492,432,0.878048780487805,-60,0.8373,0.9,-0.0627,0.895,0.95,-0.0549999999999999,0,1.06,3196.52994285714,0,-3196.52994285714,Critical,Simulated field-force metrics; Sales/Target = real+derived
321800,3,Southeast,2015-01-01 00:00:00,26,26,1,504,499,0.990079365079365,-5,0.97,0.9,0.07,0.98,0.95,0.03,10264.17,1.07,14261.1548526316,0.71972922993021,-3996.98485263158,Critical,Simulated field-force metrics; Sales/Target = real+derived
321800,3,Southeast,2015-02-01 00:00:00,26,26,1,512,507,0.990234375,-5,0.97,0.9,0.07,0.98,0.95,0.03,9764.84,1.08,14394.4366736842,0.678375974090879,-4629.59667368421,Critical,Simulated field-force metrics; Sales/Target = real+derived
321800,3,Southeast,2015-03-01 00:00:00,26,26,1,520,515,0.990384615384615,-5,0.97,0.9,0.07,0.98,0.95,0.03,7519.11,1.09,14527.7184947368,0.517569913178319,-7008.60849473684,Critical,Simulated field-force metrics; Sales/Target = real+derived
321800,3,Southeast,2015-04-01 00:00:00,26,26,1,528,523,0.990530303030303,-5,0.97,0.9,0.07,0.98,0.95,0.03,7176.82,1.1,14661.0003157895,0.489517757684704,-7484.18031578947,Critical,Simulated field-force metrics; Sales/Target = real+derived
321800,3,Southeast,2015-05-01 00:00:00,26,26,1,504,499,0.990079365079365,-5,0.97,0.9,0.07,0.98,0.95,0.03,9801.83,1.11,14794.2821368421,0.662541778596379,-4992.45213684211,Critical,Simulated field-force metrics; Sales/Target = real+derived
321800,3,Southeast,2015-06-01 00:00:00,26,26,1,512,507,0.990234375,-5,0.97,0.9,0.07,0.98,0.95,0.03,10081.15,1.12,14927.5639578947,0.675337920402504,-4846.41395789474,Critical,Simulated field-force metrics; Sales/Target = real+derived
321800,3,Southeast,2015-07-01 00:00:00,26,26,1,520,515,0.990384615384615,-5,0.97,0.9,0.07,0.98,0.95,0.03,8869.69,1.13,15060.8457789474,0.588923764985257,-6191.15577894736,Critical,Simulated field-force metrics; Sales/Target = real+derived
321800,3,Southeast,2015-08-01 00:00:00,26,26,1,528,523,0.990530303030303,-5,0.97,0.9,0.07,0.98,0.95,0.03,9515.39,1.14,15194.1276,0.626254448462049,-5678.7376,Critical,Simulated field-force metrics; Sales/Target = real+derived
321800,3,Southeast,2015-09-01 00:00:00,26,26,1,504,499,0.990079365079365,-5,0.97,0.9,0.07,0.98,0.95,0.03,8554.53,1.15,15327.4094210526,0.558119755596149,-6772.87942105263,Critical,Simulated field-force metrics; Sales/Target = real+derived
321800,3,Southeast,2015-10-01 00:00:00,26,26,1,512,507,0.990234375,-5,0.97,0.9,0.07,0.98,0.95,0.03,10418.09,1.05,13994.5912105263,0.744436893030775,-3576.50121052632,Critical,Simulated field-force metrics; Sales/Target = real+derived
321800,3,Southeast,2015-11-01 00:00:00,26,26,1,520,515,0.990384615384615,-5,0.97,0.9,0.07,0.98,0.95,0.03,9834.18,1.06,14127.8730315789,0.696083549025279,-4293.69303157895,Critical,Simulated field-force metrics; Sales/Target = real+derived
321800,3,Southeast,2015-12-01 00:00:00,26,26,1,528,523,0.990530303030303,-5,0.97,0.9,0.07,0.98,0.95,0.03,12945.04,1.07,14261.1548526316,0.90771330469154,-1316.11485263158,Healthy,Simulated field-force metrics; Sales/Target = real+derived
321800,3,Southeast,2016-01-01 00:00:00,26,26,1,504,499,0.990079365079365,-5,0.97,0.9,0.07,0.98,0.95,0.03,13937.5,1.08,14394.4366736842,0.968256022514617,-456.936673684209,Healthy,Simulated field-force metrics; Sales/Target = real+derived
321800,3,Southeast,2016-02-01 00:00:00,26,26,1,512,507,0.990234375,-5,0.97,0.9,0.07,0.98,0.95,0.03,11927.22,1.09,14527.7184947368,0.820997461116901,-2600.49849473684,At Risk,Simulated field-force metrics; Sales/Target = real+derived
321800,3,Southeast,2016-03-01 00:00:00,26,26,1,520,515,0.990384615384615,-5,0.97,0.9,0.07,0.98,0.95,0.03,16155.48,1.1,14661.0003157895,1.10193572416754,1494.47968421053,Healthy,Simulated field-force metrics; Sales/Target = real+derived
321800,3,Southeast,2016-04-01 00:00:00,26,26,1,528,523,0.990530303030303,-5,0.97,0.9,0.07,0.98,0.95,0.03,16211.98,1.11,14794.2821368421,1.09582741832586,1417.6978631579,Healthy,Simulated field-force metrics; Sales/Target = real+derived
321800,3,Southeast,2016-05-01 00:00:00,26,26,1,504,499,0.990079365079365,-5,0.97,0.9,0.07,0.98,0.95,0.03,19214.52,1.12,14927.5639578947,1.28718390048083,4286.95604210526,Healthy,Simulated field-force metrics; Sales/Target = real+derived
321800,3,Southeast,2016-06-01 00:00:00,26,26,1,512,507,0.990234375,-5,0.97,0.9,0.07,0.98,0.95,0.03,17025.51,1.13,15060.8457789474,1.13044846550377,1964.66422105264,Healthy,Simulated field-force metrics; Sales/Target = real+derived
321800,3,Southeast,2016-07-01 00:00:00,26,26,1,520,515,0.990384615384615,-5,0.97,0.9,0.07,0.98,0.95,0.03,18085.37,1.14,15194.1276,1.1902868316046,2891.2424,Healthy,Simulated field-force metrics; Sales/Target = real+derived
321800,3,Southeast,2016-08-01 00:00:00,26,26,1,528,523,0.990530303030303,-5,0.97,0.9,0.07,0.98,0.95,0.03,25356.27,1.15,15327.4094210526,1.65430891179644,10028.8605789474,Healthy,Simulated field-force metrics; Sales/Target = real+derived
321800,3,Southeast,2016-09-01 00:00:00,26,26,1,504,499,0.990079365079365,-5,0.97,0.9,0.07,0.98,0.95,0.03,21814.07,1.05,13994.5912105263,1.55875006792568,7819.47878947368,Healthy,Simulated field-force metrics; Sales/Target = real+derived
321800,3,Southeast,2016-10-01 00:00:00,26,26,1,512,507,0.990234375,-5,0.97,0.9,0.07,0.98,0.95,0.03,22819.56,1.06,14127.8730315789,1.61521553520429,8691.68696842105,Healthy,Simulated field-force metrics; Sales/Target = real+derived
321800,3,Southeast,2016-11-01 00:00:00,26,26,1,520,515,0.990384615384615,-5,0.97,0.9,0.07,0.98,0.95,0.03,24935.9,1.07,14261.1548526316,1.74851898444947,10674.7451473684,Healthy,Simulated field-force metrics; Sales/Target = real+derived
321800,3,Southeast,2016-12-01 00:00:00,26,26,1,528,523,0.990530303030303,-5,0.97,0.9,0.07,0.98,0.95,0.03,44048.65,1.08,14394.4366736842,3.06011627954357,29654.2133263158,Healthy,Simulated field-force metrics; Sales/Target = real+derived
321800,3,Southeast,2017-01-01 00:00:00,26,26,1,504,499,0.990079365079365,-5,0.97,0.9,0.07,0.98,0.95,0.03,4363.58,1.09,14527.7184947368,0.30036237290672,-10164.1384947368,Critical,Simulated field-force metrics; Sales/Target = real+derived
321810,3,Southeast,2015-01-01 00:00:00,26,21,0.807692307692308,516,346,0.670542635658915,-170,0.6534,0.9,-0.2466,0.6622,0.95,-0.2878,8018.67,1.1,13731.8233684211,0.583947942298796,-5713.15336842106,Critical,Simulated field-force metrics; Sales/Target = real+derived
321810,3,Southeast,2015-02-01 00:00:00,26,20,0.769230769230769,524,354,0.675572519083969,-170,0.7322,0.9,-0.1678,0.6695,0.95,-0.2805,8624.41,1.11,13856.6581263158,0.622401875068347,-5232.24812631579,Critical,Simulated field-force metrics; Sales/Target = real+derived
321810,3,Southeast,2015-03-01 00:00:00,26,20,0.769230769230769,532,361,0.678571428571429,-171,0.6369,0.9,-0.2631,0.6835,0.95,-0.2665,8279.47,1.12,13981.4928842105,0.592173530292327,-5702.02288421053,Critical,Simulated field-force metrics; Sales/Target = real+derived
321810,3,Southeast,2015-04-01 00:00:00,26,21,0.807692307692308,540,396,0.733333333333333,-144,0.6161,0.9,-0.2839,0.6732,0.95,-0.2768,8362.36,1.13,14106.3276421053,0.592809142972095,-5743.96764210526,Critical,Simulated field-force metrics; Sales/Target = real+derived
321810,3,Southeast,2015-05-01 00:00:00,26,20,0.769230769230769,516,352,0.682170542635659,-164,0.6066,0.9,-0.2934,0.6182,0.95,-0.3318,11240.2,1.14,14231.1624,0.789830070381321,-2990.9624,Critical,Simulated field-force metrics; Sales/Target = real+derived
321810,3,Southeast,2015-06-01 00:00:00,26,22,0.846153846153846,524,385,0.734732824427481,-139,0.6729,0.9,-0.2271,0.6712,0.95,-0.2788,7867.06,1.15,14355.9971578947,0.547998158085013,-6488.93715789474,Critical,Simulated field-force metrics; Sales/Target = real+derived
321810,3,Southeast,2015-07-01 00:00:00,26,21,0.807692307692308,532,339,0.637218045112782,-193,0.6689,0.9,-0.2311,0.6754,0.95,-0.2746,8695.56,1.05,13107.6495789474,0.663395824524194,-4412.08957894737,Critical,Simulated field-force metrics; Sales/Target = real+derived
321810,3,Southeast,2015-08-01 00:00:00,26,21,0.807692307692308,540,390,0.722222222222222,-150,0.6042,0.9,-0.2958,0.607,0.95,-0.343,8656.01,1.06,13232.4843368421,0.65414851660922,-4576.47433684211,Critical,Simulated field-force metrics; Sales/Target = real+derived
321810,3,Southeast,2015-09-01 00:00:00,26,20,0.769230769230769,516,376,0.728682170542636,-140,0.6629,0.9,-0.2371,0.6204,0.95,-0.3296,8220.17,1.07,13357.3190947368,0.615405676969938,-5137.14909473684,Critical,Simulated field-force metrics; Sales/Target = real+derived
321810,3,Southeast,2015-10-01 00:00:00,26,20,0.769230769230769,524,355,0.677480916030534,-169,0.6262,0.9,-0.2738,0.6151,0.95,-0.3349,7070.13,1.08,13482.1538526316,0.524406565692764,-6412.02385263158,Critical,Simulated field-force metrics; Sales/Target = real+derived
321810,3,Southeast,2015-11-01 00:00:00,26,20,0.769230769230769,532,359,0.674812030075188,-173,0.6417,0.9,-0.2583,0.6238,0.95,-0.3262,5483.8,1.09,13606.9886105263,0.403013492328328,-8123.18861052632,Critical,Simulated field-force metrics; Sales/Target = real+derived
321810,3,Southeast,2015-12-01 00:00:00,26,21,0.807692307692308,540,405,0.75,-135,0.5932,0.9,-0.3068,0.6506,0.95,-0.2994,15950.33,1.1,13731.8233684211,1.16155950830833,2218.50663157894,Critical,Simulated field-force metrics; Sales/Target = real+derived
321810,3,Southeast,2016-01-01 00:00:00,26,22,0.846153846153846,516,356,0.689922480620155,-160,0.6186,0.9,-0.2814,0.7024,0.95,-0.2476,11297.27,1.11,13856.6581263158,0.815295426719438,-2559.38812631579,Critical,Simulated field-force metrics; Sales/Target = real+derived
321810,3,Southeast,2016-02-01 00:00:00,26,21,0.807692307692308,524,394,0.751908396946565,-130,0.6537,0.9,-0.2463,0.6549,0.95,-0.2951,11644.57,1.12,13981.4928842105,0.832855983008106,-2336.92288421053,Critical,Simulated field-force metrics; Sales/Target = real+derived
321810,3,Southeast,2016-03-01 00:00:00,26,21,0.807692307692308,532,383,0.719924812030075,-149,0.6744,0.9,-0.2256,0.6508,0.95,-0.2992,16346.11,1.13,14106.3276421053,1.15877855773102,2239.78235789474,Critical,Simulated field-force metrics; Sales/Target = real+derived
321810,3,Southeast,2016-04-01 00:00:00,26,21,0.807692307692308,540,380,0.703703703703704,-160,0.6634,0.9,-0.2366,0.6325,0.95,-0.3175,14672.55,1.14,14231.1624,1.03101556904445,441.3876,Critical,Simulated field-force metrics; Sales/Target = real+derived
321810,3,Southeast,2016-05-01 00:00:00,26,22,0.846153846153846,516,374,0.724806201550388,-142,0.5926,0.9,-0.3074,0.7,0.95,-0.25,19003.23,1.15,14355.9971578947,1.32371369198479,4647.23284210526,Critical,Simulated field-force metrics; Sales/Target = real+derived
321810,3,Southeast,2016-06-01 00:00:00,26,22,0.846153846153846,524,391,0.74618320610687,-133,0.6887,0.9,-0.2113,0.6751,0.95,-0.2749,25238.67,1.05,13107.6495789474,1.9254916640842,12131.0204210526,Critical,Simulated field-force metrics; Sales/Target = real+derived
321810,3,Southeast,2016-07-01 00:00:00,26,20,0.769230769230769,532,337,0.633458646616541,-195,0.6476,0.9,-0.2524,0.6453,0.95,-0.3047,20104.05,1.06,13232.4843368421,1.51929520475803,6871.56566315789,Critical,Simulated field-force metrics; Sales/Target = real+derived
321810,3,Southeast,2016-08-01 00:00:00,26,20,0.769230769230769,540,380,0.703703703703704,-160,0.6603,0.9,-0.2397,0.617,0.95,-0.333,29573.05,1.07,13357.3190947368,2.21399592165561,16215.7309052632,Critical,Simulated field-force metrics; Sales/Target = real+derived
321810,3,Southeast,2016-09-01 00:00:00,26,21,0.807692307692308,516,396,0.767441860465116,-120,0.6011,0.9,-0.2989,0.6894,0.95,-0.2606,23869.81,1.08,13482.1538526316,1.77047452958274,10387.6561473684,Critical,Simulated field-force metrics; Sales/Target = real+derived
321810,3,Southeast,2016-10-01 00:00:00,26,21,0.807692307692308,524,382,0.729007633587786,-142,0.6771,0.9,-0.2229,0.6964,0.95,-0.2536,20939.4,1.09,13606.9886105263,1.53887098750133,7332.41138947368,Critical,Simulated field-force metrics; Sales/Target = real+derived
321810,3,Southeast,2016-11-01 00:00:00,26,21,0.807692307692308,532,352,0.661654135338346,-180,0.6777,0.9,-0.2223,0.6407,0.95,-0.3093,20714.34,1.1,13731.8233684211,1.50849158514787,6982.51663157895,Critical,Simulated field-force metrics; Sales/Target = real+derived
321810,3,Southeast,2016-12-01 00:00:00,26,21,0.807692307692308,540,387,0.716666666666667,-153,0.6557,0.9,-0.2443,0.679,0.95,-0.271,20391.35,1.11,13856.6581263158,1.47159219879098,6534.69187368421,Critical,Simulated field-force metrics; Sales/Target = real+derived
321810,3,Southeast,2017-01-01 00:00:00,26,20,0.769230769230769,516,337,0.653100775193799,-179,0.6692,0.9,-0.2308,0.6757,0.95,-0.2743,849.36,1.12,13981.4928842105,0.060748877607998,-13132.1328842105,Critical,Simulated field-force metrics; Sales/Target = real+derived
321820,3,Southeast,2015-01-01 00:00:00,26,21,0.807692307692308,528,362,0.685606060606061,-166,0.5684,0.9,-0.3316,0.6689,0.95,-0.2811,2749.51,1.13,8780.08656216216,0.313152949066474,-6030.57656216216,Critical,Simulated field-force metrics; Sales/Target = real+derived
321820,3,Southeast,2015-02-01 00:00:00,26,20,0.769230769230769,536,376,0.701492537313433,-160,0.5949,0.9,-0.3051,0.6966,0.95,-0.2534,5621.25,1.14,8857.78644324324,0.634611145348612,-3236.53644324324,Critical,Simulated field-force metrics; Sales/Target = real+derived
321820,3,Southeast,2015-03-01 00:00:00,26,20,0.769230769230769,544,367,0.674632352941177,-177,0.6213,0.9,-0.2787,0.6048,0.95,-0.3452,6559.43,1.15,8935.48632432432,0.734087632381443,-2376.05632432432,Critical,Simulated field-force metrics; Sales/Target = real+derived
321820,3,Southeast,2015-04-01 00:00:00,26,21,0.807692307692308,552,415,0.751811594202899,-137,0.6004,0.9,-0.2996,0.6537,0.95,-0.2963,5325.28,1.05,8158.48751351351,0.652728828864338,-2833.20751351351,Critical,Simulated field-force metrics; Sales/Target = real+derived
321820,3,Southeast,2015-05-01 00:00:00,26,19,0.730769230769231,528,362,0.685606060606061,-166,0.6066,0.9,-0.2934,0.6121,0.95,-0.3379,5008.74,1.06,8236.1873945946,0.608138178508084,-3227.4473945946,Critical,Simulated field-force metrics; Sales/Target = real+derived
321820,3,Southeast,2015-06-01 00:00:00,26,21,0.807692307692308,536,362,0.675373134328358,-174,0.6113,0.9,-0.2887,0.6283,0.95,-0.3217,4809.86,1.07,8313.88727567568,0.578533222849007,-3504.02727567568,Critical,Simulated field-force metrics; Sales/Target = real+derived
321820,3,Southeast,2015-07-01 00:00:00,26,19,0.730769230769231,544,350,0.643382352941177,-194,0.6512,0.9,-0.2488,0.5736,0.95,-0.3764,5615.84,1.08,8391.58715675676,0.669222626792147,-2775.74715675676,Critical,Simulated field-force metrics; Sales/Target = real+derived
321820,3,Southeast,2015-08-01 00:00:00,26,20,0.769230769230769,552,371,0.672101449275362,-181,0.6786,0.9,-0.2214,0.6785,0.95,-0.2715,5086.25,1.09,8469.28703783784,0.60055232244183,-3383.03703783784,Critical,Simulated field-force metrics; Sales/Target = real+derived
321820,3,Southeast,2015-09-01 00:00:00,26,20,0.769230769230769,528,391,0.740530303030303,-137,0.5916,0.9,-0.3084,0.6739,0.95,-0.2761,7156.6,1.1,8546.98691891892,0.837324318837874,-1390.38691891892,Critical,Simulated field-force metrics; Sales/Target = real+derived
321820,3,Southeast,2015-10-01 00:00:00,26,20,0.769230769230769,536,392,0.73134328358209,-144,0.6033,0.9,-0.2967,0.6043,0.95,-0.3457,13792.95,1.11,8624.6868,1.59924068199207,5168.2632,Critical,Simulated field-force metrics; Sales/Target = real+derived
321820,3,Southeast,2015-11-01 00:00:00,26,21,0.807692307692308,544,380,0.698529411764706,-164,0.6002,0.9,-0.2998,0.6592,0.95,-0.2908,10511.1,1.12,8702.38668108108,1.20784106535407,1808.71331891892,Critical,Simulated field-force metrics; Sales/Target = real+derived
321820,3,Southeast,2015-12-01 00:00:00,26,20,0.769230769230769,552,393,0.711956521739131,-159,0.633,0.9,-0.267,0.6426,0.95,-0.3074,4128.79,1.13,8780.08656216216,0.470244794372876,-4651.29656216216,Critical,Simulated field-force metrics; Sales/Target = real+derived
321820,3,Southeast,2016-01-01 00:00:00,26,20,0.769230769230769,528,366,0.693181818181818,-162,0.6368,0.9,-0.2632,0.7175,0.95,-0.2325,6678.25,1.14,8857.78644324324,0.753941184153768,-2179.53644324324,Critical,Simulated field-force metrics; Sales/Target = real+derived
321820,3,Southeast,2016-02-01 00:00:00,26,21,0.807692307692308,536,390,0.727611940298508,-146,0.7256,0.9,-0.1744,0.6767,0.95,-0.2733,6037.55,1.15,8935.48632432432,0.675682305457117,-2897.93632432432,Critical,Simulated field-force metrics; Sales/Target = real+derived
321820,3,Southeast,2016-03-01 00:00:00,26,21,0.807692307692308,544,389,0.715073529411765,-155,0.5822,0.9,-0.3178,0.6216,0.95,-0.3284,7479.19,1.05,8158.48751351351,0.916737322648549,-679.297513513515,Critical,Simulated field-force metrics; Sales/Target = real+derived
321820,3,Southeast,2016-04-01 00:00:00,26,20,0.769230769230769,552,394,0.713768115942029,-158,0.6115,0.9,-0.2885,0.6464,0.95,-0.3036,11362.52,1.06,8236.1873945946,1.37958492875687,3126.33260540541,Critical,Simulated field-force metrics; Sales/Target = real+derived
321820,3,Southeast,2016-05-01 00:00:00,26,21,0.807692307692308,528,381,0.721590909090909,-147,0.6119,0.9,-0.2881,0.6181,0.95,-0.3319,12268.06,1.07,8313.88727567568,1.47561057700328,3954.17272432432,Critical,Simulated field-force metrics; Sales/Target = real+derived
321820,3,Southeast,2016-06-01 00:00:00,26,21,0.807692307692308,536,385,0.718283582089552,-151,0.5613,0.9,-0.3387,0.623,0.95,-0.327,28135.25,1.08,8391.58715675676,3.3527924425293,19743.6628432432,Critical,Simulated field-force metrics; Sales/Target = real+derived
321820,3,Southeast,2016-07-01 00:00:00,26,21,0.807692307692308,544,391,0.71875,-153,0.6494,0.9,-0.2506,0.6571,0.95,-0.2929,15651.46,1.09,8469.28703783784,1.8480256874132,7182.17296216216,Critical,Simulated field-force metrics; Sales/Target = real+derived
321820,3,Southeast,2016-08-01 00:00:00,26,21,0.807692307692308,552,381,0.690217391304348,-171,0.594,0.9,-0.306,0.6297,0.95,-0.3203,18694.26,1.1,8546.98691891892,2.18723395476597,10147.2730810811,Critical,Simulated field-force metrics; Sales/Target = real+derived
321820,3,Southeast,2016-09-01 00:00:00,26,21,0.807692307692308,528,362,0.685606060606061,-166,0.5516,0.9,-0.3484,0.6186,0.95,-0.3314,15917.61,1.11,8624.6868,1.84558701888166,7292.9232,Critical,Simulated field-force metrics; Sales/Target = real+derived
321820,3,Southeast,2016-10-01 00:00:00,26,21,0.807692307692308,536,363,0.677238805970149,-173,0.6089,0.9,-0.2911,0.6582,0.95,-0.2918,15945.18,1.12,8702.38668108108,1.83227665976561,7242.79331891892,Critical,Simulated field-force metrics; Sales/Target = real+derived
321820,3,Southeast,2016-11-01 00:00:00,26,20,0.769230769230769,544,339,0.623161764705882,-205,0.6054,0.9,-0.2946,0.6673,0.95,-0.2827,20291.76,1.13,8780.08656216216,2.31111161106856,11511.6734378378,Critical,Simulated field-force metrics; Sales/Target = real+derived
321820,3,Southeast,2016-12-01 00:00:00,26,22,0.846153846153846,552,397,0.719202898550725,-155,0.5662,0.9,-0.3338,0.6266,0.95,-0.3234,14975.54,1.14,8857.78644324324,1.69066392557064,6117.75355675676,Critical,Simulated field-force metrics; Sales/Target = real+derived
321820,3,Southeast,2017-01-01 00:00:00,26,21,0.807692307692308,528,367,0.695075757575758,-161,0.6364,0.9,-0.2636,0.6132,0.95,-0.3368,0,1.15,8935.48632432432,0,-8935.48632432432,Critical,Simulated field-force metrics; Sales/Target = real+derived
321830,3,Southeast,2015-01-01 00:00:00,26,20,0.769230769230769,540,351,0.65,-189,0.5861,0.9,-0.3139,0.5552,0.95,-0.3948,11044.4,1.05,8440.32539189189,1.30852775067294,2604.07460810811,Critical,Simulated field-force metrics; Sales/Target = real+derived
321830,3,Southeast,2015-02-01 00:00:00,26,20,0.769230769230769,548,301,0.549270072992701,-247,0.5355,0.9,-0.3645,0.5575,0.95,-0.3925,5676.27,1.06,8520.70944324324,0.666173402321701,-2844.43944324324,Critical,Simulated field-force metrics; Sales/Target = real+derived
321830,3,Southeast,2015-03-01 00:00:00,26,19,0.730769230769231,556,356,0.640287769784173,-200,0.5553,0.9,-0.3447,0.4997,0.95,-0.4503,13797.71,1.07,8601.09349459459,1.60418091126102,5196.61650540541,Critical,Simulated field-force metrics; Sales/Target = real+derived
321830,3,Southeast,2015-04-01 00:00:00,26,20,0.769230769230769,564,336,0.595744680851064,-228,0.5742,0.9,-0.3258,0.5368,0.95,-0.4132,11203.53,1.08,8681.47754594595,1.29050958672718,2522.05245405406,Critical,Simulated field-force metrics; Sales/Target = real+derived
321830,3,Southeast,2015-05-01 00:00:00,26,20,0.769230769230769,540,336,0.622222222222222,-204,0.5679,0.9,-0.3321,0.5851,0.95,-0.3649,8061.43,1.09,8761.8615972973,0.920059043444221,-700.431597297296,Critical,Simulated field-force metrics; Sales/Target = real+derived
321830,3,Southeast,2015-06-01 00:00:00,26,20,0.769230769230769,548,313,0.571167883211679,-235,0.5055,0.9,-0.3945,0.5509,0.95,-0.3991,6921.65,1.1,8842.24564864865,0.782793226408252,-1920.59564864865,Critical,Simulated field-force metrics; Sales/Target = real+derived
321830,3,Southeast,2015-07-01 00:00:00,26,20,0.769230769230769,556,339,0.609712230215827,-217,0.5791,0.9,-0.3209,0.5726,0.95,-0.3774,6062.67,1.11,8922.6297,0.679471210152317,-2859.9597,Critical,Simulated field-force metrics; Sales/Target = real+derived
321830,3,Southeast,2015-08-01 00:00:00,26,19,0.730769230769231,564,351,0.622340425531915,-213,0.5652,0.9,-0.3348,0.5917,0.95,-0.3583,4893.33,1.12,9003.01375135135,0.54352132909555,-4109.68375135135,Critical,Simulated field-force metrics; Sales/Target = real+derived
321830,3,Southeast,2015-09-01 00:00:00,26,21,0.807692307692308,540,328,0.607407407407407,-212,0.5547,0.9,-0.3453,0.5936,0.95,-0.3564,5942.7,1.13,9083.3978027027,0.654237558354187,-3140.6978027027,Critical,Simulated field-force metrics; Sales/Target = real+derived
321830,3,Southeast,2015-10-01 00:00:00,26,20,0.769230769230769,548,336,0.613138686131387,-212,0.503,0.9,-0.397,0.5531,0.95,-0.3969,5403.69,1.14,9163.78185405405,0.589679030564156,-3760.09185405405,Critical,Simulated field-force metrics; Sales/Target = real+derived
321830,3,Southeast,2015-11-01 00:00:00,26,19,0.730769230769231,556,314,0.564748201438849,-242,0.5294,0.9,-0.3706,0.5383,0.95,-0.4117,6116.65,1.15,9244.1659054054,0.661676787564292,-3127.5159054054,Critical,Simulated field-force metrics; Sales/Target = real+derived
321830,3,Southeast,2015-12-01 00:00:00,26,20,0.769230769230769,564,371,0.657801418439716,-193,0.5256,0.9,-0.3744,0.5653,0.95,-0.3847,2771.66,1.05,8440.32539189189,0.328383074266611,-5668.66539189189,Critical,Simulated field-force metrics; Sales/Target = real+derived
321830,3,Southeast,2016-01-01 00:00:00,26,19,0.730769230769231,540,331,0.612962962962963,-209,0.5712,0.9,-0.3288,0.6101,0.95,-0.3399,3570.31,1.06,8520.70944324324,0.419015578900086,-4950.39944324324,Critical,Simulated field-force metrics; Sales/Target = real+derived
321830,3,Southeast,2016-02-01 00:00:00,26,19,0.730769230769231,548,370,0.675182481751825,-178,0.5042,0.9,-0.3958,0.5275,0.95,-0.4225,4905.04,1.07,8601.09349459459,0.570280976841212,-3696.05349459459,Critical,Simulated field-force metrics; Sales/Target = real+derived
321830,3,Southeast,2016-03-01 00:00:00,26,20,0.769230769230769,556,389,0.699640287769784,-167,0.5745,0.9,-0.3255,0.5803,0.95,-0.3697,4845.07,1.08,8681.47754594595,0.558092787127295,-3836.40754594595,Critical,Simulated field-force metrics; Sales/Target = real+derived
321830,3,Southeast,2016-04-01 00:00:00,26,19,0.730769230769231,564,312,0.553191489361702,-252,0.5618,0.9,-0.3382,0.5673,0.95,-0.3827,7571.02,1.09,8761.8615972973,0.864088061187291,-1190.8415972973,Critical,Simulated field-force metrics; Sales/Target = real+derived
321830,3,Southeast,2016-05-01 00:00:00,26,19,0.730769230769231,540,344,0.637037037037037,-196,0.5613,0.9,-0.3387,0.6128,0.95,-0.3372,6334.25,1.1,8842.24564864865,0.716362138272878,-2507.99564864865,Critical,Simulated field-force metrics; Sales/Target = real+derived
321830,3,Southeast,2016-06-01 00:00:00,26,20,0.769230769230769,548,374,0.682481751824818,-174,0.5575,0.9,-0.3425,0.5751,0.95,-0.3749,8117.64,1.11,8922.6297,0.90978111531402,-804.989699999999,Critical,Simulated field-force metrics; Sales/Target = real+derived
321830,3,Southeast,2016-07-01 00:00:00,26,21,0.807692307692308,556,330,0.593525179856115,-226,0.6558,0.9,-0.2442,0.607,0.95,-0.343,5629.62,1.12,9003.01375135135,0.62530394326622,-3373.39375135135,Critical,Simulated field-force metrics; Sales/Target = real+derived
321830,3,Southeast,2016-08-01 00:00:00,26,20,0.769230769230769,564,369,0.654255319148936,-195,0.6229,0.9,-0.2771,0.6167,0.95,-0.3333,6123.53,1.13,9083.3978027027,0.674145306966297,-2959.8678027027,Critical,Simulated field-force metrics; Sales/Target = real+derived
321830,3,Southeast,2016-09-01 00:00:00,26,19,0.730769230769231,540,372,0.688888888888889,-168,0.5453,0.9,-0.3547,0.5811,0.95,-0.3689,7888.4,1.14,9163.78185405405,0.860823634350285,-1275.38185405405,Critical,Simulated field-force metrics; Sales/Target = real+derived
321830,3,Southeast,2016-10-01 00:00:00,26,19,0.730769230769231,548,359,0.655109489051095,-189,0.5344,0.9,-0.3656,0.5792,0.95,-0.3708,9422.52,1.15,9244.1659054054,1.01929369252128,178.354094594597,Critical,Simulated field-force metrics; Sales/Target = real+derived
321830,3,Southeast,2016-11-01 00:00:00,26,20,0.769230769230769,556,395,0.710431654676259,-161,0.6266,0.9,-0.2734,0.5911,0.95,-0.3589,9615.17,1.05,8440.32539189189,1.13919423168646,1174.84460810811,Critical,Simulated field-force metrics; Sales/Target = real+derived
321830,3,Southeast,2016-12-01 00:00:00,26,20,0.769230769230769,564,349,0.618794326241135,-215,0.596,0.9,-0.304,0.5734,0.95,-0.3766,11304.27,1.06,8520.70944324324,1.32668178340057,2783.56055675676,Critical,Simulated field-force metrics; Sales/Target = real+derived
321830,3,Southeast,2017-01-01 00:00:00,26,20,0.769230769230769,540,363,0.672222222222222,-177,0.5384,0.9,-0.3616,0.575,0.95,-0.375,0,1.07,8601.09349459459,0,-8601.09349459459,Critical,Simulated field-force metrics; Sales/Target = real+derived
321840,3,Southeast,2015-01-01 00:00:00,26,22,0.846153846153846,552,507,0.918478260869565,-45,0.9111,0.9,0.0111,0.9148,0.95,-0.0352,8326.49,1.08,13778.5862918919,0.60430655392417,-5452.09629189189,Critical,Simulated field-force metrics; Sales/Target = real+derived
321840,3,Southeast,2015-02-01 00:00:00,26,24,0.923076923076923,560,480,0.857142857142857,-80,0.8515,0.9,-0.0485,0.8476,0.95,-0.1024,7815.36,1.09,13906.1657945946,0.562006818805359,-6090.8057945946,Critical,Simulated field-force metrics; Sales/Target = real+derived
321840,3,Southeast,2015-03-01 00:00:00,26,23,0.884615384615385,568,524,0.922535211267606,-44,0.8468,0.9,-0.0532,0.8304,0.95,-0.1196,9694.64,1.1,14033.7452972973,0.690809174217167,-4339.1052972973,Critical,Simulated field-force metrics; Sales/Target = real+derived
321840,3,Southeast,2015-04-01 00:00:00,26,22,0.846153846153846,576,481,0.835069444444444,-95,0.8604,0.9,-0.0396,0.9542,0.95,0.00420000000000009,9347.14,1.11,14161.3248,0.660047003511988,-4814.1848,Critical,Simulated field-force metrics; Sales/Target = real+derived
321840,3,Southeast,2015-05-01 00:00:00,26,24,0.923076923076923,552,450,0.815217391304348,-102,0.8929,0.9,-0.0071,0.9196,0.95,-0.0304,8304.82,1.12,14288.9043027027,0.58120761564826,-5984.0843027027,Critical,Simulated field-force metrics; Sales/Target = real+derived
321840,3,Southeast,2015-06-01 00:00:00,26,22,0.846153846153846,560,492,0.878571428571429,-68,0.8815,0.9,-0.0185000000000001,0.9044,0.95,-0.0456,11473.1,1.13,14416.4838054054,0.795832059666186,-2943.3838054054,Critical,Simulated field-force metrics; Sales/Target = real+derived
321840,3,Southeast,2015-07-01 00:00:00,26,22,0.846153846153846,568,520,0.915492957746479,-48,0.7684,0.9,-0.1316,0.8603,0.95,-0.0897,12648.63,1.14,14544.0633081081,0.869676494941312,-1895.43330810811,At Risk,Simulated field-force metrics; Sales/Target = real+derived
321840,3,Southeast,2015-08-01 00:00:00,26,24,0.923076923076923,576,514,0.892361111111111,-62,0.8257,0.9,-0.0743,0.9079,0.95,-0.0420999999999999,30999.06,1.15,14671.6428108108,2.1128554177422,16327.4171891892,Healthy,Simulated field-force metrics; Sales/Target = real+derived
321840,3,Southeast,2015-09-01 00:00:00,26,24,0.923076923076923,552,521,0.943840579710145,-31,0.8738,0.9,-0.0262,0.9218,0.95,-0.0282,12250.92,1.05,13395.8477837838,0.91453114410797,-1144.92778378378,Healthy,Simulated field-force metrics; Sales/Target = real+derived
321840,3,Southeast,2015-10-01 00:00:00,26,24,0.923076923076923,560,505,0.901785714285714,-55,0.8463,0.9,-0.0537,0.8715,0.95,-0.0784999999999999,13818.19,1.06,13523.4272864865,1.02179645050542,294.762713513514,Healthy,Simulated field-force metrics; Sales/Target = real+derived
321840,3,Southeast,2015-11-01 00:00:00,26,22,0.846153846153846,568,484,0.852112676056338,-84,0.8333,0.9,-0.0667,0.8863,0.95,-0.0637,15193.7,1.07,13651.0067891892,1.1130094823506,1542.69321081081,Healthy,Simulated field-force metrics; Sales/Target = real+derived
321840,3,Southeast,2015-12-01 00:00:00,26,24,0.923076923076923,576,512,0.888888888888889,-64,0.8783,0.9,-0.0217000000000001,0.9224,0.95,-0.0276,15493.02,1.08,13778.5862918919,1.12442740291266,1714.43370810811,Healthy,Simulated field-force metrics; Sales/Target = real+derived
321840,3,Southeast,2016-01-01 00:00:00,26,23,0.884615384615385,552,505,0.914855072463768,-47,0.8347,0.9,-0.0653,0.9244,0.95,-0.0256,12988.51,1.09,13906.1657945946,0.934010869124594,-917.655794594595,Healthy,Simulated field-force metrics; Sales/Target = real+derived
321840,3,Southeast,2016-02-01 00:00:00,26,24,0.923076923076923,560,472,0.842857142857143,-88,0.8488,0.9,-0.0512,0.9379,0.95,-0.0121,15431.17,1.1,14033.7452972973,1.09957603427303,1397.4247027027,Healthy,Simulated field-force metrics; Sales/Target = real+derived
321840,3,Southeast,2016-03-01 00:00:00,26,23,0.884615384615385,568,516,0.908450704225352,-52,0.8623,0.9,-0.0377000000000001,0.8459,0.95,-0.1041,14141.15,1.11,14161.3248,0.998575359277121,-20.1748000000025,Healthy,Simulated field-force metrics; Sales/Target = real+derived
321840,3,Southeast,2016-04-01 00:00:00,26,24,0.923076923076923,576,481,0.835069444444444,-95,0.8213,0.9,-0.0787,0.9137,0.95,-0.0363,16859.71,1.12,14288.9043027027,1.17991622330419,2570.8056972973,Healthy,Simulated field-force metrics; Sales/Target = real+derived
321840,3,Southeast,2016-05-01 00:00:00,26,24,0.923076923076923,552,485,0.878623188405797,-67,0.8588,0.9,-0.0412,0.8796,0.95,-0.0703999999999999,17290.32,1.13,14416.4838054054,1.19934376741138,2873.8361945946,Healthy,Simulated field-force metrics; Sales/Target = real+derived
321840,3,Southeast,2016-06-01 00:00:00,26,23,0.884615384615385,560,514,0.917857142857143,-46,0.8177,0.9,-0.0823,0.8769,0.95,-0.0730999999999999,21880.78,1.14,14544.0633081081,1.50444752174599,7336.71669189189,Healthy,Simulated field-force metrics; Sales/Target = real+derived
321840,3,Southeast,2016-07-01 00:00:00,26,23,0.884615384615385,568,470,0.827464788732394,-98,0.811,0.9,-0.089,0.9294,0.95,-0.0206,19988.22,1.15,14671.6428108108,1.36237095311996,5316.57718918919,Healthy,Simulated field-force metrics; Sales/Target = real+derived
321840,3,Southeast,2016-08-01 00:00:00,26,24,0.923076923076923,576,483,0.838541666666667,-93,0.7893,0.9,-0.1107,0.8673,0.95,-0.0827,21988.91,1.05,13395.8477837838,1.64147207066793,8593.06221621622,At Risk,Simulated field-force metrics; Sales/Target = real+derived
321840,3,Southeast,2016-09-01 00:00:00,26,24,0.923076923076923,552,488,0.884057971014493,-64,0.8889,0.9,-0.0111,0.8985,0.95,-0.0515,21648.75,1.06,13523.4272864865,1.60083309810324,8125.32271351351,Healthy,Simulated field-force metrics; Sales/Target = real+derived
321840,3,Southeast,2016-10-01 00:00:00,26,24,0.923076923076923,560,469,0.8375,-91,0.876,0.9,-0.024,0.8726,0.95,-0.0773999999999999,29604.26,1.07,13651.0067891892,2.16865030229454,15953.2532108108,Healthy,Simulated field-force metrics; Sales/Target = real+derived
321840,3,Southeast,2016-11-01 00:00:00,26,24,0.923076923076923,568,488,0.859154929577465,-80,0.8494,0.9,-0.0506,0.8926,0.95,-0.0574,25019.87,1.08,13778.5862918919,1.81585174777496,11241.2837081081,Healthy,Simulated field-force metrics; Sales/Target = real+derived
321840,3,Southeast,2016-12-01 00:00:00,26,23,0.884615384615385,576,522,0.90625,-54,0.8339,0.9,-0.0661000000000001,0.8552,0.95,-0.0948,27457.63,1.09,13906.1657945946,1.97449321441809,13551.4642054054,Healthy,Simulated field-force metrics; Sales/Target = real+derived
321840,3,Southeast,2017-01-01 00:00:00,26,24,0.923076923076923,552,515,0.932971014492754,-37,0.8166,0.9,-0.0834,0.8953,0.95,-0.0547,0,1.1,14033.7452972973,0,-14033.7452972973,Critical,Simulated field-force metrics; Sales/Target = real+derived
321850,3,Southeast,2015-01-01 00:00:00,26,24,0.923076923076923,480,449,0.935416666666667,-31,0.97,0.9,0.07,0.9311,0.95,-0.0188999999999999,1664.99,1.11,6839.3844,0.243441500378309,-5174.3944,Critical,Simulated field-force metrics; Sales/Target = real+derived
321850,3,Southeast,2015-02-01 00:00:00,26,25,0.961538461538462,488,475,0.973360655737705,-13,0.9384,0.9,0.0384,0.98,0.95,0.03,1649.29,1.12,6901.00047567568,0.238992883106347,-5251.71047567568,Critical,Simulated field-force metrics; Sales/Target = real+derived
321850,3,Southeast,2015-03-01 00:00:00,26,25,0.961538461538462,496,471,0.949596774193548,-25,0.97,0.9,0.07,0.98,0.95,0.03,1679.24,1.13,6962.61655135135,0.241179445631554,-5283.37655135135,Critical,Simulated field-force metrics; Sales/Target = real+derived
321850,3,Southeast,2015-04-01 00:00:00,26,24,0.923076923076923,504,492,0.976190476190476,-12,0.97,0.9,0.07,0.98,0.95,0.03,1940.84,1.14,7024.23262702703,0.276306338792406,-5083.39262702703,Critical,Simulated field-force metrics; Sales/Target = real+derived
321850,3,Southeast,2015-05-01 00:00:00,26,25,0.961538461538462,480,449,0.935416666666667,-31,0.963,0.9,0.0629999999999999,0.98,0.95,0.03,2082.78,1.15,7085.8487027027,0.293935149815657,-5003.0687027027,Critical,Simulated field-force metrics; Sales/Target = real+derived
321850,3,Southeast,2015-06-01 00:00:00,26,25,0.961538461538462,488,483,0.989754098360656,-5,0.9585,0.9,0.0585,0.98,0.95,0.03,1551.95,1.05,6469.68794594595,0.239880194062913,-4917.73794594595,Critical,Simulated field-force metrics; Sales/Target = real+derived
321850,3,Southeast,2015-07-01 00:00:00,26,24,0.923076923076923,496,450,0.907258064516129,-46,0.9577,0.9,0.0577,0.98,0.95,0.03,2013.32,1.06,6531.30402162162,0.308256971859675,-4517.98402162162,Critical,Simulated field-force metrics; Sales/Target = real+derived
321850,3,Southeast,2015-08-01 00:00:00,26,25,0.961538461538462,504,469,0.930555555555556,-35,0.9684,0.9,0.0684,0.98,0.95,0.03,5391.66,1.07,6592.9200972973,0.817795441235555,-1201.2600972973,At Risk,Simulated field-force metrics; Sales/Target = real+derived
321850,3,Southeast,2015-09-01 00:00:00,26,25,0.961538461538462,480,471,0.98125,-9,0.9566,0.9,0.0566,0.98,0.95,0.03,5392.06,1.08,6654.53617297297,0.810283370597571,-1262.47617297297,At Risk,Simulated field-force metrics; Sales/Target = real+derived
321850,3,Southeast,2015-10-01 00:00:00,26,24,0.923076923076923,488,483,0.989754098360656,-5,0.9178,0.9,0.0177999999999999,0.9637,0.95,0.0137,7331.55,1.09,6716.15224864865,1.09162951174539,615.39775135135,Healthy,Simulated field-force metrics; Sales/Target = real+derived
321850,3,Southeast,2015-11-01 00:00:00,26,24,0.923076923076923,496,491,0.98991935483871,-5,0.97,0.9,0.07,0.98,0.95,0.03,7761.25,1.1,6777.76832432433,1.14510405617526,983.481675675675,Healthy,Simulated field-force metrics; Sales/Target = real+derived
321850,3,Southeast,2015-12-01 00:00:00,26,24,0.923076923076923,504,499,0.990079365079365,-5,0.9308,0.9,0.0307999999999999,0.9648,0.95,0.0148,9313.82,1.11,6839.3844,1.36179215193695,2474.4356,Healthy,Simulated field-force metrics; Sales/Target = real+derived
321850,3,Southeast,2016-01-01 00:00:00,26,23,0.884615384615385,480,475,0.989583333333333,-5,0.97,0.9,0.07,0.98,0.95,0.03,10907.65,1.12,6901.00047567568,1.58058966065091,4006.64952432432,Healthy,Simulated field-force metrics; Sales/Target = real+derived
321850,3,Southeast,2016-02-01 00:00:00,26,24,0.923076923076923,488,483,0.989754098360656,-5,0.9482,0.9,0.0482,0.98,0.95,0.03,9029.14,1.13,6962.61655135135,1.2968027082071,2066.52344864865,Healthy,Simulated field-force metrics; Sales/Target = real+derived
321850,3,Southeast,2016-03-01 00:00:00,26,23,0.884615384615385,496,491,0.98991935483871,-5,0.97,0.9,0.07,0.98,0.95,0.03,9865.99,1.14,7024.23262702703,1.40456481495769,2841.75737297297,Healthy,Simulated field-force metrics; Sales/Target = real+derived
321850,3,Southeast,2016-04-01 00:00:00,26,25,0.961538461538462,504,480,0.952380952380952,-24,0.9255,0.9,0.0255,0.9678,0.95,0.0178,10696.16,1.15,7085.8487027027,1.50951007406075,3610.3112972973,Healthy,Simulated field-force metrics; Sales/Target = real+derived
321850,3,Southeast,2016-05-01 00:00:00,26,23,0.884615384615385,480,475,0.989583333333333,-5,0.97,0.9,0.07,0.9662,0.95,0.0162,12267.03,1.05,6469.68794594595,1.89607753920911,5797.34205405406,Healthy,Simulated field-force metrics; Sales/Target = real+derived
321850,3,Southeast,2016-06-01 00:00:00,26,25,0.961538461538462,488,475,0.973360655737705,-13,0.9573,0.9,0.0573,0.9668,0.95,0.0168,11017.49,1.06,6531.30402162162,1.686874468487,4486.18597837838,Healthy,Simulated field-force metrics; Sales/Target = real+derived
321850,3,Southeast,2016-07-01 00:00:00,26,24,0.923076923076923,496,491,0.98991935483871,-5,0.9436,0.9,0.0436,0.98,0.95,0.03,11023.33,1.07,6592.9200972973,1.67199508523073,4430.4099027027,Healthy,Simulated field-force metrics; Sales/Target = real+derived
321850,3,Southeast,2016-08-01 00:00:00,26,25,0.961538461538462,504,477,0.946428571428571,-27,0.97,0.9,0.07,0.98,0.95,0.03,19914,1.08,6654.53617297297,2.99254515752422,13259.463827027,Healthy,Simulated field-force metrics; Sales/Target = real+derived
321850,3,Southeast,2016-09-01 00:00:00,26,25,0.961538461538462,480,475,0.989583333333333,-5,0.9229,0.9,0.0229,0.9792,0.95,0.0292,9436.2,1.09,6716.15224864865,1.40500090686578,2720.04775135135,Healthy,Simulated field-force metrics; Sales/Target = real+derived
321850,3,Southeast,2016-10-01 00:00:00,26,24,0.923076923076923,488,455,0.932377049180328,-33,0.9366,0.9,0.0366,0.98,0.95,0.03,10139.77,1.1,6777.76832432433,1.49603372596995,3362.00167567568,Healthy,Simulated field-force metrics; Sales/Target = real+derived
321850,3,Southeast,2016-11-01 00:00:00,26,25,0.961538461538462,496,461,0.929435483870968,-35,0.8913,0.9,-0.00870000000000004,0.98,0.95,0.03,13422.92,1.11,6839.3844,1.96259183794378,6583.5356,Healthy,Simulated field-force metrics; Sales/Target = real+derived
321850,3,Southeast,2016-12-01 00:00:00,26,24,0.923076923076923,504,482,0.956349206349206,-22,0.9362,0.9,0.0362,0.9339,0.95,-0.0161,20855.84,1.12,6901.00047567568,3.0221473065408,13954.8395243243,Healthy,Simulated field-force metrics; Sales/Target = real+derived
321850,3,Southeast,2017-01-01 00:00:00,26,25,0.961538461538462,480,464,0.966666666666667,-16,0.97,0.9,0.07,0.98,0.95,0.03,0,1.13,6962.61655135135,0,-6962.61655135135,Critical,Simulated field-force metrics; Sales/Target = real+derived
321860,3,Southeast,2015-01-01 00:00:00,26,23,0.884615384615385,492,379,0.770325203252033,-113,0.7271,0.9,-0.1729,0.7557,0.95,-0.1943,0,1.14,6427.20364137931,0,-6427.20364137931,Critical,Simulated field-force metrics; Sales/Target = real+derived
321860,3,Southeast,2015-02-01 00:00:00,26,22,0.846153846153846,500,387,0.774,-113,0.6891,0.9,-0.2109,0.7919,0.95,-0.1581,2522.61,1.15,6483.58262068965,0.389076556524496,-3960.97262068965,Critical,Simulated field-force metrics; Sales/Target = real+derived
321860,3,Southeast,2015-03-01 00:00:00,26,21,0.807692307692308,508,386,0.759842519685039,-122,0.6977,0.9,-0.2023,0.7402,0.95,-0.2098,2668.54,1.05,5919.79282758621,0.450782667184672,-3251.25282758621,Critical,Simulated field-force metrics; Sales/Target = real+derived
321860,3,Southeast,2015-04-01 00:00:00,26,21,0.807692307692308,516,398,0.771317829457364,-118,0.6913,0.9,-0.2087,0.6698,0.95,-0.2802,3206.57,1.06,5976.17180689655,0.536559206062247,-2769.60180689655,Critical,Simulated field-force metrics; Sales/Target = real+derived
321860,3,Southeast,2015-05-01 00:00:00,26,22,0.846153846153846,492,352,0.715447154471545,-140,0.6365,0.9,-0.2635,0.7218,0.95,-0.2282,2584.98,1.07,6032.5507862069,0.428505302584508,-3447.5707862069,Critical,Simulated field-force metrics; Sales/Target = real+derived
321860,3,Southeast,2015-06-01 00:00:00,26,22,0.846153846153846,500,390,0.78,-110,0.7171,0.9,-0.1829,0.6614,0.95,-0.2886,2523.16,1.08,6088.92976551724,0.414384809345171,-3565.76976551724,Critical,Simulated field-force metrics; Sales/Target = real+derived
321860,3,Southeast,2015-07-01 00:00:00,26,21,0.807692307692308,508,426,0.838582677165354,-82,0.6606,0.9,-0.2394,0.742,0.95,-0.208,5326.51,1.09,6145.30874482759,0.86676035674908,-818.798744827587,Critical,Simulated field-force metrics; Sales/Target = real+derived
321860,3,Southeast,2015-08-01 00:00:00,26,21,0.807692307692308,516,394,0.763565891472868,-122,0.675,0.9,-0.225,0.7424,0.95,-0.2076,2833.96,1.1,6201.68772413793,0.456965930253113,-3367.72772413793,Critical,Simulated field-force metrics; Sales/Target = real+derived
321860,3,Southeast,2015-09-01 00:00:00,26,22,0.846153846153846,492,365,0.741869918699187,-127,0.6605,0.9,-0.2395,0.7299,0.95,-0.2201,3988.03,1.11,6258.06670344828,0.637262303037221,-2270.03670344828,Critical,Simulated field-force metrics; Sales/Target = real+derived
321860,3,Southeast,2015-10-01 00:00:00,26,21,0.807692307692308,500,388,0.776,-112,0.7891,0.9,-0.1109,0.7871,0.95,-0.1629,2630.41,1.12,6314.44568275862,0.416570215685321,-3684.03568275862,Critical,Simulated field-force metrics; Sales/Target = real+derived
321860,3,Southeast,2015-11-01 00:00:00,26,22,0.846153846153846,508,384,0.755905511811024,-124,0.6294,0.9,-0.2706,0.6696,0.95,-0.2804,3566.11,1.13,6370.82466206897,0.559756419170055,-2804.71466206897,Critical,Simulated field-force metrics; Sales/Target = real+derived
321860,3,Southeast,2015-12-01 00:00:00,26,22,0.846153846153846,516,376,0.728682170542636,-140,0.6727,0.9,-0.2273,0.7166,0.95,-0.2334,932.25,1.14,6427.20364137931,0.145047527979047,-5494.95364137931,Critical,Simulated field-force metrics; Sales/Target = real+derived
321860,3,Southeast,2016-01-01 00:00:00,26,21,0.807692307692308,492,350,0.711382113821138,-142,0.6954,0.9,-0.2046,0.6946,0.95,-0.2554,4608.43,1.15,6483.58262068965,0.710784495179272,-1875.15262068965,Critical,Simulated field-force metrics; Sales/Target = real+derived
321860,3,Southeast,2016-02-01 00:00:00,26,21,0.807692307692308,500,364,0.728,-136,0.7155,0.9,-0.1845,0.7207,0.95,-0.2293,4021.56,1.05,5919.79282758621,0.679341341348898,-1898.23282758621,Critical,Simulated field-force metrics; Sales/Target = real+derived
321860,3,Southeast,2016-03-01 00:00:00,26,21,0.807692307692308,508,398,0.783464566929134,-110,0.6922,0.9,-0.2078,0.7156,0.95,-0.2344,26611.69,1.06,5976.17180689655,4.45296602237738,20635.5181931034,Critical,Simulated field-force metrics; Sales/Target = real+derived
321860,3,Southeast,2016-04-01 00:00:00,26,22,0.846153846153846,516,406,0.786821705426357,-110,0.6921,0.9,-0.2079,0.7281,0.95,-0.2219,8189.77,1.07,6032.5507862069,1.35759652761241,2157.2192137931,Critical,Simulated field-force metrics; Sales/Target = real+derived
321860,3,Southeast,2016-05-01 00:00:00,26,21,0.807692307692308,492,357,0.725609756097561,-135,0.7241,0.9,-0.1759,0.7457,0.95,-0.2043,19063.67,1.08,6088.92976551724,3.13087368948828,12974.7402344828,At Risk,Simulated field-force metrics; Sales/Target = real+derived
321860,3,Southeast,2016-06-01 00:00:00,26,22,0.846153846153846,500,385,0.77,-115,0.6988,0.9,-0.2012,0.7507,0.95,-0.1993,9390.89,1.09,6145.30874482759,1.52813965741008,3245.58125517241,Critical,Simulated field-force metrics; Sales/Target = real+derived
321860,3,Southeast,2016-07-01 00:00:00,26,22,0.846153846153846,508,404,0.795275590551181,-104,0.6937,0.9,-0.2063,0.7741,0.95,-0.1759,14912.49,1.1,6201.68772413793,2.40458576170456,8710.80227586207,Critical,Simulated field-force metrics; Sales/Target = real+derived
321860,3,Southeast,2016-08-01 00:00:00,26,22,0.846153846153846,516,405,0.784883720930233,-111,0.7071,0.9,-0.1929,0.7362,0.95,-0.2138,7015.49,1.11,6258.06670344828,1.12103151539346,757.423296551723,At Risk,Simulated field-force metrics; Sales/Target = real+derived
321860,3,Southeast,2016-09-01 00:00:00,26,21,0.807692307692308,492,387,0.786585365853659,-105,0.7968,0.9,-0.1032,0.7279,0.95,-0.2221,7677.28,1.12,6314.44568275862,1.21582802128816,1362.83431724138,At Risk,Simulated field-force metrics; Sales/Target = real+derived
321860,3,Southeast,2016-10-01 00:00:00,26,22,0.846153846153846,500,371,0.742,-129,0.6801,0.9,-0.2199,0.7776,0.95,-0.1724,7030.97,1.13,6370.82466206897,1.10362007635549,660.145337931035,Critical,Simulated field-force metrics; Sales/Target = real+derived
321860,3,Southeast,2016-11-01 00:00:00,26,21,0.807692307692308,508,376,0.740157480314961,-132,0.6416,0.9,-0.2584,0.6912,0.95,-0.2588,9111.65,1.14,6427.20364137931,1.41766941089867,2684.44635862069,Critical,Simulated field-force metrics; Sales/Target = real+derived
321860,3,Southeast,2016-12-01 00:00:00,26,20,0.769230769230769,516,405,0.784883720930233,-111,0.7952,0.9,-0.1048,0.7279,0.95,-0.2221,6803.49,1.15,6483.58262068965,1.04934114331936,319.907379310345,At Risk,Simulated field-force metrics; Sales/Target = real+derived
321860,3,Southeast,2017-01-01 00:00:00,26,20,0.769230769230769,492,391,0.794715447154472,-101,0.6718,0.9,-0.2282,0.7677,0.95,-0.1823,0,1.05,5919.79282758621,0,-5919.79282758621,Critical,Simulated field-force metrics; Sales/Target = real+derived
321870,4,West,2015-01-01 00:00:00,26,20,0.769230769230769,504,304,0.603174603174603,-200,0.5457,0.9,-0.3543,0.5992,0.95,-0.3508,0,1.06,7140.30337894737,0,-7140.30337894737,Critical,Simulated field-force metrics; Sales/Target = real+derived
321870,4,West,2015-02-01 00:00:00,26,20,0.769230769230769,512,312,0.609375,-200,0.545,0.9,-0.355,0.528,0.95,-0.422,0,1.07,7207.66473157895,0,-7207.66473157895,Critical,Simulated field-force metrics; Sales/Target = real+derived
321870,4,West,2015-03-01 00:00:00,26,20,0.769230769230769,520,290,0.557692307692308,-230,0.5364,0.9,-0.3636,0.5978,0.95,-0.3522,0,1.08,7275.02608421053,0,-7275.02608421053,Critical,Simulated field-force metrics; Sales/Target = real+derived
321870,4,West,2015-04-01 00:00:00,26,20,0.769230769230769,528,344,0.651515151515152,-184,0.5497,0.9,-0.3503,0.6142,0.95,-0.3358,0,1.09,7342.38743684211,0,-7342.38743684211,Critical,Simulated field-force metrics; Sales/Target = real+derived
321870,4,West,2015-05-01 00:00:00,26,20,0.769230769230769,504,326,0.646825396825397,-178,0.5844,0.9,-0.3156,0.6047,0.95,-0.3453,0,1.1,7409.74878947369,0,-7409.74878947369,Critical,Simulated field-force metrics; Sales/Target = real+derived
321870,4,West,2015-06-01 00:00:00,26,20,0.769230769230769,512,294,0.57421875,-218,0.5667,0.9,-0.3333,0.5949,0.95,-0.3551,885.53,1.11,7477.11014210526,0.118432119250643,-6591.58014210526,Critical,Simulated field-force metrics; Sales/Target = real+derived
321870,4,West,2015-07-01 00:00:00,26,21,0.807692307692308,520,307,0.590384615384615,-213,0.5202,0.9,-0.3798,0.5849,0.95,-0.3651,666.3,1.12,7544.47149473684,0.0883163254662467,-6878.17149473684,Critical,Simulated field-force metrics; Sales/Target = real+derived
321870,4,West,2015-08-01 00:00:00,26,20,0.769230769230769,528,292,0.553030303030303,-236,0.5651,0.9,-0.3349,0.5107,0.95,-0.4393,951.75,1.13,7611.83284736842,0.125035588548038,-6660.08284736842,Critical,Simulated field-force metrics; Sales/Target = real+derived
321870,4,West,2015-09-01 00:00:00,26,19,0.730769230769231,504,344,0.682539682539683,-160,0.6158,0.9,-0.2842,0.5406,0.95,-0.4094,901.01,1.14,7679.1942,0.117331321038866,-6778.1842,Critical,Simulated field-force metrics; Sales/Target = real+derived
321870,4,West,2015-10-01 00:00:00,26,20,0.769230769230769,512,323,0.630859375,-189,0.6143,0.9,-0.2857,0.5657,0.95,-0.3843,766.17,1.15,7746.55555263158,0.0989046027998502,-6980.38555263158,Critical,Simulated field-force metrics; Sales/Target = real+derived
321870,4,West,2015-11-01 00:00:00,26,20,0.769230769230769,520,359,0.690384615384615,-161,0.5389,0.9,-0.3611,0.5969,0.95,-0.3531,4021.02,1.05,7072.94202631579,0.568507416721257,-3051.92202631579,Critical,Simulated field-force metrics; Sales/Target = real+derived
321870,4,West,2015-12-01 00:00:00,26,19,0.730769230769231,528,328,0.621212121212121,-200,0.4939,0.9,-0.4061,0.5279,0.95,-0.4221,6716.33,1.06,7140.30337894737,0.940622497890297,-423.973378947369,Critical,Simulated field-force metrics; Sales/Target = real+derived
321870,4,West,2016-01-01 00:00:00,26,20,0.769230769230769,504,316,0.626984126984127,-188,0.5408,0.9,-0.3592,0.5457,0.95,-0.4043,5668.49,1.07,7207.66473157895,0.786453062274753,-1539.17473157895,Critical,Simulated field-force metrics; Sales/Target = real+derived
321870,4,West,2016-02-01 00:00:00,26,20,0.769230769230769,512,328,0.640625,-184,0.5864,0.9,-0.3136,0.4868,0.95,-0.4632,4979.6,1.08,7275.02608421053,0.684478645486586,-2295.42608421053,Critical,Simulated field-force metrics; Sales/Target = real+derived
321870,4,West,2016-03-01 00:00:00,26,19,0.730769230769231,520,330,0.634615384615385,-190,0.5485,0.9,-0.3515,0.5872,0.95,-0.3628,7457.17,1.09,7342.38743684211,1.01563286657715,114.782563157894,Critical,Simulated field-force metrics; Sales/Target = real+derived
321870,4,West,2016-04-01 00:00:00,26,20,0.769230769230769,528,326,0.617424242424242,-202,0.5335,0.9,-0.3665,0.5622,0.95,-0.3878,8230.93,1.1,7409.74878947369,1.11082443330507,821.181210526315,Critical,Simulated field-force metrics; Sales/Target = real+derived
321870,4,West,2016-05-01 00:00:00,26,21,0.807692307692308,504,302,0.599206349206349,-202,0.5498,0.9,-0.3502,0.5797,0.95,-0.3703,9756.9,1.11,7477.11014210526,1.30490253782096,2279.78985789474,Critical,Simulated field-force metrics; Sales/Target = real+derived
321870,4,West,2016-06-01 00:00:00,26,21,0.807692307692308,512,316,0.6171875,-196,0.5855,0.9,-0.3145,0.6217,0.95,-0.3283,7271.21,1.12,7544.47149473684,0.963779902286399,-273.261494736843,Critical,Simulated field-force metrics; Sales/Target = real+derived
321870,4,West,2016-07-01 00:00:00,26,20,0.769230769230769,520,323,0.621153846153846,-197,0.5405,0.9,-0.3595,0.5629,0.95,-0.3871,10396.91,1.13,7611.83284736842,1.36588784967794,2785.07715263158,Critical,Simulated field-force metrics; Sales/Target = real+derived
321870,4,West,2016-08-01 00:00:00,26,20,0.769230769230769,528,337,0.638257575757576,-191,0.5602,0.9,-0.3398,0.5354,0.95,-0.4146,8678.69,1.14,7679.1942,1.13015633853875,999.495800000002,Critical,Simulated field-force metrics; Sales/Target = real+derived
321870,4,West,2016-09-01 00:00:00,26,19,0.730769230769231,504,360,0.714285714285714,-144,0.5457,0.9,-0.3543,0.5455,0.95,-0.4045,8492.7,1.15,7746.55555263158,1.09631951159441,746.144447368422,Critical,Simulated field-force metrics; Sales/Target = real+derived
321870,4,West,2016-10-01 00:00:00,26,21,0.807692307692308,512,328,0.640625,-184,0.5722,0.9,-0.3278,0.5718,0.95,-0.3782,14743.47,1.05,7072.94202631579,2.0844890209965,7670.52797368421,Critical,Simulated field-force metrics; Sales/Target = real+derived
321870,4,West,2016-11-01 00:00:00,26,20,0.769230769230769,520,323,0.621153846153846,-197,0.5036,0.9,-0.3964,0.5632,0.95,-0.3868,16093.7,1.06,7140.30337894737,2.25392383850958,8953.39662105263,Critical,Simulated field-force metrics; Sales/Target = real+derived
321870,4,West,2016-12-01 00:00:00,26,20,0.769230769230769,528,371,0.702651515151515,-157,0.555,0.9,-0.345,0.4923,0.95,-0.4577,11308.69,1.07,7207.66473157895,1.56898113621368,4101.02526842105,Critical,Simulated field-force metrics; Sales/Target = real+derived
321870,4,West,2017-01-01 00:00:00,26,20,0.769230769230769,504,372,0.738095238095238,-132,0.5823,0.9,-0.3177,0.5497,0.95,-0.4003,0,1.08,7275.02608421053,0,-7275.02608421053,Critical,Simulated field-force metrics; Sales/Target = real+derived
321880,4,West,2015-01-01 00:00:00,26,20,0.769230769230769,516,311,0.602713178294574,-205,0.5077,0.9,-0.3923,0.5576,0.95,-0.3924,0,1.09,4976.0339375,0,-4976.0339375,Critical,Simulated field-force metrics; Sales/Target = real+derived
321880,4,West,2015-02-01 00:00:00,26,20,0.769230769230769,524,292,0.557251908396947,-232,0.5149,0.9,-0.3851,0.5712,0.95,-0.3788,0,1.1,5021.685625,0,-5021.685625,Critical,Simulated field-force metrics; Sales/Target = real+derived
321880,4,West,2015-03-01 00:00:00,26,20,0.769230769230769,532,344,0.646616541353383,-188,0.5126,0.9,-0.3874,0.5955,0.95,-0.3545,0,1.11,5067.3373125,0,-5067.3373125,Critical,Simulated field-force metrics; Sales/Target = real+derived
321880,4,West,2015-04-01 00:00:00,26,19,0.730769230769231,540,377,0.698148148148148,-163,0.4951,0.9,-0.4049,0.5296,0.95,-0.4204,0,1.12,5112.989,0,-5112.989,Critical,Simulated field-force metrics; Sales/Target = real+derived
321880,4,West,2015-05-01 00:00:00,26,20,0.769230769230769,516,360,0.697674418604651,-156,0.5661,0.9,-0.3339,0.5982,0.95,-0.3518,0,1.13,5158.6406875,0,-5158.6406875,Critical,Simulated field-force metrics; Sales/Target = real+derived
321880,4,West,2015-06-01 00:00:00,26,20,0.769230769230769,524,309,0.58969465648855,-215,0.5379,0.9,-0.3621,0.5319,0.95,-0.4181,0,1.14,5204.292375,0,-5204.292375,Critical,Simulated field-force metrics; Sales/Target = real+derived
321880,4,West,2015-07-01 00:00:00,26,19,0.730769230769231,532,345,0.648496240601504,-187,0.5158,0.9,-0.3842,0.5821,0.95,-0.3679,0,1.15,5249.9440625,0,-5249.9440625,Critical,Simulated field-force metrics; Sales/Target = real+derived
321880,4,West,2015-08-01 00:00:00,26,19,0.730769230769231,540,347,0.642592592592593,-193,0.538,0.9,-0.362,0.6235,0.95,-0.3265,0,1.05,4793.4271875,0,-4793.4271875,Critical,Simulated field-force metrics; Sales/Target = real+derived
321880,4,West,2015-09-01 00:00:00,26,20,0.769230769230769,516,351,0.680232558139535,-165,0.5287,0.9,-0.3713,0.5749,0.95,-0.3751,0,1.06,4839.078875,0,-4839.078875,Critical,Simulated field-force metrics; Sales/Target = real+derived
321880,4,West,2015-10-01 00:00:00,26,19,0.730769230769231,524,322,0.614503816793893,-202,0.5459,0.9,-0.3541,0.5501,0.95,-0.3999,0,1.07,4884.7305625,0,-4884.7305625,Critical,Simulated field-force metrics; Sales/Target = real+derived
321880,4,West,2015-11-01 00:00:00,26,19,0.730769230769231,532,306,0.575187969924812,-226,0.4732,0.9,-0.4268,0.5276,0.95,-0.4224,0,1.08,4930.38225,0,-4930.38225,Critical,Simulated field-force metrics; Sales/Target = real+derived
321880,4,West,2015-12-01 00:00:00,26,20,0.769230769230769,540,307,0.568518518518519,-233,0.5072,0.9,-0.3928,0.6324,0.95,-0.3176,0,1.09,4976.0339375,0,-4976.0339375,Critical,Simulated field-force metrics; Sales/Target = real+derived
321880,4,West,2016-01-01 00:00:00,26,19,0.730769230769231,516,333,0.645348837209302,-183,0.5776,0.9,-0.3224,0.6034,0.95,-0.3466,0,1.1,5021.685625,0,-5021.685625,Critical,Simulated field-force metrics; Sales/Target = real+derived
321880,4,West,2016-02-01 00:00:00,26,19,0.730769230769231,524,326,0.622137404580153,-198,0.4985,0.9,-0.4015,0.654,0.95,-0.296,2725.4,1.11,5067.3373125,0.537836704353002,-2341.9373125,Critical,Simulated field-force metrics; Sales/Target = real+derived
321880,4,West,2016-03-01 00:00:00,26,19,0.730769230769231,532,314,0.590225563909774,-218,0.5187,0.9,-0.3813,0.519,0.95,-0.431,6144.11,1.12,5112.989,1.20166697014212,1031.121,Critical,Simulated field-force metrics; Sales/Target = real+derived
321880,4,West,2016-04-01 00:00:00,26,21,0.807692307692308,540,393,0.727777777777778,-147,0.5385,0.9,-0.3615,0.5281,0.95,-0.4219,4151.95,1.13,5158.6406875,0.804853497561997,-1006.6906875,Critical,Simulated field-force metrics; Sales/Target = real+derived
321880,4,West,2016-05-01 00:00:00,26,18,0.692307692307692,516,321,0.622093023255814,-195,0.544,0.9,-0.356,0.5524,0.95,-0.3976,2796.71,1.14,5204.292375,0.537385257875717,-2407.582375,Critical,Simulated field-force metrics; Sales/Target = real+derived
321880,4,West,2016-06-01 00:00:00,26,20,0.769230769230769,524,339,0.646946564885496,-185,0.5664,0.9,-0.3336,0.5675,0.95,-0.3825,4526.34,1.15,5249.9440625,0.862169186207401,-723.6040625,Critical,Simulated field-force metrics; Sales/Target = real+derived
321880,4,West,2016-07-01 00:00:00,26,19,0.730769230769231,532,350,0.657894736842105,-182,0.5555,0.9,-0.3445,0.608,0.95,-0.342,6431.16,1.05,4793.4271875,1.34166218624761,1637.7328125,Critical,Simulated field-force metrics; Sales/Target = real+derived
321880,4,West,2016-08-01 00:00:00,26,20,0.769230769230769,540,310,0.574074074074074,-230,0.5049,0.9,-0.3951,0.5429,0.95,-0.4071,9485.77,1.06,4839.078875,1.96024289849998,4646.691125,Critical,Simulated field-force metrics; Sales/Target = real+derived
321880,4,West,2016-09-01 00:00:00,26,19,0.730769230769231,516,341,0.660852713178295,-175,0.5674,0.9,-0.3326,0.6172,0.95,-0.3328,5165.45,1.07,4884.7305625,1.05746876596533,280.7194375,Critical,Simulated field-force metrics; Sales/Target = real+derived
321880,4,West,2016-10-01 00:00:00,26,20,0.769230769230769,524,335,0.639312977099237,-189,0.5971,0.9,-0.3029,0.5996,0.95,-0.3504,5902.8,1.08,4930.38225,1.1972296874142,972.41775,Critical,Simulated field-force metrics; Sales/Target = real+derived
321880,4,West,2016-11-01 00:00:00,26,20,0.769230769230769,532,368,0.691729323308271,-164,0.5591,0.9,-0.3409,0.5668,0.95,-0.3832,5570.85,1.09,4976.0339375,1.11953617478719,594.8160625,Critical,Simulated field-force metrics; Sales/Target = real+derived
321880,4,West,2016-12-01 00:00:00,26,19,0.730769230769231,540,356,0.659259259259259,-184,0.5984,0.9,-0.3016,0.5816,0.95,-0.3684,15364.9,1.1,5021.685625,3.05970965675495,10343.214375,Critical,Simulated field-force metrics; Sales/Target = real+derived
321880,4,West,2017-01-01 00:00:00,26,21,0.807692307692308,516,285,0.552325581395349,-231,0.5532,0.9,-0.3468,0.5752,0.95,-0.3748,0,1.11,5067.3373125,0,-5067.3373125,Critical,Simulated field-force metrics; Sales/Target = real+derived
321890,4,West,2015-01-01 00:00:00,26,23,0.884615384615385,528,523,0.990530303030303,-5,0.8478,0.9,-0.0522,0.872,0.95,-0.078,8172.93,1.12,10604.0385684211,0.770737483390439,-2431.10856842105,Critical,Simulated field-force metrics; Sales/Target = real+derived
321890,4,West,2015-02-01 00:00:00,26,23,0.884615384615385,536,438,0.817164179104478,-98,0.8235,0.9,-0.0765,0.917,0.95,-0.0329999999999999,8416.66,1.13,10698.7174842105,0.786698032957833,-2282.05748421053,Critical,Simulated field-force metrics; Sales/Target = real+derived
321890,4,West,2015-03-01 00:00:00,26,23,0.884615384615385,544,470,0.863970588235294,-74,0.896,0.9,-0.004,0.9404,0.95,-0.00959999999999994,7703.89,1.14,10793.3964,0.713759572473406,-3089.5064,Critical,Simulated field-force metrics; Sales/Target = real+derived
321890,4,West,2015-04-01 00:00:00,26,24,0.923076923076923,552,485,0.878623188405797,-67,0.8417,0.9,-0.0583,0.8572,0.95,-0.0928,7070.23,1.15,10888.0753157895,0.649355353902358,-3817.84531578947,Critical,Simulated field-force metrics; Sales/Target = real+derived
321890,4,West,2015-05-01 00:00:00,26,23,0.884615384615385,528,452,0.856060606060606,-76,0.8285,0.9,-0.0715,0.8472,0.95,-0.1028,6701.03,1.05,9941.28615789474,0.674060669169901,-3240.25615789474,Critical,Simulated field-force metrics; Sales/Target = real+derived
321890,4,West,2015-06-01 00:00:00,26,22,0.846153846153846,536,486,0.906716417910448,-50,0.8583,0.9,-0.0417000000000001,0.9474,0.95,-0.00259999999999994,8001.93,1.06,10035.9650736842,0.797325413276123,-2034.03507368421,Critical,Simulated field-force metrics; Sales/Target = real+derived
321890,4,West,2015-07-01 00:00:00,26,23,0.884615384615385,544,494,0.908088235294118,-50,0.8611,0.9,-0.0389,0.8794,0.95,-0.0706,8049.04,1.07,10130.6439894737,0.794524021213598,-2081.60398947369,Critical,Simulated field-force metrics; Sales/Target = real+derived
321890,4,West,2015-08-01 00:00:00,26,24,0.923076923076923,552,512,0.927536231884058,-40,0.8616,0.9,-0.0384,0.8794,0.95,-0.0706,7309.21,1.08,10225.3229052632,0.714814589985987,-2916.11290526316,Critical,Simulated field-force metrics; Sales/Target = real+derived
321890,4,West,2015-09-01 00:00:00,26,23,0.884615384615385,528,445,0.84280303030303,-83,0.8219,0.9,-0.0781000000000001,0.8606,0.95,-0.0893999999999999,7690.41,1.09,10320.0018210526,0.745194635945867,-2629.59182105263,Critical,Simulated field-force metrics; Sales/Target = real+derived
321890,4,West,2015-10-01 00:00:00,26,23,0.884615384615385,536,490,0.914179104477612,-46,0.892,0.9,-0.00800000000000001,0.8611,0.95,-0.0889,8238.3,1.1,10414.6807368421,0.791027608830761,-2176.38073684211,Critical,Simulated field-force metrics; Sales/Target = real+derived
321890,4,West,2015-11-01 00:00:00,26,24,0.923076923076923,544,466,0.856617647058824,-78,0.8394,0.9,-0.0606,0.8609,0.95,-0.0891,6985.37,1.11,10509.3596526316,0.664680839831268,-3523.98965263158,Critical,Simulated field-force metrics; Sales/Target = real+derived
321890,4,West,2015-12-01 00:00:00,26,24,0.923076923076923,552,480,0.869565217391304,-72,0.8855,0.9,-0.0145000000000001,0.8833,0.95,-0.0667,10484.97,1.12,10604.0385684211,0.988771394252031,-119.068568421055,Healthy,Simulated field-force metrics; Sales/Target = real+derived
321890,4,West,2016-01-01 00:00:00,26,23,0.884615384615385,528,447,0.846590909090909,-81,0.859,0.9,-0.041,0.9193,0.95,-0.0307,7120.95,1.13,10698.7174842105,0.665589124164584,-3577.76748421053,Critical,Simulated field-force metrics; Sales/Target = real+derived
321890,4,West,2016-02-01 00:00:00,26,24,0.923076923076923,536,529,0.986940298507463,-7,0.9002,0.9,0.000199999999999978,0.8834,0.95,-0.0666,7918.53,1.14,10793.3964,0.733645805874414,-2874.8664,Critical,Simulated field-force metrics; Sales/Target = real+derived
321890,4,West,2016-03-01 00:00:00,26,23,0.884615384615385,544,498,0.915441176470588,-46,0.8208,0.9,-0.0792000000000001,0.923,0.95,-0.0269999999999999,14117.05,1.15,10888.0753157895,1.29656064920198,3228.97468421053,Healthy,Simulated field-force metrics; Sales/Target = real+derived
321890,4,West,2016-04-01 00:00:00,26,24,0.923076923076923,552,501,0.907608695652174,-51,0.8742,0.9,-0.0258,0.9505,0.95,0.000500000000000056,14434.43,1.05,9941.28615789474,1.4519680623555,4493.14384210526,Healthy,Simulated field-force metrics; Sales/Target = real+derived
321890,4,West,2016-05-01 00:00:00,26,23,0.884615384615385,528,471,0.892045454545455,-57,0.9029,0.9,0.00290000000000001,0.9284,0.95,-0.0216,13541.71,1.06,10035.9650736842,1.34931816726907,3505.74492631579,Healthy,Simulated field-force metrics; Sales/Target = real+derived
321890,4,West,2016-06-01 00:00:00,26,23,0.884615384615385,536,481,0.897388059701493,-55,0.857,0.9,-0.043,0.9003,0.95,-0.0497,13064.61,1.07,10130.6439894737,1.2896129815217,2933.96601052632,Healthy,Simulated field-force metrics; Sales/Target = real+derived
321890,4,West,2016-07-01 00:00:00,26,22,0.846153846153846,544,454,0.834558823529412,-90,0.8191,0.9,-0.0809,0.8482,0.95,-0.1018,10466.24,1.08,10225.3229052632,1.02356083000693,240.91709473684,Healthy,Simulated field-force metrics; Sales/Target = real+derived
321890,4,West,2016-08-01 00:00:00,26,23,0.884615384615385,552,509,0.922101449275362,-43,0.8442,0.9,-0.0558000000000001,0.8926,0.95,-0.0574,11979.61,1.09,10320.0018210526,1.16081471764489,1659.60817894737,Healthy,Simulated field-force metrics; Sales/Target = real+derived
321890,4,West,2016-09-01 00:00:00,26,23,0.884615384615385,528,464,0.878787878787879,-64,0.8707,0.9,-0.0293,0.9105,0.95,-0.0395,13551.92,1.1,10414.6807368421,1.30123239899807,3137.23926315789,Healthy,Simulated field-force metrics; Sales/Target = real+derived
321890,4,West,2016-10-01 00:00:00,26,23,0.884615384615385,536,484,0.902985074626866,-52,0.9271,0.9,0.0271,0.8976,0.95,-0.0524,13303.82,1.11,10509.3596526316,1.26590205680787,2794.46034736842,Healthy,Simulated field-force metrics; Sales/Target = real+derived
321890,4,West,2016-11-01 00:00:00,26,23,0.884615384615385,544,484,0.889705882352941,-60,0.8533,0.9,-0.0467000000000001,0.8818,0.95,-0.0681999999999999,12300.59,1.12,10604.0385684211,1.15999106572766,1696.55143157895,Healthy,Simulated field-force metrics; Sales/Target = real+derived
321890,4,West,2016-12-01 00:00:00,26,23,0.884615384615385,552,463,0.838768115942029,-89,0.8164,0.9,-0.0836,0.8763,0.95,-0.0737,18030.72,1.13,10698.7174842105,1.68531602284201,7332.00251578948,Healthy,Simulated field-force metrics; Sales/Target = real+derived
321890,4,West,2017-01-01 00:00:00,26,23,0.884615384615385,528,462,0.875,-66,0.8439,0.9,-0.0561,0.8878,0.95,-0.0621999999999999,1565.09,1.14,10793.3964,0.1450044028773,-9228.3064,Critical,Simulated field-force metrics; Sales/Target = real+derived
321900,4,West,2015-01-01 00:00:00,26,24,0.923076923076923,540,491,0.909259259259259,-49,0.8826,0.9,-0.0174,0.8892,0.95,-0.0608,0,1.15,20978.1888333333,0,-20978.1888333333,Critical,Simulated field-force metrics; Sales/Target = real+derived
321900,4,West,2015-02-01 00:00:00,26,24,0.923076923076923,548,509,0.928832116788321,-39,0.899,0.9,-0.001,0.9356,0.95,-0.0144,0,1.05,19153.9985,0,-19153.9985,Critical,Simulated field-force metrics; Sales/Target = real+derived
321900,4,West,2015-03-01 00:00:00,26,24,0.923076923076923,556,506,0.910071942446043,-50,0.8772,0.9,-0.0228,0.9446,0.95,-0.00539999999999996,0,1.06,19336.4175333333,0,-19336.4175333333,Critical,Simulated field-force metrics; Sales/Target = real+derived
321900,4,West,2015-04-01 00:00:00,26,23,0.884615384615385,564,501,0.888297872340426,-63,0.875,0.9,-0.025,0.9216,0.95,-0.0284,0,1.07,19518.8365666667,0,-19518.8365666667,Critical,Simulated field-force metrics; Sales/Target = real+derived
321900,4,West,2015-05-01 00:00:00,26,23,0.884615384615385,540,492,0.911111111111111,-48,0.8654,0.9,-0.0346000000000001,0.8281,0.95,-0.1219,0,1.08,19701.2556,0,-19701.2556,Critical,Simulated field-force metrics; Sales/Target = real+derived
321900,4,West,2015-06-01 00:00:00,26,23,0.884615384615385,548,497,0.906934306569343,-51,0.863,0.9,-0.037,0.9548,0.95,0.00480000000000003,0,1.09,19883.6746333333,0,-19883.6746333333,Critical,Simulated field-force metrics; Sales/Target = real+derived
321900,4,West,2015-07-01 00:00:00,26,23,0.884615384615385,556,490,0.881294964028777,-66,0.7772,0.9,-0.1228,0.8755,0.95,-0.0745,0,1.1,20066.0936666667,0,-20066.0936666667,Critical,Simulated field-force metrics; Sales/Target = real+derived
321900,4,West,2015-08-01 00:00:00,26,23,0.884615384615385,564,504,0.893617021276596,-60,0.9074,0.9,0.00739999999999996,0.942,0.95,-0.00800000000000001,0,1.11,20248.5127,0,-20248.5127,Critical,Simulated field-force metrics; Sales/Target = real+derived
321900,4,West,2015-09-01 00:00:00,26,24,0.923076923076923,540,485,0.898148148148148,-55,0.9046,0.9,0.00459999999999994,0.9108,0.95,-0.0391999999999999,0,1.12,20430.9317333333,0,-20430.9317333333,Critical,Simulated field-force metrics; Sales/Target = real+derived
321900,4,West,2015-10-01 00:00:00,26,23,0.884615384615385,548,463,0.844890510948905,-85,0.8532,0.9,-0.0468000000000001,0.9302,0.95,-0.0197999999999999,0,1.13,20613.3507666667,0,-20613.3507666667,Critical,Simulated field-force metrics; Sales/Target = real+derived
321900,4,West,2015-11-01 00:00:00,26,25,0.961538461538462,556,509,0.915467625899281,-47,0.8419,0.9,-0.0581,0.8606,0.95,-0.0893999999999999,0,1.14,20795.7698,0,-20795.7698,Critical,Simulated field-force metrics; Sales/Target = real+derived
321900,4,West,2015-12-01 00:00:00,26,24,0.923076923076923,564,476,0.843971631205674,-88,0.8879,0.9,-0.0121,0.9376,0.95,-0.0124,0,1.15,20978.1888333333,0,-20978.1888333333,Critical,Simulated field-force metrics; Sales/Target = real+derived
321900,4,West,2016-01-01 00:00:00,26,24,0.923076923076923,540,489,0.905555555555556,-51,0.8884,0.9,-0.0116000000000001,0.915,0.95,-0.0349999999999999,0,1.05,19153.9985,0,-19153.9985,Critical,Simulated field-force metrics; Sales/Target = real+derived
321900,4,West,2016-02-01 00:00:00,26,23,0.884615384615385,548,541,0.987226277372263,-7,0.8563,0.9,-0.0437000000000001,0.9314,0.95,-0.0186,0,1.06,19336.4175333333,0,-19336.4175333333,Critical,Simulated field-force metrics; Sales/Target = real+derived
321900,4,West,2016-03-01 00:00:00,26,22,0.846153846153846,556,536,0.964028776978417,-20,0.9201,0.9,0.0201,0.9148,0.95,-0.0352,0,1.07,19518.8365666667,0,-19518.8365666667,Critical,Simulated field-force metrics; Sales/Target = real+derived
321900,4,West,2016-04-01 00:00:00,26,24,0.923076923076923,564,528,0.936170212765958,-36,0.8462,0.9,-0.0538000000000001,0.9219,0.95,-0.0280999999999999,0,1.08,19701.2556,0,-19701.2556,Critical,Simulated field-force metrics; Sales/Target = real+derived
321900,4,West,2016-05-01 00:00:00,26,23,0.884615384615385,540,480,0.888888888888889,-60,0.9081,0.9,0.0081,0.9461,0.95,-0.0038999999999999,666.89,1.09,19883.6746333333,0.0335395751689687,-19216.7846333333,Critical,Simulated field-force metrics; Sales/Target = real+derived
321900,4,West,2016-06-01 00:00:00,26,23,0.884615384615385,548,485,0.885036496350365,-63,0.8461,0.9,-0.0539000000000001,0.9283,0.95,-0.0216999999999999,2570.26,1.1,20066.0936666667,0.128089704089723,-17495.8336666667,Critical,Simulated field-force metrics; Sales/Target = real+derived
321900,4,West,2016-07-01 00:00:00,26,23,0.884615384615385,556,516,0.928057553956835,-40,0.8948,0.9,-0.00519999999999998,0.9069,0.95,-0.0430999999999999,98265.24,1.11,20248.5127,4.85296087944276,78016.7273,Healthy,Simulated field-force metrics; Sales/Target = real+derived
321900,4,West,2016-08-01 00:00:00,26,24,0.923076923076923,564,509,0.902482269503546,-55,0.8612,0.9,-0.0388000000000001,0.8708,0.95,-0.0791999999999999,9029.22,1.12,20430.9317333333,0.441938728876897,-11401.7117333333,Critical,Simulated field-force metrics; Sales/Target = real+derived
321900,4,West,2016-09-01 00:00:00,26,24,0.923076923076923,540,477,0.883333333333333,-63,0.8809,0.9,-0.0191,0.9054,0.95,-0.0446,14656.12,1.13,20613.3507666667,0.711001339175776,-5957.23076666667,Critical,Simulated field-force metrics; Sales/Target = real+derived
321900,4,West,2016-10-01 00:00:00,26,23,0.884615384615385,548,487,0.888686131386861,-61,0.9171,0.9,0.0171,0.9204,0.95,-0.0296,7722.73,1.14,20795.7698,0.371360621620268,-13073.0398,Critical,Simulated field-force metrics; Sales/Target = real+derived
321900,4,West,2016-11-01 00:00:00,26,23,0.884615384615385,556,515,0.926258992805755,-41,0.8635,0.9,-0.0365,0.98,0.95,0.03,13126.19,1.15,20978.1888333333,0.625706542365713,-7851.99883333333,Critical,Simulated field-force metrics; Sales/Target = real+derived
321900,4,West,2016-12-01 00:00:00,26,24,0.923076923076923,564,507,0.898936170212766,-57,0.9184,0.9,0.0184,0.8491,0.95,-0.1009,16737.89,1.05,19153.9985,0.873858792460488,-2416.1085,At Risk,Simulated field-force metrics; Sales/Target = real+derived
321900,4,West,2017-01-01 00:00:00,26,24,0.923076923076923,540,535,0.990740740740741,-5,0.8646,0.9,-0.0354,0.8448,0.95,-0.1052,1402.59,1.06,19336.4175333333,0.0725361870978493,-17933.8275333333,Critical,Simulated field-force metrics; Sales/Target = real+derived
321910,4,West,2015-01-01 00:00:00,26,23,0.884615384615385,552,517,0.936594202898551,-35,0.8418,0.9,-0.0582,0.8367,0.95,-0.1133,4421.13,1.07,7621.37431081081,0.580096163723213,-3200.24431081081,Critical,Simulated field-force metrics; Sales/Target = real+derived
321910,4,West,2015-02-01 00:00:00,26,23,0.884615384615385,560,479,0.855357142857143,-81,0.8413,0.9,-0.0587,0.9128,0.95,-0.0372,3847.63,1.08,7692.60210810811,0.500172756360887,-3844.97210810811,Critical,Simulated field-force metrics; Sales/Target = real+derived
321910,4,West,2015-03-01 00:00:00,26,24,0.923076923076923,568,509,0.89612676056338,-59,0.782,0.9,-0.118,0.8106,0.95,-0.1394,4632.36,1.09,7763.82990540541,0.596659130408668,-3131.46990540541,Critical,Simulated field-force metrics; Sales/Target = real+derived
321910,4,West,2015-04-01 00:00:00,26,23,0.884615384615385,576,475,0.824652777777778,-101,0.8207,0.9,-0.0793,0.8735,0.95,-0.0764999999999999,4420.33,1.1,7835.0577027027,0.564173254075105,-3414.7277027027,Critical,Simulated field-force metrics; Sales/Target = real+derived
321910,4,West,2015-05-01 00:00:00,26,22,0.846153846153846,552,462,0.836956521739131,-90,0.8253,0.9,-0.0747,0.8812,0.95,-0.0688,4613.96,1.11,7906.2855,0.583581253168761,-3292.3255,Critical,Simulated field-force metrics; Sales/Target = real+derived
321910,4,West,2015-06-01 00:00:00,26,24,0.923076923076923,560,505,0.901785714285714,-55,0.8312,0.9,-0.0688,0.8383,0.95,-0.1117,4646.21,1.12,7977.5132972973,0.582413319395417,-3331.3032972973,Critical,Simulated field-force metrics; Sales/Target = real+derived
321910,4,West,2015-07-01 00:00:00,26,22,0.846153846153846,568,487,0.857394366197183,-81,0.843,0.9,-0.0570000000000001,0.878,0.95,-0.072,4141.28,1.13,8048.74109459459,0.514525184911367,-3907.46109459459,Critical,Simulated field-force metrics; Sales/Target = real+derived
321910,4,West,2015-08-01 00:00:00,26,22,0.846153846153846,576,487,0.845486111111111,-89,0.8708,0.9,-0.0292,0.8732,0.95,-0.0768,4950.31,1.14,8119.96889189189,0.609646424254541,-3169.65889189189,Critical,Simulated field-force metrics; Sales/Target = real+derived
321910,4,West,2015-09-01 00:00:00,26,22,0.846153846153846,552,537,0.972826086956522,-15,0.8276,0.9,-0.0724,0.8774,0.95,-0.0726,4735.67,1.15,8191.19668918919,0.578141409575743,-3455.52668918919,Critical,Simulated field-force metrics; Sales/Target = real+derived
321910,4,West,2015-10-01 00:00:00,26,23,0.884615384615385,560,483,0.8625,-77,0.8032,0.9,-0.0968,0.9345,0.95,-0.0155,4615.1,1.05,7478.91871621622,0.617081181801492,-2863.81871621622,Critical,Simulated field-force metrics; Sales/Target = real+derived
321910,4,West,2015-11-01 00:00:00,26,24,0.923076923076923,568,517,0.910211267605634,-51,0.8488,0.9,-0.0512,0.832,0.95,-0.118,4728.57,1.06,7550.14651351351,0.62628850864505,-2821.57651351351,Critical,Simulated field-force metrics; Sales/Target = real+derived
321910,4,West,2015-12-01 00:00:00,26,24,0.923076923076923,576,486,0.84375,-90,0.8385,0.9,-0.0615,0.8082,0.95,-0.1418,4733.51,1.07,7621.37431081081,0.621083522073648,-2887.86431081081,Critical,Simulated field-force metrics; Sales/Target = real+derived
321910,4,West,2016-01-01 00:00:00,26,22,0.846153846153846,552,492,0.891304347826087,-60,0.8003,0.9,-0.0997,0.7902,0.95,-0.1598,4219.93,1.08,7692.60210810811,0.548569904005842,-3472.67210810811,Critical,Simulated field-force metrics; Sales/Target = real+derived
321910,4,West,2016-02-01 00:00:00,26,23,0.884615384615385,560,539,0.9625,-21,0.8773,0.9,-0.0227000000000001,0.8624,0.95,-0.0875999999999999,4765.62,1.09,7763.82990540541,0.613823339519847,-2998.20990540541,Critical,Simulated field-force metrics; Sales/Target = real+derived
321910,4,West,2016-03-01 00:00:00,26,23,0.884615384615385,568,519,0.913732394366197,-49,0.8679,0.9,-0.0321,0.8579,0.95,-0.0921,4952.76,1.1,7835.0577027027,0.632128082259247,-2882.2977027027,Critical,Simulated field-force metrics; Sales/Target = real+derived
321910,4,West,2016-04-01 00:00:00,26,23,0.884615384615385,576,513,0.890625,-63,0.848,0.9,-0.052,0.8623,0.95,-0.0877,4950.31,1.11,7906.2855,0.626123354639799,-2955.9755,Critical,Simulated field-force metrics; Sales/Target = real+derived
321910,4,West,2016-05-01 00:00:00,26,23,0.884615384615385,552,515,0.932971014492754,-37,0.871,0.9,-0.029,0.8871,0.95,-0.0629,7134.45,1.12,7977.5132972973,0.894320038603644,-843.063297297298,At Risk,Simulated field-force metrics; Sales/Target = real+derived
321910,4,West,2016-06-01 00:00:00,26,24,0.923076923076923,560,483,0.8625,-77,0.8854,0.9,-0.0146000000000001,0.8916,0.95,-0.0584,7644.88,1.13,8048.74109459459,0.949823072969036,-403.861094594593,Healthy,Simulated field-force metrics; Sales/Target = real+derived
321910,4,West,2016-07-01 00:00:00,26,25,0.961538461538462,568,471,0.829225352112676,-97,0.8045,0.9,-0.0955,0.8751,0.95,-0.0749,8738.01,1.14,8119.96889189189,1.07611372855446,618.041108108109,Healthy,Simulated field-force metrics; Sales/Target = real+derived
321910,4,West,2016-08-01 00:00:00,26,23,0.884615384615385,576,551,0.956597222222222,-25,0.8052,0.9,-0.0948,0.8922,0.95,-0.0578,12303.69,1.15,8191.19668918919,1.50206257606273,4112.49331081081,Healthy,Simulated field-force metrics; Sales/Target = real+derived
321910,4,West,2016-09-01 00:00:00,26,24,0.923076923076923,552,500,0.905797101449275,-52,0.795,0.9,-0.105,0.9083,0.95,-0.0417,29962.81,1.05,7478.91871621622,4.00630239970825,22483.8912837838,At Risk,Simulated field-force metrics; Sales/Target = real+derived
321910,4,West,2016-10-01 00:00:00,26,24,0.923076923076923,560,505,0.901785714285714,-55,0.8358,0.9,-0.0642,0.873,0.95,-0.077,16703.8,1.06,7550.14651351351,2.2123809081192,9153.65348648649,Healthy,Simulated field-force metrics; Sales/Target = real+derived
321910,4,West,2016-11-01 00:00:00,26,23,0.884615384615385,568,513,0.903169014084507,-55,0.8297,0.9,-0.0703,0.8345,0.95,-0.1155,21275.7,1.07,7621.37431081081,2.79158313610456,13654.3256891892,Healthy,Simulated field-force metrics; Sales/Target = real+derived
321910,4,West,2016-12-01 00:00:00,26,22,0.846153846153846,576,488,0.847222222222222,-88,0.8364,0.9,-0.0636,0.8643,0.95,-0.0857,21658.31,1.08,7692.60210810811,2.8154725404518,13965.7078918919,Healthy,Simulated field-force metrics; Sales/Target = real+derived
321910,4,West,2017-01-01 00:00:00,26,23,0.884615384615385,552,496,0.898550724637681,-56,0.8067,0.9,-0.0933000000000001,0.9121,0.95,-0.0378999999999999,0,1.09,7763.82990540541,0,-7763.82990540541,Critical,Simulated field-force metrics; Sales/Target = real+derived
321920,4,West,2015-01-01 00:00:00,26,20,0.769230769230769,480,309,0.64375,-171,0.6038,0.9,-0.2962,0.5485,0.95,-0.4015,0,1.1,7192.01764285714,0,-7192.01764285714,Critical,Simulated field-force metrics; Sales/Target = real+derived
321920,4,West,2015-02-01 00:00:00,26,20,0.769230769230769,488,341,0.698770491803279,-147,0.5261,0.9,-0.3739,0.6402,0.95,-0.3098,0,1.11,7257.39962142857,0,-7257.39962142857,Critical,Simulated field-force metrics; Sales/Target = real+derived
321920,4,West,2015-03-01 00:00:00,26,21,0.807692307692308,496,320,0.645161290322581,-176,0.5971,0.9,-0.3029,0.6509,0.95,-0.2991,0,1.12,7322.7816,0,-7322.7816,Critical,Simulated field-force metrics; Sales/Target = real+derived
321920,4,West,2015-04-01 00:00:00,26,20,0.769230769230769,504,350,0.694444444444444,-154,0.5634,0.9,-0.3366,0.59,0.95,-0.36,0,1.13,7388.16357857143,0,-7388.16357857143,Critical,Simulated field-force metrics; Sales/Target = real+derived
321920,4,West,2015-05-01 00:00:00,26,20,0.769230769230769,480,323,0.672916666666667,-157,0.6274,0.9,-0.2726,0.6099,0.95,-0.3401,0,1.14,7453.54555714286,0,-7453.54555714286,Critical,Simulated field-force metrics; Sales/Target = real+derived
321920,4,West,2015-06-01 00:00:00,26,19,0.730769230769231,488,301,0.616803278688525,-187,0.6007,0.9,-0.2993,0.6769,0.95,-0.2731,0,1.15,7518.92753571429,0,-7518.92753571429,Critical,Simulated field-force metrics; Sales/Target = real+derived
321920,4,West,2015-07-01 00:00:00,26,21,0.807692307692308,496,320,0.645161290322581,-176,0.6137,0.9,-0.2863,0.6059,0.95,-0.3441,0,1.05,6865.10775,0,-6865.10775,Critical,Simulated field-force metrics; Sales/Target = real+derived
321920,4,West,2015-08-01 00:00:00,26,20,0.769230769230769,504,313,0.621031746031746,-191,0.6362,0.9,-0.2638,0.5288,0.95,-0.4212,0,1.06,6930.48972857143,0,-6930.48972857143,Critical,Simulated field-force metrics; Sales/Target = real+derived
321920,4,West,2015-09-01 00:00:00,26,21,0.807692307692308,480,308,0.641666666666667,-172,0.5725,0.9,-0.3275,0.6673,0.95,-0.2827,0,1.07,6995.87170714286,0,-6995.87170714286,Critical,Simulated field-force metrics; Sales/Target = real+derived
321920,4,West,2015-10-01 00:00:00,26,20,0.769230769230769,488,309,0.633196721311475,-179,0.5823,0.9,-0.3177,0.624,0.95,-0.326,0,1.08,7061.25368571429,0,-7061.25368571429,Critical,Simulated field-force metrics; Sales/Target = real+derived
321920,4,West,2015-11-01 00:00:00,26,20,0.769230769230769,496,296,0.596774193548387,-200,0.5566,0.9,-0.3434,0.6505,0.95,-0.2995,1531.93,1.09,7126.63566428571,0.214958371967447,-5594.70566428571,Critical,Simulated field-force metrics; Sales/Target = real+derived
321920,4,West,2015-12-01 00:00:00,26,20,0.769230769230769,504,342,0.678571428571429,-162,0.5777,0.9,-0.3223,0.5858,0.95,-0.3642,1897.7,1.1,7192.01764285714,0.263861977853284,-5294.31764285714,Critical,Simulated field-force metrics; Sales/Target = real+derived
321920,4,West,2016-01-01 00:00:00,26,21,0.807692307692308,480,313,0.652083333333333,-167,0.5714,0.9,-0.3286,0.6463,0.95,-0.3037,1778.52,1.11,7257.39962142857,0.245062982993061,-5478.87962142857,Critical,Simulated field-force metrics; Sales/Target = real+derived
321920,4,West,2016-02-01 00:00:00,26,20,0.769230769230769,488,311,0.637295081967213,-177,0.5873,0.9,-0.3127,0.6103,0.95,-0.3397,1946.41,1.12,7322.7816,0.265802000704213,-5376.3716,Critical,Simulated field-force metrics; Sales/Target = real+derived
321920,4,West,2016-03-01 00:00:00,26,20,0.769230769230769,496,369,0.743951612903226,-127,0.5987,0.9,-0.3013,0.5288,0.95,-0.4212,3616.23,1.13,7388.16357857143,0.489462633243325,-3771.93357857143,Critical,Simulated field-force metrics; Sales/Target = real+derived
321920,4,West,2016-04-01 00:00:00,26,20,0.769230769230769,504,334,0.662698412698413,-170,0.5884,0.9,-0.3116,0.6191,0.95,-0.3309,3947.34,1.14,7453.54555714286,0.529592255086869,-3506.20555714286,Critical,Simulated field-force metrics; Sales/Target = real+derived
321920,4,West,2016-05-01 00:00:00,26,20,0.769230769230769,480,316,0.658333333333333,-164,0.6084,0.9,-0.2916,0.5945,0.95,-0.3555,3526.19,1.15,7518.92753571429,0.468975127536592,-3992.73753571429,Critical,Simulated field-force metrics; Sales/Target = real+derived
321920,4,West,2016-06-01 00:00:00,26,20,0.769230769230769,488,381,0.780737704918033,-107,0.5618,0.9,-0.3382,0.61,0.95,-0.34,4150.61,1.05,6865.10775,0.60459502620334,-2714.49775,Critical,Simulated field-force metrics; Sales/Target = real+derived
321920,4,West,2016-07-01 00:00:00,26,19,0.730769230769231,496,330,0.665322580645161,-166,0.5542,0.9,-0.3458,0.5899,0.95,-0.3601,4838.5,1.06,6930.48972857143,0.698146911617652,-2091.98972857143,Critical,Simulated field-force metrics; Sales/Target = real+derived
321920,4,West,2016-08-01 00:00:00,26,21,0.807692307692308,504,342,0.678571428571429,-162,0.6068,0.9,-0.2932,0.5512,0.95,-0.3988,10111.74,1.07,6995.87170714286,1.44538671137663,3115.86829285714,Critical,Simulated field-force metrics; Sales/Target = real+derived
321920,4,West,2016-09-01 00:00:00,26,21,0.807692307692308,480,294,0.6125,-186,0.6404,0.9,-0.2596,0.654,0.95,-0.296,26386.17,1.08,7061.25368571429,3.73675428959339,19324.9163142857,Critical,Simulated field-force metrics; Sales/Target = real+derived
321920,4,West,2016-10-01 00:00:00,26,21,0.807692307692308,488,305,0.625,-183,0.5922,0.9,-0.3078,0.5946,0.95,-0.3554,8056.93,1.09,7126.63566428571,1.13053765893721,930.294335714286,Critical,Simulated field-force metrics; Sales/Target = real+derived
321920,4,West,2016-11-01 00:00:00,26,20,0.769230769230769,496,323,0.651209677419355,-173,0.5155,0.9,-0.3845,0.6388,0.95,-0.3112,8619,1.1,7192.01764285714,1.19841196559912,1426.98235714286,Critical,Simulated field-force metrics; Sales/Target = real+derived
321920,4,West,2016-12-01 00:00:00,26,20,0.769230769230769,504,323,0.640873015873016,-181,0.5673,0.9,-0.3327,0.6198,0.95,-0.3302,11127.5,1.11,7257.39962142857,1.53326268091182,3870.10037857143,Critical,Simulated field-force metrics; Sales/Target = real+derived
321920,4,West,2017-01-01 00:00:00,26,20,0.769230769230769,480,274,0.570833333333333,-206,0.6011,0.9,-0.2989,0.6305,0.95,-0.3195,0,1.12,7322.7816,0,-7322.7816,Critical,Simulated field-force metrics; Sales/Target = real+derived
321930,4,West,2015-01-01 00:00:00,26,22,0.846153846153846,492,382,0.776422764227642,-110,0.7695,0.9,-0.1305,0.748,0.95,-0.202,0,1.13,7764.79678421053,0,-7764.79678421053,Critical,Simulated field-force metrics; Sales/Target = real+derived
321930,4,West,2015-02-01 00:00:00,26,22,0.846153846153846,500,396,0.792,-104,0.796,0.9,-0.104,0.7905,0.95,-0.1595,0,1.14,7833.5118,0,-7833.5118,Critical,Simulated field-force metrics; Sales/Target = real+derived
321930,4,West,2015-03-01 00:00:00,26,22,0.846153846153846,508,457,0.899606299212598,-51,0.7788,0.9,-0.1212,0.8125,0.95,-0.1375,0,1.15,7902.22681578947,0,-7902.22681578947,Critical,Simulated field-force metrics; Sales/Target = real+derived
321930,4,West,2015-04-01 00:00:00,26,22,0.846153846153846,516,412,0.798449612403101,-104,0.6899,0.9,-0.2101,0.8212,0.95,-0.1288,0,1.05,7215.07665789474,0,-7215.07665789474,Critical,Simulated field-force metrics; Sales/Target = real+derived
321930,4,West,2015-05-01 00:00:00,26,23,0.884615384615385,492,401,0.815040650406504,-91,0.7616,0.9,-0.1384,0.8238,0.95,-0.1262,0,1.06,7283.79167368421,0,-7283.79167368421,Critical,Simulated field-force metrics; Sales/Target = real+derived
321930,4,West,2015-06-01 00:00:00,26,21,0.807692307692308,500,399,0.798,-101,0.7267,0.9,-0.1733,0.8548,0.95,-0.0952,1925.12,1.07,7352.50668947369,0.261831791701206,-5427.38668947369,Critical,Simulated field-force metrics; Sales/Target = real+derived
321930,4,West,2015-07-01 00:00:00,26,23,0.884615384615385,508,373,0.734251968503937,-135,0.7135,0.9,-0.1865,0.7862,0.95,-0.1638,2406.14,1.08,7421.22170526316,0.324224244411612,-5015.08170526316,Critical,Simulated field-force metrics; Sales/Target = real+derived
321930,4,West,2015-08-01 00:00:00,26,22,0.846153846153846,516,397,0.76937984496124,-119,0.8345,0.9,-0.0655,0.8199,0.95,-0.1301,3264.99,1.09,7489.93672105263,0.435916900448945,-4224.94672105263,Critical,Simulated field-force metrics; Sales/Target = real+derived
321930,4,West,2015-09-01 00:00:00,26,23,0.884615384615385,492,391,0.794715447154472,-101,0.7917,0.9,-0.1083,0.7892,0.95,-0.1608,2513.68,1.1,7558.65173684211,0.332556663213879,-5044.97173684211,Critical,Simulated field-force metrics; Sales/Target = real+derived
321930,4,West,2015-10-01 00:00:00,26,22,0.846153846153846,500,423,0.846,-77,0.7094,0.9,-0.1906,0.8461,0.95,-0.1039,4715.29,1.11,7627.36675263158,0.618206800974024,-2912.07675263158,Critical,Simulated field-force metrics; Sales/Target = real+derived
321930,4,West,2015-11-01 00:00:00,26,23,0.884615384615385,508,443,0.872047244094488,-65,0.7288,0.9,-0.1712,0.7608,0.95,-0.1892,9220,1.12,7696.08176842105,1.19801221939091,1523.91823157895,At Risk,Simulated field-force metrics; Sales/Target = real+derived
321930,4,West,2015-12-01 00:00:00,26,22,0.846153846153846,516,429,0.831395348837209,-87,0.7687,0.9,-0.1313,0.7828,0.95,-0.1672,6131.69,1.13,7764.79678421053,0.789678103677949,-1633.10678421053,Critical,Simulated field-force metrics; Sales/Target = real+derived
321930,4,West,2016-01-01 00:00:00,26,22,0.846153846153846,492,379,0.770325203252033,-113,0.7647,0.9,-0.1353,0.7822,0.95,-0.1678,5452.14,1.14,7833.5118,0.696002015341319,-2381.3718,Critical,Simulated field-force metrics; Sales/Target = real+derived
321930,4,West,2016-02-01 00:00:00,26,22,0.846153846153846,500,442,0.884,-58,0.7636,0.9,-0.1364,0.8428,0.95,-0.1072,8061.53,1.15,7902.22681578947,1.02015927762188,159.303184210527,At Risk,Simulated field-force metrics; Sales/Target = real+derived
321930,4,West,2016-03-01 00:00:00,26,22,0.846153846153846,508,422,0.830708661417323,-86,0.7645,0.9,-0.1355,0.739,0.95,-0.211,3966.43,1.05,7215.07665789474,0.549741906852775,-3248.64665789474,Critical,Simulated field-force metrics; Sales/Target = real+derived
321930,4,West,2016-04-01 00:00:00,26,23,0.884615384615385,516,421,0.815891472868217,-95,0.7926,0.9,-0.1074,0.7764,0.95,-0.1736,6085.3,1.06,7283.79167368421,0.835457722107255,-1198.49167368421,At Risk,Simulated field-force metrics; Sales/Target = real+derived
321930,4,West,2016-05-01 00:00:00,26,22,0.846153846153846,492,387,0.786585365853659,-105,0.8097,0.9,-0.0903000000000001,0.8161,0.95,-0.1339,4728.96,1.07,7352.50668947369,0.643176565452199,-2623.54668947368,Critical,Simulated field-force metrics; Sales/Target = real+derived
321930,4,West,2016-06-01 00:00:00,26,23,0.884615384615385,500,438,0.876,-62,0.8069,0.9,-0.0931000000000001,0.8316,0.95,-0.1184,4405.2,1.08,7421.22170526316,0.593594986776344,-3016.02170526316,Critical,Simulated field-force metrics; Sales/Target = real+derived
321930,4,West,2016-07-01 00:00:00,26,21,0.807692307692308,508,403,0.793307086614173,-105,0.7313,0.9,-0.1687,0.8189,0.95,-0.1311,16289.52,1.09,7489.93672105263,2.17485415520449,8799.58327894737,At Risk,Simulated field-force metrics; Sales/Target = real+derived
321930,4,West,2016-08-01 00:00:00,26,22,0.846153846153846,516,395,0.765503875968992,-121,0.7598,0.9,-0.1402,0.7455,0.95,-0.2045,6765.09,1.1,7558.65173684211,0.895012792695005,-793.561736842105,At Risk,Simulated field-force metrics; Sales/Target = real+derived
321930,4,West,2016-09-01 00:00:00,26,22,0.846153846153846,492,372,0.75609756097561,-120,0.7849,0.9,-0.1151,0.8148,0.95,-0.1352,8608.66,1.11,7627.36675263158,1.12865426289222,981.293247368421,At Risk,Simulated field-force metrics; Sales/Target = real+derived
321930,4,West,2016-10-01 00:00:00,26,24,0.923076923076923,500,428,0.856,-72,0.7516,0.9,-0.1484,0.8252,0.95,-0.1248,8631.18,1.12,7696.08176842105,1.12150315702412,935.098231578947,At Risk,Simulated field-force metrics; Sales/Target = real+derived
321930,4,West,2016-11-01 00:00:00,26,21,0.807692307692308,508,398,0.783464566929134,-110,0.7781,0.9,-0.1219,0.725,0.95,-0.225,12296.79,1.13,7764.79678421053,1.58365896001363,4531.99321578948,At Risk,Simulated field-force metrics; Sales/Target = real+derived
321930,4,West,2016-12-01 00:00:00,26,22,0.846153846153846,516,403,0.781007751937985,-113,0.77,0.9,-0.13,0.7616,0.95,-0.1884,15090.82,1.14,7833.5118,1.92644376944706,7257.3082,At Risk,Simulated field-force metrics; Sales/Target = real+derived
321930,4,West,2017-01-01 00:00:00,26,23,0.884615384615385,492,405,0.823170731707317,-87,0.8154,0.9,-0.0846,0.8063,0.95,-0.1437,0,1.15,7902.22681578947,0,-7902.22681578947,Critical,Simulated field-force metrics; Sales/Target = real+derived
321940,4,West,2015-01-01 00:00:00,26,22,0.846153846153846,504,399,0.791666666666667,-105,0.6963,0.9,-0.2037,0.7817,0.95,-0.1683,1084.18,1.05,6807.61946052632,0.159259783289382,-5723.43946052632,Critical,Simulated field-force metrics; Sales/Target = real+derived
321940,4,West,2015-02-01 00:00:00,26,22,0.846153846153846,512,461,0.900390625,-51,0.7216,0.9,-0.1784,0.7619,0.95,-0.1881,854.36,1.06,6872.45393157895,0.124316584513461,-6018.09393157895,Critical,Simulated field-force metrics; Sales/Target = real+derived
321940,4,West,2015-03-01 00:00:00,26,22,0.846153846153846,520,421,0.809615384615385,-99,0.7567,0.9,-0.1433,0.7746,0.95,-0.1754,107533.55,1.07,6937.28840263158,15.5008043141479,100596.261597368,At Risk,Simulated field-force metrics; Sales/Target = real+derived
321940,4,West,2015-04-01 00:00:00,26,23,0.884615384615385,528,410,0.776515151515152,-118,0.7779,0.9,-0.1221,0.7985,0.95,-0.1515,836,1.08,7002.12287368421,0.11939236358475,-6166.12287368421,Critical,Simulated field-force metrics; Sales/Target = real+derived
321940,4,West,2015-05-01 00:00:00,26,22,0.846153846153846,504,397,0.787698412698413,-107,0.8283,0.9,-0.0717,0.7586,0.95,-0.1914,1050.29,1.09,7066.95734473684,0.148619830114329,-6016.66734473684,Critical,Simulated field-force metrics; Sales/Target = real+derived
321940,4,West,2015-06-01 00:00:00,26,22,0.846153846153846,512,395,0.771484375,-117,0.8058,0.9,-0.0942000000000001,0.8149,0.95,-0.1351,2272.2,1.1,7131.79181578948,0.318601560265605,-4859.59181578948,Critical,Simulated field-force metrics; Sales/Target = real+derived
321940,4,West,2015-07-01 00:00:00,26,22,0.846153846153846,520,427,0.821153846153846,-93,0.7524,0.9,-0.1476,0.7578,0.95,-0.1922,2063.86,1.11,7196.62628684211,0.286781599841226,-5132.76628684211,Critical,Simulated field-force metrics; Sales/Target = real+derived
321940,4,West,2015-08-01 00:00:00,26,23,0.884615384615385,528,431,0.816287878787879,-97,0.7509,0.9,-0.1491,0.7742,0.95,-0.1758,1064.66,1.12,7261.46075789474,0.146617882475298,-6196.80075789474,Critical,Simulated field-force metrics; Sales/Target = real+derived
321940,4,West,2015-09-01 00:00:00,26,22,0.846153846153846,504,408,0.80952380952381,-96,0.7454,0.9,-0.1546,0.7524,0.95,-0.1976,967.29,1.13,7326.29522894737,0.132029896389936,-6359.00522894737,Critical,Simulated field-force metrics; Sales/Target = real+derived
321940,4,West,2015-10-01 00:00:00,26,23,0.884615384615385,512,389,0.759765625,-123,0.7583,0.9,-0.1417,0.7655,0.95,-0.1845,2492.83,1.14,7391.1297,0.337273204663152,-4898.2997,Critical,Simulated field-force metrics; Sales/Target = real+derived
321940,4,West,2015-11-01 00:00:00,26,23,0.884615384615385,520,398,0.765384615384615,-122,0.7176,0.9,-0.1824,0.7367,0.95,-0.2133,2706.7,1.15,7455.96417105263,0.363024813143364,-4749.26417105263,Critical,Simulated field-force metrics; Sales/Target = real+derived
321940,4,West,2015-12-01 00:00:00,26,22,0.846153846153846,528,394,0.746212121212121,-134,0.7266,0.9,-0.1734,0.6967,0.95,-0.2533,2862.65,1.05,6807.61946052632,0.420506759609427,-3944.96946052632,Critical,Simulated field-force metrics; Sales/Target = real+derived
321940,4,West,2016-01-01 00:00:00,26,22,0.846153846153846,504,394,0.781746031746032,-110,0.6913,0.9,-0.2087,0.8047,0.95,-0.1453,1839.7,1.06,6872.45393157895,0.267691863534592,-5032.75393157895,Critical,Simulated field-force metrics; Sales/Target = real+derived
321940,4,West,2016-02-01 00:00:00,26,21,0.807692307692308,512,426,0.83203125,-86,0.7188,0.9,-0.1812,0.8269,0.95,-0.1231,3215.47,1.07,6937.28840263158,0.463505308324828,-3721.81840263158,Critical,Simulated field-force metrics; Sales/Target = real+derived
321940,4,West,2016-03-01 00:00:00,26,23,0.884615384615385,520,396,0.761538461538462,-124,0.7112,0.9,-0.1888,0.7909,0.95,-0.1591,3380.21,1.08,7002.12287368421,0.482740743197139,-3621.91287368421,Critical,Simulated field-force metrics; Sales/Target = real+derived
321940,4,West,2016-04-01 00:00:00,26,22,0.846153846153846,528,419,0.793560606060606,-109,0.7879,0.9,-0.1121,0.755,0.95,-0.195,3999.57,1.09,7066.95734473684,0.565953607032693,-3067.38734473684,Critical,Simulated field-force metrics; Sales/Target = real+derived
321940,4,West,2016-05-01 00:00:00,26,22,0.846153846153846,504,423,0.839285714285714,-81,0.7717,0.9,-0.1283,0.7732,0.95,-0.1768,5512.96,1.1,7131.79181578948,0.773011908142712,-1618.83181578947,Critical,Simulated field-force metrics; Sales/Target = real+derived
321940,4,West,2016-06-01 00:00:00,26,22,0.846153846153846,512,375,0.732421875,-137,0.7064,0.9,-0.1936,0.7801,0.95,-0.1699,5260.48,1.11,7196.62628684211,0.730964731296101,-1936.14628684211,Critical,Simulated field-force metrics; Sales/Target = real+derived
321940,4,West,2016-07-01 00:00:00,26,22,0.846153846153846,520,418,0.803846153846154,-102,0.7797,0.9,-0.1203,0.7384,0.95,-0.2116,9429.61,1.12,7261.46075789474,1.29858306949439,2168.14924210526,At Risk,Simulated field-force metrics; Sales/Target = real+derived
321940,4,West,2016-08-01 00:00:00,26,22,0.846153846153846,528,427,0.808712121212121,-101,0.7187,0.9,-0.1813,0.8209,0.95,-0.1291,9154.05,1.13,7326.29522894737,1.24947872204643,1827.75477105263,At Risk,Simulated field-force metrics; Sales/Target = real+derived
321940,4,West,2016-09-01 00:00:00,26,23,0.884615384615385,504,410,0.813492063492064,-94,0.8061,0.9,-0.0939,0.7315,0.95,-0.2185,10684.57,1.14,7391.1297,1.44559362826497,3293.4403,Healthy,Simulated field-force metrics; Sales/Target = real+derived
321940,4,West,2016-10-01 00:00:00,26,22,0.846153846153846,512,418,0.81640625,-94,0.7113,0.9,-0.1887,0.7802,0.95,-0.1698,21950.29,1.15,7455.96417105263,2.94399081009815,14494.3258289474,At Risk,Simulated field-force metrics; Sales/Target = real+derived
321940,4,West,2016-11-01 00:00:00,26,21,0.807692307692308,520,431,0.828846153846154,-89,0.7804,0.9,-0.1196,0.7896,0.95,-0.1604,11691.41,1.05,6807.61946052632,1.71740063729945,4883.79053947368,At Risk,Simulated field-force metrics; Sales/Target = real+derived
321940,4,West,2016-12-01 00:00:00,26,21,0.807692307692308,528,403,0.763257575757576,-125,0.7631,0.9,-0.1369,0.7782,0.95,-0.1718,18293.88,1.06,6872.45393157895,2.6619138057717,11421.4260684211,At Risk,Simulated field-force metrics; Sales/Target = real+derived
321940,4,West,2017-01-01 00:00:00,26,20,0.769230769230769,504,429,0.851190476190476,-75,0.7481,0.9,-0.1519,0.7466,0.95,-0.2034,1932.85,1.07,6937.28840263158,0.278617506988292,-5004.43840263158,Critical,Simulated field-force metrics; Sales/Target = real+derived
321950,4,West,2015-01-01 00:00:00,26,23,0.884615384615385,516,409,0.792635658914729,-107,0.7396,0.9,-0.1604,0.8049,0.95,-0.1451,2000.23,1.08,10119.834972973,0.19765440892485,-8119.60497297298,Critical,Simulated field-force metrics; Sales/Target = real+derived
321950,4,West,2015-02-01 00:00:00,26,24,0.923076923076923,524,463,0.883587786259542,-61,0.7763,0.9,-0.1237,0.814,0.95,-0.136,4226.99,1.09,10213.5371486487,0.413861519127022,-5986.54714864865,Critical,Simulated field-force metrics; Sales/Target = real+derived
321950,4,West,2015-03-01 00:00:00,26,23,0.884615384615385,532,409,0.768796992481203,-123,0.7863,0.9,-0.1137,0.7736,0.95,-0.1764,1909.04,1.1,10307.2393243243,0.185213512554696,-8398.19932432433,Critical,Simulated field-force metrics; Sales/Target = real+derived
321950,4,West,2015-04-01 00:00:00,26,23,0.884615384615385,540,438,0.811111111111111,-102,0.7813,0.9,-0.1187,0.8027,0.95,-0.1473,4966.5,1.11,10400.9415,0.477504848960068,-5434.4415,Critical,Simulated field-force metrics; Sales/Target = real+derived
321950,4,West,2015-05-01 00:00:00,26,20,0.769230769230769,516,426,0.825581395348837,-90,0.7862,0.9,-0.1138,0.8149,0.95,-0.1351,4789.9,1.12,10494.6436756757,0.456413780974952,-5704.74367567568,Critical,Simulated field-force metrics; Sales/Target = real+derived
321950,4,West,2015-06-01 00:00:00,26,22,0.846153846153846,524,464,0.885496183206107,-60,0.7746,0.9,-0.1254,0.8129,0.95,-0.1371,8316.67,1.13,10588.3458513514,0.785455076435624,-2271.67585135135,Critical,Simulated field-force metrics; Sales/Target = real+derived
321950,4,West,2015-07-01 00:00:00,26,23,0.884615384615385,532,444,0.834586466165414,-88,0.7323,0.9,-0.1677,0.7059,0.95,-0.2441,7442.89,1.14,10682.048027027,0.696766198875766,-3239.15802702703,Critical,Simulated field-force metrics; Sales/Target = real+derived
321950,4,West,2015-08-01 00:00:00,26,22,0.846153846153846,540,459,0.85,-81,0.7514,0.9,-0.1486,0.8221,0.95,-0.1279,7086.36,1.15,10775.7502027027,0.657621034888378,-3689.3902027027,Critical,Simulated field-force metrics; Sales/Target = real+derived
321950,4,West,2015-09-01 00:00:00,26,22,0.846153846153846,516,449,0.87015503875969,-67,0.7534,0.9,-0.1466,0.8107,0.95,-0.1393,10452.95,1.05,9838.72844594595,1.06242895689505,614.221554054053,At Risk,Simulated field-force metrics; Sales/Target = real+derived
321950,4,West,2015-10-01 00:00:00,26,23,0.884615384615385,524,461,0.879770992366412,-63,0.704,0.9,-0.196,0.7709,0.95,-0.1791,11301.93,1.06,9932.43062162162,1.13788159520562,1369.49937837838,At Risk,Simulated field-force metrics; Sales/Target = real+derived
321950,4,West,2015-11-01 00:00:00,26,23,0.884615384615385,532,469,0.881578947368421,-63,0.7721,0.9,-0.1279,0.7869,0.95,-0.1631,10952.98,1.07,10026.1327972973,1.09244314048509,926.847202702702,At Risk,Simulated field-force metrics; Sales/Target = real+derived
321950,4,West,2015-12-01 00:00:00,26,23,0.884615384615385,540,461,0.853703703703704,-79,0.7511,0.9,-0.1489,0.8056,0.95,-0.1444,9760.9,1.08,10119.834972973,0.96453153891031,-358.934972972975,At Risk,Simulated field-force metrics; Sales/Target = real+derived
321950,4,West,2016-01-01 00:00:00,26,23,0.884615384615385,516,462,0.895348837209302,-54,0.7897,0.9,-0.1103,0.8014,0.95,-0.1486,11994.34,1.09,10213.5371486487,1.17435711305823,1780.80285135135,At Risk,Simulated field-force metrics; Sales/Target = real+derived
321950,4,West,2016-02-01 00:00:00,26,22,0.846153846153846,524,441,0.841603053435115,-83,0.7597,0.9,-0.1403,0.802,0.95,-0.148,11037.03,1.1,10307.2393243243,1.07080369948852,729.790675675675,At Risk,Simulated field-force metrics; Sales/Target = real+derived
321950,4,West,2016-03-01 00:00:00,26,22,0.846153846153846,532,464,0.87218045112782,-68,0.7238,0.9,-0.1762,0.7748,0.95,-0.1752,11136.75,1.11,10400.9415,1.07074441289762,735.808499999999,At Risk,Simulated field-force metrics; Sales/Target = real+derived
321950,4,West,2016-04-01 00:00:00,26,22,0.846153846153846,540,485,0.898148148148148,-55,0.7489,0.9,-0.1511,0.7704,0.95,-0.1796,9954.43,1.12,10494.6436756757,0.948524819672746,-540.213675675677,At Risk,Simulated field-force metrics; Sales/Target = real+derived
321950,4,West,2016-05-01 00:00:00,26,22,0.846153846153846,516,457,0.885658914728682,-59,0.6653,0.9,-0.2347,0.7461,0.95,-0.2039,7090.56,1.13,10588.3458513514,0.669657007765293,-3497.78585135135,Critical,Simulated field-force metrics; Sales/Target = real+derived
321950,4,West,2016-06-01 00:00:00,26,24,0.923076923076923,524,442,0.843511450381679,-82,0.725,0.9,-0.175,0.7887,0.95,-0.1613,13070.62,1.14,10682.048027027,1.22360618178551,2388.57197297297,At Risk,Simulated field-force metrics; Sales/Target = real+derived
321950,4,West,2016-07-01 00:00:00,26,22,0.846153846153846,532,454,0.853383458646617,-78,0.8281,0.9,-0.0719000000000001,0.8192,0.95,-0.1308,19322.38,1.15,10775.7502027027,1.79313547887865,8546.6297972973,Healthy,Simulated field-force metrics; Sales/Target = real+derived
321950,4,West,2016-08-01 00:00:00,26,22,0.846153846153846,540,459,0.85,-81,0.7393,0.9,-0.1607,0.7561,0.95,-0.1939,13995.34,1.05,9838.72844594595,1.42247446678608,4156.61155405405,At Risk,Simulated field-force metrics; Sales/Target = real+derived
321950,4,West,2016-09-01 00:00:00,26,21,0.807692307692308,516,390,0.755813953488372,-126,0.7324,0.9,-0.1676,0.75,0.95,-0.2,12978.65,1.06,9932.43062162162,1.30669425183269,3046.21937837838,At Risk,Simulated field-force metrics; Sales/Target = real+derived
321950,4,West,2016-10-01 00:00:00,26,23,0.884615384615385,524,404,0.770992366412214,-120,0.6537,0.9,-0.2463,0.7429,0.95,-0.2071,93982.37,1.07,10026.1327972973,9.37374079319341,83956.2372027027,Critical,Simulated field-force metrics; Sales/Target = real+derived
321950,4,West,2016-11-01 00:00:00,26,22,0.846153846153846,532,423,0.795112781954887,-109,0.8169,0.9,-0.0831000000000001,0.7824,0.95,-0.1676,13234.99,1.08,10119.834972973,1.30782666272194,3115.15502702703,Healthy,Simulated field-force metrics; Sales/Target = real+derived
321950,4,West,2016-12-01 00:00:00,26,23,0.884615384615385,540,442,0.818518518518519,-98,0.7623,0.9,-0.1377,0.7665,0.95,-0.1835,19179.69,1.09,10213.5371486487,1.8778695099315,8966.15285135135,At Risk,Simulated field-force metrics; Sales/Target = real+derived
321950,4,West,2017-01-01 00:00:00,26,22,0.846153846153846,516,407,0.788759689922481,-109,0.7697,0.9,-0.1303,0.7885,0.95,-0.1615,2582.4,1.1,10307.2393243243,0.250542353654846,-7724.83932432433,Critical,Simulated field-force metrics; Sales/Target = real+derived
321960,4,West,2015-01-01 00:00:00,26,23,0.884615384615385,528,516,0.977272727272727,-12,0.9092,0.9,0.00919999999999999,0.9196,0.95,-0.0304,5267.28,1.11,10629.4333184211,0.495537235354935,-5362.15331842105,Critical,Simulated field-force metrics; Sales/Target = real+derived
321960,4,West,2015-02-01 00:00:00,26,24,0.923076923076923,536,500,0.932835820895522,-36,0.8639,0.9,-0.0361,0.9309,0.95,-0.0191,4643.59,1.12,10725.1939789474,0.432960933770985,-6081.60397894737,Critical,Simulated field-force metrics; Sales/Target = real+derived
321960,4,West,2015-03-01 00:00:00,26,23,0.884615384615385,544,489,0.898897058823529,-55,0.8375,0.9,-0.0625,0.9119,0.95,-0.0380999999999999,6095.66,1.13,10820.9546394737,0.563319984520006,-4725.29463947368,Critical,Simulated field-force metrics; Sales/Target = real+derived
321960,4,West,2015-04-01 00:00:00,26,24,0.923076923076923,552,502,0.909420289855073,-50,0.97,0.9,0.07,0.9754,0.95,0.0254000000000001,5510.15,1.14,10916.7153,0.504744316268832,-5406.5653,Critical,Simulated field-force metrics; Sales/Target = real+derived
321960,4,West,2015-05-01 00:00:00,26,25,0.961538461538462,528,511,0.96780303030303,-17,0.9591,0.9,0.0590999999999999,0.9152,0.95,-0.0347999999999999,5499.78,1.15,11012.4759605263,0.499413575994508,-5512.69596052632,Critical,Simulated field-force metrics; Sales/Target = real+derived
321960,4,West,2015-06-01 00:00:00,26,22,0.846153846153846,536,493,0.919776119402985,-43,0.9138,0.9,0.0137999999999999,0.9412,0.95,-0.00879999999999992,5361.56,1.05,10054.8693552632,0.533230200270432,-4693.30935526316,Critical,Simulated field-force metrics; Sales/Target = real+derived
321960,4,West,2015-07-01 00:00:00,26,24,0.923076923076923,544,538,0.988970588235294,-6,0.9077,0.9,0.00769999999999993,0.963,0.95,0.013,5508.86,1.06,10150.6300157895,0.542711141222848,-4641.77001578947,Critical,Simulated field-force metrics; Sales/Target = real+derived
321960,4,West,2015-08-01 00:00:00,26,23,0.884615384615385,552,493,0.893115942028986,-59,0.9508,0.9,0.0508,0.945,0.95,-0.005,4419.7,1.07,10246.3906763158,0.431342132036406,-5826.69067631579,Critical,Simulated field-force metrics; Sales/Target = real+derived
321960,4,West,2015-09-01 00:00:00,26,23,0.884615384615385,528,482,0.912878787878788,-46,0.8716,0.9,-0.0284,0.9048,0.95,-0.0451999999999999,5303.47,1.08,10342.1513368421,0.512801430501922,-5038.68133684211,Critical,Simulated field-force metrics; Sales/Target = real+derived
321960,4,West,2015-10-01 00:00:00,26,23,0.884615384615385,536,470,0.876865671641791,-66,0.8875,0.9,-0.0125000000000001,0.9112,0.95,-0.0387999999999999,5358.94,1.09,10437.9119973684,0.513411111470482,-5078.97199736842,Critical,Simulated field-force metrics; Sales/Target = real+derived
321960,4,West,2015-11-01 00:00:00,26,25,0.961538461538462,544,516,0.948529411764706,-28,0.9036,0.9,0.00359999999999994,0.9084,0.95,-0.0416,8481.41,1.1,10533.6726578947,0.805171213825729,-2052.26265789474,At Risk,Simulated field-force metrics; Sales/Target = real+derived
321960,4,West,2015-12-01 00:00:00,26,24,0.923076923076923,552,525,0.951086956521739,-27,0.9194,0.9,0.0194,0.9335,0.95,-0.0165,5232.26,1.11,10629.4333184211,0.49224261004887,-5397.17331842105,Critical,Simulated field-force metrics; Sales/Target = real+derived
321960,4,West,2016-01-01 00:00:00,26,25,0.961538461538462,528,495,0.9375,-33,0.922,0.9,0.022,0.92,0.95,-0.0299999999999999,6188.53,1.12,10725.1939789474,0.577008678085222,-4536.66397894737,Critical,Simulated field-force metrics; Sales/Target = real+derived
321960,4,West,2016-02-01 00:00:00,26,23,0.884615384615385,536,508,0.947761194029851,-28,0.9197,0.9,0.0196999999999999,0.9569,0.95,0.00690000000000002,5937.41,1.13,10820.9546394737,0.548695581657922,-4883.54463947368,Critical,Simulated field-force metrics; Sales/Target = real+derived
321960,4,West,2016-03-01 00:00:00,26,24,0.923076923076923,544,502,0.922794117647059,-42,0.866,0.9,-0.034,0.9481,0.95,-0.0018999999999999,5699.44,1.14,10916.7153,0.522083781006912,-5217.2753,Critical,Simulated field-force metrics; Sales/Target = real+derived
321960,4,West,2016-04-01 00:00:00,26,24,0.923076923076923,552,505,0.914855072463768,-47,0.9331,0.9,0.0331,0.9079,0.95,-0.0420999999999999,7677.4,1.15,11012.4759605263,0.697154756797587,-3335.07596052632,Critical,Simulated field-force metrics; Sales/Target = real+derived
321960,4,West,2016-05-01 00:00:00,26,23,0.884615384615385,528,523,0.990530303030303,-5,0.9247,0.9,0.0246999999999999,0.925,0.95,-0.0249999999999999,7573.07,1.05,10054.8693552632,0.753174380732846,-2481.79935526316,Critical,Simulated field-force metrics; Sales/Target = real+derived
321960,4,West,2016-06-01 00:00:00,26,24,0.923076923076923,536,505,0.942164179104478,-31,0.7982,0.9,-0.1018,0.8869,0.95,-0.0630999999999999,118076.94,1.06,10150.6300157895,11.6324740253885,107926.309984211,At Risk,Simulated field-force metrics; Sales/Target = real+derived
321960,4,West,2016-07-01 00:00:00,26,24,0.923076923076923,544,502,0.922794117647059,-42,0.9029,0.9,0.00290000000000001,0.9738,0.95,0.0238,12686.44,1.07,10246.3906763158,1.2381374476892,2440.04932368421,Healthy,Simulated field-force metrics; Sales/Target = real+derived
321960,4,West,2016-08-01 00:00:00,26,24,0.923076923076923,552,494,0.894927536231884,-58,0.9057,0.9,0.00569999999999993,0.9233,0.95,-0.0266999999999999,14957.91,1.08,10342.1513368421,1.4463054651613,4615.75866315789,Healthy,Simulated field-force metrics; Sales/Target = real+derived
321960,4,West,2016-09-01 00:00:00,26,24,0.923076923076923,528,488,0.924242424242424,-40,0.97,0.9,0.07,0.8659,0.95,-0.0841,17303.09,1.09,10437.9119973684,1.65771564316335,6865.17800263158,Healthy,Simulated field-force metrics; Sales/Target = real+derived
321960,4,West,2016-10-01 00:00:00,26,24,0.923076923076923,536,502,0.936567164179105,-34,0.8669,0.9,-0.0331,0.9604,0.95,0.0104000000000001,16861.52,1.1,10533.6726578947,1.60072564884221,6327.84734210526,Healthy,Simulated field-force metrics; Sales/Target = real+derived
321960,4,West,2016-11-01 00:00:00,26,24,0.923076923076923,544,509,0.935661764705882,-35,0.8848,0.9,-0.0152,0.9277,0.95,-0.0223,15127.21,1.11,10629.4333184211,1.42314360011876,4497.77668157895,Healthy,Simulated field-force metrics; Sales/Target = real+derived
321960,4,West,2016-12-01 00:00:00,26,24,0.923076923076923,552,515,0.932971014492754,-37,0.8877,0.9,-0.0123,0.9408,0.95,-0.00919999999999999,26301.19,1.12,10725.1939789474,2.45228105446176,15575.9960210526,Healthy,Simulated field-force metrics; Sales/Target = real+derived
321960,4,West,2017-01-01 00:00:00,26,24,0.923076923076923,528,469,0.888257575757576,-59,0.8575,0.9,-0.0425,0.8663,0.95,-0.0837,2666.79,1.13,10820.9546394737,0.246446832913599,-8154.16463947368,Critical,Simulated field-force metrics; Sales/Target = real+derived
321970,4,West,2015-01-01 00:00:00,26,23,0.884615384615385,540,448,0.82962962962963,-92,0.7824,0.9,-0.1176,0.7496,0.95,-0.2004,1850.66,1.14,7337.578992,0.252216705539761,-5486.918992,Critical,Simulated field-force metrics; Sales/Target = real+derived
321970,4,West,2015-02-01 00:00:00,26,24,0.923076923076923,548,436,0.795620437956204,-112,0.7706,0.9,-0.1294,0.8277,0.95,-0.1223,1636.87,1.15,7401.94372,0.221140562792607,-5765.07372,Critical,Simulated field-force metrics; Sales/Target = real+derived
321970,4,West,2015-03-01 00:00:00,26,22,0.846153846153846,556,444,0.798561151079137,-112,0.771,0.9,-0.129,0.8979,0.95,-0.0520999999999999,1847.22,1.05,6758.29644,0.273326276288644,-4911.07644,Critical,Simulated field-force metrics; Sales/Target = real+derived
321970,4,West,2015-04-01 00:00:00,26,23,0.884615384615385,564,499,0.884751773049645,-65,0.8069,0.9,-0.0931000000000001,0.8162,0.95,-0.1338,1909.91,1.06,6822.661168,0.27993622326695,-4912.751168,Critical,Simulated field-force metrics; Sales/Target = real+derived
321970,4,West,2015-05-01 00:00:00,26,22,0.846153846153846,540,466,0.862962962962963,-74,0.7123,0.9,-0.1877,0.8451,0.95,-0.1049,225.47,1.07,6887.025896,0.032738369712092,-6661.555896,Critical,Simulated field-force metrics; Sales/Target = real+derived
321970,4,West,2015-06-01 00:00:00,26,22,0.846153846153846,548,391,0.713503649635037,-157,0.7528,0.9,-0.1472,0.8181,0.95,-0.1319,10124.88,1.08,6951.390624,1.45652583024803,3173.489376,At Risk,Simulated field-force metrics; Sales/Target = real+derived
321970,4,West,2015-07-01 00:00:00,26,22,0.846153846153846,556,472,0.848920863309353,-84,0.735,0.9,-0.165,0.7468,0.95,-0.2032,1936.25,1.09,7015.755352,0.275985963428447,-5079.505352,Critical,Simulated field-force metrics; Sales/Target = real+derived
321970,4,West,2015-08-01 00:00:00,26,22,0.846153846153846,564,463,0.820921985815603,-101,0.7525,0.9,-0.1475,0.8381,0.95,-0.1119,1794.85,1.1,7080.12008,0.253505587436308,-5285.27008,Critical,Simulated field-force metrics; Sales/Target = real+derived
321970,4,West,2015-09-01 00:00:00,26,22,0.846153846153846,540,450,0.833333333333333,-90,0.7671,0.9,-0.1329,0.7428,0.95,-0.2072,2611.57,1.11,7144.484808,0.365536504056347,-4532.914808,Critical,Simulated field-force metrics; Sales/Target = real+derived
321970,4,West,2015-10-01 00:00:00,26,22,0.846153846153846,548,450,0.821167883211679,-98,0.8341,0.9,-0.0659000000000001,0.8276,0.95,-0.1224,3708.39,1.12,7208.849536,0.514421889579025,-3500.459536,Critical,Simulated field-force metrics; Sales/Target = real+derived
321970,4,West,2015-11-01 00:00:00,26,21,0.807692307692308,556,387,0.696043165467626,-169,0.7904,0.9,-0.1096,0.7974,0.95,-0.1526,3721.04,1.13,7273.214264,0.511608742013543,-3552.174264,Critical,Simulated field-force metrics; Sales/Target = real+derived
321970,4,West,2015-12-01 00:00:00,26,23,0.884615384615385,564,443,0.785460992907802,-121,0.777,0.9,-0.123,0.8284,0.95,-0.1216,3061.84,1.14,7337.578992,0.41728204947957,-4275.738992,Critical,Simulated field-force metrics; Sales/Target = real+derived
321970,4,West,2016-01-01 00:00:00,26,22,0.846153846153846,540,434,0.803703703703704,-106,0.7656,0.9,-0.1344,0.8161,0.95,-0.1339,8230.8,1.15,7401.94372,1.11197819266856,828.856279999999,At Risk,Simulated field-force metrics; Sales/Target = real+derived
321970,4,West,2016-02-01 00:00:00,26,22,0.846153846153846,548,471,0.859489051094891,-77,0.7486,0.9,-0.1514,0.748,0.95,-0.202,6129.7,1.05,6758.29644,0.906988921604628,-628.596440000001,At Risk,Simulated field-force metrics; Sales/Target = real+derived
321970,4,West,2016-03-01 00:00:00,26,24,0.923076923076923,556,443,0.796762589928058,-113,0.7448,0.9,-0.1552,0.7917,0.95,-0.1583,9056.92,1.06,6822.661168,1.32747615292391,2234.258832,At Risk,Simulated field-force metrics; Sales/Target = real+derived
321970,4,West,2016-04-01 00:00:00,26,22,0.846153846153846,564,454,0.804964539007092,-110,0.7641,0.9,-0.1359,0.7955,0.95,-0.1545,10320.53,1.07,6887.025896,1.49854671027071,3433.504104,At Risk,Simulated field-force metrics; Sales/Target = real+derived
321970,4,West,2016-05-01 00:00:00,26,22,0.846153846153846,540,392,0.725925925925926,-148,0.8305,0.9,-0.0695,0.8017,0.95,-0.1483,8948.75,1.08,6951.390624,1.28733234600628,1997.359376,Healthy,Simulated field-force metrics; Sales/Target = real+derived
321970,4,West,2016-06-01 00:00:00,26,23,0.884615384615385,548,419,0.764598540145985,-129,0.7482,0.9,-0.1518,0.771,0.95,-0.179,10735.23,1.09,7015.755352,1.53016025522322,3719.474648,At Risk,Simulated field-force metrics; Sales/Target = real+derived
321970,4,West,2016-07-01 00:00:00,26,23,0.884615384615385,556,443,0.796762589928058,-113,0.7913,0.9,-0.1087,0.7782,0.95,-0.1718,8637.13,1.1,7080.12008,1.21991292554462,1557.00992,At Risk,Simulated field-force metrics; Sales/Target = real+derived
321970,4,West,2016-08-01 00:00:00,26,22,0.846153846153846,564,457,0.810283687943262,-107,0.8097,0.9,-0.0903000000000001,0.7376,0.95,-0.2124,8832.79,1.11,7144.484808,1.23630887843859,1688.305192,Healthy,Simulated field-force metrics; Sales/Target = real+derived
321970,4,West,2016-09-01 00:00:00,26,22,0.846153846153846,540,401,0.742592592592593,-139,0.7267,0.9,-0.1733,0.7628,0.95,-0.1872,11262.07,1.12,7208.849536,1.56225621630175,4053.220464,At Risk,Simulated field-force metrics; Sales/Target = real+derived
321970,4,West,2016-10-01 00:00:00,26,21,0.807692307692308,548,433,0.79014598540146,-115,0.6942,0.9,-0.2058,0.7507,0.95,-0.1993,13206.63,1.13,7273.214264,1.81579003733857,5933.415736,Critical,Simulated field-force metrics; Sales/Target = real+derived
321970,4,West,2016-11-01 00:00:00,26,23,0.884615384615385,556,465,0.836330935251799,-91,0.7713,0.9,-0.1287,0.7628,0.95,-0.1872,12467.91,1.14,7337.578992,1.69918579596806,5130.331008,At Risk,Simulated field-force metrics; Sales/Target = real+derived
321970,4,West,2016-12-01 00:00:00,26,21,0.807692307692308,564,437,0.774822695035461,-127,0.7632,0.9,-0.1368,0.8271,0.95,-0.1229,15697.3,1.15,7401.94372,2.12069972345048,8295.35628,At Risk,Simulated field-force metrics; Sales/Target = real+derived
321970,4,West,2017-01-01 00:00:00,26,23,0.884615384615385,540,457,0.846296296296296,-83,0.7389,0.9,-0.1611,0.7939,0.95,-0.1561,0,1.05,6758.29644,0,-6758.29644,Critical,Simulated field-force metrics; Sales/Target = real+derived
321980,4,West,2015-01-01 00:00:00,26,23,0.884615384615385,552,494,0.894927536231884,-58,0.9271,0.9,0.0271,0.8416,0.95,-0.1084,8959.03,1.06,8503.52369189189,1.05356677121303,455.50630810811,Healthy,Simulated field-force metrics; Sales/Target = real+derived
321980,4,West,2015-02-01 00:00:00,26,23,0.884615384615385,560,532,0.95,-28,0.8045,0.9,-0.0955,0.8623,0.95,-0.0877,8780.19,1.07,8583.74561351351,1.02288562538214,196.444386486488,Healthy,Simulated field-force metrics; Sales/Target = real+derived
321980,4,West,2015-03-01 00:00:00,26,23,0.884615384615385,568,507,0.892605633802817,-61,0.7999,0.9,-0.1001,0.905,0.95,-0.0449999999999999,4418.85,1.08,8663.96753513513,0.51002614934557,-4245.11753513513,Critical,Simulated field-force metrics; Sales/Target = real+derived
321980,4,West,2015-04-01 00:00:00,26,24,0.923076923076923,576,531,0.921875,-45,0.8253,0.9,-0.0747,0.891,0.95,-0.0589999999999999,5621.27,1.09,8744.18945675676,0.642857754603701,-3122.91945675676,Critical,Simulated field-force metrics; Sales/Target = real+derived
321980,4,West,2015-05-01 00:00:00,26,23,0.884615384615385,552,491,0.889492753623188,-61,0.9312,0.9,0.0312,0.9072,0.95,-0.0428,9935.01,1.1,8824.41137837838,1.12585526376783,1110.59862162162,Healthy,Simulated field-force metrics; Sales/Target = real+derived
321980,4,West,2015-06-01 00:00:00,26,23,0.884615384615385,560,509,0.908928571428571,-51,0.8085,0.9,-0.0915,0.8435,0.95,-0.1065,8892.18,1.11,8904.6333,0.998601480871762,-12.4532999999992,Healthy,Simulated field-force metrics; Sales/Target = real+derived
321980,4,West,2015-07-01 00:00:00,26,23,0.884615384615385,568,502,0.883802816901409,-66,0.8886,0.9,-0.0114000000000001,0.9177,0.95,-0.0323,7953.49,1.12,8984.85522162162,0.885210702211462,-1031.36522162162,At Risk,Simulated field-force metrics; Sales/Target = real+derived
321980,4,West,2015-08-01 00:00:00,26,24,0.923076923076923,576,494,0.857638888888889,-82,0.8368,0.9,-0.0632,0.8992,0.95,-0.0508,7614.89,1.13,9065.07714324324,0.840024842554798,-1450.18714324324,At Risk,Simulated field-force metrics; Sales/Target = real+derived
321980,4,West,2015-09-01 00:00:00,26,23,0.884615384615385,552,492,0.891304347826087,-60,0.8712,0.9,-0.0288,0.8827,0.95,-0.0672999999999999,9462.17,1.14,9145.29906486486,1.03464850442699,316.870935135137,Healthy,Simulated field-force metrics; Sales/Target = real+derived
321980,4,West,2015-10-01 00:00:00,26,24,0.923076923076923,560,541,0.966071428571429,-19,0.8498,0.9,-0.0502,0.9329,0.95,-0.0171,21846.15,1.15,9225.52098648649,2.3680126067677,12620.6290135135,Healthy,Simulated field-force metrics; Sales/Target = real+derived
321980,4,West,2015-11-01 00:00:00,26,24,0.923076923076923,568,479,0.84330985915493,-89,0.8172,0.9,-0.0828,0.8576,0.95,-0.0923999999999999,9256.21,1.05,8423.30177027027,1.09888144250862,832.90822972973,Healthy,Simulated field-force metrics; Sales/Target = real+derived
321980,4,West,2015-12-01 00:00:00,26,23,0.884615384615385,576,518,0.899305555555556,-58,0.8773,0.9,-0.0227000000000001,0.9397,0.95,-0.0103,13868.31,1.06,8503.52369189189,1.63088979374791,5364.78630810811,Healthy,Simulated field-force metrics; Sales/Target = real+derived
321980,4,West,2016-01-01 00:00:00,26,24,0.923076923076923,552,488,0.884057971014493,-64,0.7829,0.9,-0.1171,0.8841,0.95,-0.0659,7916.94,1.07,8583.74561351351,0.922317640394218,-666.805613513513,At Risk,Simulated field-force metrics; Sales/Target = real+derived
321980,4,West,2016-02-01 00:00:00,26,23,0.884615384615385,560,509,0.908928571428571,-51,0.9295,0.9,0.0295,0.9471,0.95,-0.0028999999999999,7732.89,1.08,8663.96753513513,0.892534507849975,-931.077535135135,At Risk,Simulated field-force metrics; Sales/Target = real+derived
321980,4,West,2016-03-01 00:00:00,26,24,0.923076923076923,568,491,0.86443661971831,-77,0.8378,0.9,-0.0622,0.8866,0.95,-0.0633999999999999,12511.6,1.09,8744.18945675676,1.43084731430792,3767.41054324324,Healthy,Simulated field-force metrics; Sales/Target = real+derived
321980,4,West,2016-04-01 00:00:00,26,23,0.884615384615385,576,531,0.921875,-45,0.8683,0.9,-0.0317000000000001,0.8564,0.95,-0.0935999999999999,6542.45,1.1,8824.41137837838,0.741403558772243,-2281.96137837838,Critical,Simulated field-force metrics; Sales/Target = real+derived
321980,4,West,2016-05-01 00:00:00,26,24,0.923076923076923,552,500,0.905797101449275,-52,0.7953,0.9,-0.1047,0.8817,0.95,-0.0682999999999999,5608.76,1.11,8904.6333,0.62986984539835,-3295.8733,Critical,Simulated field-force metrics; Sales/Target = real+derived
321980,4,West,2016-06-01 00:00:00,26,24,0.923076923076923,560,527,0.941071428571429,-33,0.844,0.9,-0.0560000000000001,0.9198,0.95,-0.0302,5833.17,1.12,8984.85522162162,0.649222481177299,-3151.68522162162,Critical,Simulated field-force metrics; Sales/Target = real+derived
321980,4,West,2016-07-01 00:00:00,26,24,0.923076923076923,568,483,0.850352112676056,-85,0.8063,0.9,-0.0937,0.9244,0.95,-0.0256,4648.34,1.13,9065.07714324324,0.512774455920068,-4416.73714324324,Critical,Simulated field-force metrics; Sales/Target = real+derived
321980,4,West,2016-08-01 00:00:00,26,24,0.923076923076923,576,527,0.914930555555556,-49,0.9081,0.9,0.0081,0.9374,0.95,-0.0125999999999999,5786.59,1.14,9145.29906486486,0.632739285938869,-3358.70906486486,Critical,Simulated field-force metrics; Sales/Target = real+derived
321980,4,West,2016-09-01 00:00:00,26,24,0.923076923076923,552,478,0.865942028985507,-74,0.9164,0.9,0.0164,0.9204,0.95,-0.0296,10168.44,1.15,9225.52098648649,1.10220767096999,942.919013513514,Healthy,Simulated field-force metrics; Sales/Target = real+derived
321980,4,West,2016-10-01 00:00:00,26,23,0.884615384615385,560,490,0.875,-70,0.8648,0.9,-0.0352,0.8354,0.95,-0.1146,12820.34,1.05,8423.30177027027,1.52200886892702,4397.03822972973,Healthy,Simulated field-force metrics; Sales/Target = real+derived
321980,4,West,2016-11-01 00:00:00,26,24,0.923076923076923,568,491,0.86443661971831,-77,0.8688,0.9,-0.0312,0.8763,0.95,-0.0737,11831.36,1.06,8503.52369189189,1.39134791983718,3327.83630810811,Healthy,Simulated field-force metrics; Sales/Target = real+derived
321980,4,West,2016-12-01 00:00:00,26,23,0.884615384615385,576,502,0.871527777777778,-74,0.8501,0.9,-0.0499000000000001,0.9579,0.95,0.00790000000000002,13853.58,1.07,8583.74561351351,1.61393179897947,5269.83438648649,Healthy,Simulated field-force metrics; Sales/Target = real+derived
321980,4,West,2017-01-01 00:00:00,26,24,0.923076923076923,552,506,0.916666666666667,-46,0.8549,0.9,-0.0451,0.922,0.95,-0.0279999999999999,0,1.08,8663.96753513513,0,-8663.96753513513,Critical,Simulated field-force metrics; Sales/Target = real+derived
321990,4,West,2015-01-01 00:00:00,26,23,0.884615384615385,480,364,0.758333333333333,-116,0.7308,0.9,-0.1692,0.7,0.95,-0.25,0,1.09,19475.4053391304,0,-19475.4053391304,Critical,Simulated field-force metrics; Sales/Target = real+derived
321990,4,West,2015-02-01 00:00:00,26,23,0.884615384615385,488,427,0.875,-61,0.7363,0.9,-0.1637,0.6902,0.95,-0.2598,2549.48,1.1,19654.0787826087,0.129717603567152,-17104.5987826087,Critical,Simulated field-force metrics; Sales/Target = real+derived
321990,4,West,2015-03-01 00:00:00,26,22,0.846153846153846,496,375,0.756048387096774,-121,0.7103,0.9,-0.1897,0.7826,0.95,-0.1674,2485.13,1.11,19832.752226087,0.12530434362666,-17347.622226087,Critical,Simulated field-force metrics; Sales/Target = real+derived
321990,4,West,2015-04-01 00:00:00,26,22,0.846153846153846,504,389,0.771825396825397,-115,0.7108,0.9,-0.1892,0.7652,0.95,-0.1848,2598.7,1.12,20011.4256695652,0.129860812663252,-17412.7256695652,Critical,Simulated field-force metrics; Sales/Target = real+derived
321990,4,West,2015-05-01 00:00:00,26,22,0.846153846153846,480,359,0.747916666666667,-121,0.7219,0.9,-0.1781,0.7743,0.95,-0.1757,2633.63,1.13,20190.0991130435,0.130441657827157,-17556.4691130435,Critical,Simulated field-force metrics; Sales/Target = real+derived
321990,4,West,2015-06-01 00:00:00,26,22,0.846153846153846,488,359,0.735655737704918,-129,0.7681,0.9,-0.1319,0.6735,0.95,-0.2765,2111.72,1.14,20368.7725565217,0.103674386570921,-18257.0525565217,Critical,Simulated field-force metrics; Sales/Target = real+derived
321990,4,West,2015-07-01 00:00:00,26,22,0.846153846153846,496,381,0.768145161290323,-115,0.7387,0.9,-0.1613,0.7846,0.95,-0.1654,2885.34,1.15,20547.446,0.14042329153706,-17662.106,Critical,Simulated field-force metrics; Sales/Target = real+derived
321990,4,West,2015-08-01 00:00:00,26,23,0.884615384615385,504,385,0.763888888888889,-119,0.754,0.9,-0.146,0.7741,0.95,-0.1759,2664.82,1.05,18760.7115652174,0.142042586750313,-16095.8915652174,Critical,Simulated field-force metrics; Sales/Target = real+derived
321990,4,West,2015-09-01 00:00:00,26,21,0.807692307692308,480,417,0.86875,-63,0.6832,0.9,-0.2168,0.7713,0.95,-0.1787,2679.75,1.06,18939.3850086957,0.141490866718726,-16259.6350086957,Critical,Simulated field-force metrics; Sales/Target = real+derived
321990,4,West,2015-10-01 00:00:00,26,22,0.846153846153846,488,392,0.80327868852459,-96,0.7162,0.9,-0.1838,0.7905,0.95,-0.1595,3278.37,1.07,19118.0584521739,0.171480279140334,-15839.6884521739,Critical,Simulated field-force metrics; Sales/Target = real+derived
321990,4,West,2015-11-01 00:00:00,26,21,0.807692307692308,496,392,0.790322580645161,-104,0.7138,0.9,-0.1862,0.7375,0.95,-0.2125,2777.25,1.08,19296.7318956522,0.143923334532401,-16519.4818956522,Critical,Simulated field-force metrics; Sales/Target = real+derived
321990,4,West,2015-12-01 00:00:00,26,22,0.846153846153846,504,421,0.83531746031746,-83,0.7215,0.9,-0.1785,0.7897,0.95,-0.1603,8940.76,1.09,19475.4053391304,0.459079533612377,-10534.6453391304,Critical,Simulated field-force metrics; Sales/Target = real+derived
321990,4,West,2016-01-01 00:00:00,26,22,0.846153846153846,480,363,0.75625,-117,0.7245,0.9,-0.1755,0.7524,0.95,-0.1976,7279.17,1.1,19654.0787826087,0.370364344241925,-12374.9087826087,Critical,Simulated field-force metrics; Sales/Target = real+derived
321990,4,West,2016-02-01 00:00:00,26,22,0.846153846153846,488,395,0.809426229508197,-93,0.7417,0.9,-0.1583,0.7098,0.95,-0.2402,6496.57,1.11,19832.752226087,0.32756774883996,-13336.182226087,Critical,Simulated field-force metrics; Sales/Target = real+derived
321990,4,West,2016-03-01 00:00:00,26,21,0.807692307692308,496,401,0.808467741935484,-95,0.705,0.9,-0.195,0.7705,0.95,-0.1795,7963.3,1.12,20011.4256695652,0.39793766478673,-12048.1256695652,Critical,Simulated field-force metrics; Sales/Target = real+derived
321990,4,West,2016-04-01 00:00:00,26,23,0.884615384615385,504,374,0.742063492063492,-130,0.6841,0.9,-0.2159,0.8154,0.95,-0.1346,7007.47,1.13,20190.0991130435,0.347074571589049,-13182.6291130435,Critical,Simulated field-force metrics; Sales/Target = real+derived
321990,4,West,2016-05-01 00:00:00,26,22,0.846153846153846,480,372,0.775,-108,0.7008,0.9,-0.1992,0.7414,0.95,-0.2086,6184.87,1.14,20368.7725565217,0.303644708233521,-14183.9025565217,Critical,Simulated field-force metrics; Sales/Target = real+derived
321990,4,West,2016-06-01 00:00:00,26,21,0.807692307692308,488,404,0.827868852459016,-84,0.7063,0.9,-0.1937,0.7984,0.95,-0.1516,18094.89,1.15,20547.446,0.880639374840065,-2452.556,At Risk,Simulated field-force metrics; Sales/Target = real+derived
321990,4,West,2016-07-01 00:00:00,26,22,0.846153846153846,496,372,0.75,-124,0.7186,0.9,-0.1814,0.6701,0.95,-0.2799,12181.48,1.05,18760.7115652174,0.649307994403828,-6579.23156521739,Critical,Simulated field-force metrics; Sales/Target = real+derived
321990,4,West,2016-08-01 00:00:00,26,22,0.846153846153846,504,396,0.785714285714286,-108,0.7624,0.9,-0.1376,0.7025,0.95,-0.2475,12277.45,1.06,18939.3850086957,0.648249665676211,-6661.93500869565,Critical,Simulated field-force metrics; Sales/Target = real+derived
321990,4,West,2016-09-01 00:00:00,26,23,0.884615384615385,480,396,0.825,-84,0.7773,0.9,-0.1227,0.7689,0.95,-0.1811,15433.28,1.07,19118.0584521739,0.807261890040151,-3684.77845217391,At Risk,Simulated field-force metrics; Sales/Target = real+derived
321990,4,West,2016-10-01 00:00:00,26,23,0.884615384615385,488,358,0.733606557377049,-130,0.7585,0.9,-0.1415,0.7409,0.95,-0.2091,14312.86,1.08,19296.7318956522,0.741724561309,-4983.87189565217,Critical,Simulated field-force metrics; Sales/Target = real+derived
321990,4,West,2016-11-01 00:00:00,26,21,0.807692307692308,496,371,0.747983870967742,-125,0.7337,0.9,-0.1663,0.7354,0.95,-0.2146,11699.19,1.09,19475.4053391304,0.600716123555781,-7776.21533913043,Critical,Simulated field-force metrics; Sales/Target = real+derived
321990,4,West,2016-12-01 00:00:00,26,22,0.846153846153846,504,363,0.720238095238095,-141,0.6591,0.9,-0.2409,0.8011,0.95,-0.1489,256413.44,1.1,19654.0787826087,13.046321979074,236759.361217391,Critical,Simulated field-force metrics; Sales/Target = real+derived
321990,4,West,2017-01-01 00:00:00,26,23,0.884615384615385,480,360,0.75,-120,0.7334,0.9,-0.1666,0.7999,0.95,-0.1501,0,1.11,19832.752226087,0,-19832.752226087,Critical,Simulated field-force metrics; Sales/Target = real+derived
